#
# A fatal error has been detected by the Java Runtime Environment:
#
#  EXCEPTION_ACCESS_VIOLATION (0xc0000005) at pc=0x00007ffa5828daa3, pid=20092, tid=8236
#
# JRE version: Java(TM) SE Runtime Environment 18.9 (11.0.32.1+1) (build 11.0.32.1+1-LTS-5)
# Java VM: Java HotSpot(TM) 64-Bit Server VM 18.9 (11.0.32.1+1-LTS-5, mixed mode, tiered, compressed oops, g1 gc, windows-amd64)
# Problematic frame:
# V  [jvm.dll+0x36daa3]
#
# No core dump will be written. Minidumps are not enabled by default on client versions of Windows
#
# If you would like to submit a bug report, please visit:
#   https://bugreport.java.com/bugreport/crash.jsp
#

---------------  S U M M A R Y ------------

Command Line: -javaagent:C:\Program Files\JetBrains\IntelliJ IDEA 2026.2.0.1\lib\idea_rt.jar=55379 -Dfile.encoding=UTF-8 com.ecommerce.analytics.MainApp

Host: Intel(R) Core(TM) i7-6600U CPU @ 2.60GHz, 4 cores, 15G,  Windows 11 , 64 bit Build 22000 (10.0.22000.2836)
Time: Thu Oct  1 23:05:07 2026 Afr. centrale Ouest elapsed time: 25.486038 seconds (0d 0h 0m 25s)

---------------  T H R E A D  ---------------

Current thread (0x000002387dd0c000):  JavaThread "C2 CompilerThread0" daemon [_thread_in_native, id=8236, stack(0x0000009507d00000,0x0000009507e00000)]


Current CompileTask:
C2:  25486 11861       4       java.io.ObjectInputStream::readClassDesc (123 bytes)

Stack: [0x0000009507d00000,0x0000009507e00000],  sp=0x0000009507dfbb10,  free space=1006k
Native frames: (J=compiled Java code, j=interpreted, Vv=VM code, C=native code)
V  [jvm.dll+0x36daa3]
V  [jvm.dll+0x1a5247]
V  [jvm.dll+0x214438]
V  [jvm.dll+0x213256]
V  [jvm.dll+0x18f111]
V  [jvm.dll+0x223a6b]
V  [jvm.dll+0x221d88]
V  [jvm.dll+0x770944]
V  [jvm.dll+0x769154]
V  [jvm.dll+0x6679a5]
C  [ucrtbase.dll+0x26c0c]
C  [KERNEL32.DLL+0x153e0]
C  [ntdll.dll+0x485b]


siginfo: EXCEPTION_ACCESS_VIOLATION (0xc0000005), reading address 0x0000000000000028


Register to memory mapping:

RIP=0x00007ffa5828daa3 jvm.dll
RAX=0x0000009507dfc170 is pointing into the stack for thread: 0x000002387dd0c000
RBX=0x000002381ba5af50 points into unknown readable memory: 0x3de20129240398bf | bf 98 03 24 29 01 e2 3d
RCX=0x7ff0000000000000 is an unknown value
RDX=0x000002387f6ba1a0 points into unknown readable memory: 0x0000000001c00000 | 00 00 c0 01 00 00 00 00
RSP=0x0000009507dfbb10 is pointing into the stack for thread: 0x000002387dd0c000
RBP=0x0000009507dfbc10 is pointing into the stack for thread: 0x000002387dd0c000
RSI=0x0000000000000028 is an unknown value
RDI=0x0 is NULL
R8 =0x0 is NULL
R9 =0x0 is NULL
R10=0x00007ffa57f20000 jvm.dll
R11=0x0000009507dfc170 is pointing into the stack for thread: 0x000002387dd0c000
R12=0x0 is NULL
R13=0x000002381381ec58 points into unknown readable memory: 0x00007ffa58798ab0 | b0 8a 79 58 fa 7f 00 00
R14=0x0000000000001418 is an unknown value
R15=0x0000023815ca45b0 points into unknown readable memory: 0x00007ffa587acfe8 | e8 cf 7a 58 fa 7f 00 00


Registers:
RAX=0x0000009507dfc170, RBX=0x000002381ba5af50, RCX=0x7ff0000000000000, RDX=0x000002387f6ba1a0
RSP=0x0000009507dfbb10, RBP=0x0000009507dfbc10, RSI=0x0000000000000028, RDI=0x0000000000000000
R8 =0x0000000000000000, R9 =0x0000000000000000, R10=0x00007ffa57f20000, R11=0x0000009507dfc170
R12=0x0000000000000000, R13=0x000002381381ec58, R14=0x0000000000001418, R15=0x0000023815ca45b0
RIP=0x00007ffa5828daa3, EFLAGS=0x0000000000010246

Top of Stack: (sp=0x0000009507dfbb10)
0x0000009507dfbb10:   3e30510d48a3426d 0000009507dfbc10
0x0000009507dfbb20:   0000000000000028 00007ffad69a250d
0x0000009507dfbb30:   0000009507dfbb68 3e35616000000006
0x0000009507dfbb40:   0000002800000001 0000000d0000000c
0x0000009507dfbb50:   0000023800000000 0000000c0000001d
0x0000009507dfbb60:   0000023800001418 0000002600000000
0x0000009507dfbb70:   0000000e00000020 0000000000000000
0x0000009507dfbb80:   000002381381ec78 0000014600000027
0x0000009507dfbb90:   0000023800000000 00000000000000f0
0x0000009507dfbba0:   0000023800000011 000002387f6ba5a8
0x0000009507dfbbb0:   0000023813bb8668 0000000000000000
0x0000009507dfbbc0:   000002387f57a080 00007ffa57fd5141
0x0000009507dfbbd0:   0000023811e49fb8 0000009507dfbe30
0x0000009507dfbbe0:   0000009507dfbe50 0000009507dfbe50
0x0000009507dfbbf0:   000002387f57a080 00007ffa5847bd39
0x0000009507dfbc00:   000002387f57a080 0000000000000531 

Instructions: (pc=0x00007ffa5828daa3)
0x00007ffa5828da83:   7f 00 00 00 48 83 7b 18 ff 74 78 41 83 7f 20 01
0x00007ffa5828da93:   75 71 49 8b 47 10 4c 8b 00 48 8b 85 e0 00 00 00
0x00007ffa5828daa3:   41 8b 50 28 48 8b 40 48 48 8b 48 78 4c 39 2c d1
0x00007ffa5828dab3:   75 51 8b 95 f0 00 00 00 49 8b cf 44 8b 4c 24 78 


Stack slot to memory mapping:
stack at sp + 0 slots: 0x3e30510d48a3426d is an unknown value
stack at sp + 1 slots: 0x0000009507dfbc10 is pointing into the stack for thread: 0x000002387dd0c000
stack at sp + 2 slots: 0x0000000000000028 is an unknown value
stack at sp + 3 slots: 0x00007ffad69a250d KERNELBASE.dll
stack at sp + 4 slots: 0x0000009507dfbb68 is pointing into the stack for thread: 0x000002387dd0c000
stack at sp + 5 slots: 0x3e35616000000006 is an unknown value
stack at sp + 6 slots: 0x0000002800000001 is an unknown value
stack at sp + 7 slots: 0x0000000d0000000c is an unknown value


---------------  P R O C E S S  ---------------

Threads class SMR info:
_java_thread_list=0x0000023815ffa000, length=107, elements={
0x0000023869fce800, 0x000002387dcb2000, 0x000002387dcbc800, 0x000002387dd05800,
0x000002387dd06800, 0x000002387dd08800, 0x000002387dd0c000, 0x000002387dd0f800,
0x000002387dd2b800, 0x000002387df94800, 0x000002387e31f000, 0x000002380f9db800,
0x000002380ffa9800, 0x000002380fe88800, 0x000002380fccb800, 0x000002380ff2a800,
0x00000238111b7800, 0x00000238111b8800, 0x00000238111b9000, 0x00000238111ba000,
0x000002380fc83000, 0x000002380fc85000, 0x000002380fc86800, 0x000002380fc88000,
0x000002380fc82800, 0x000002380fc85800, 0x000002380fc84000, 0x000002380fc87800,
0x000002380fc89000, 0x00000238112ab000, 0x00000238112ad000, 0x00000238112ac000,
0x00000238112b3800, 0x00000238112b2800, 0x00000238112b0000, 0x00000238112ad800,
0x00000238112ae800, 0x00000238112b4000, 0x00000238112b1800, 0x00000238112b5000,
0x00000238112b1000, 0x00000238112af800, 0x00000238112b6800, 0x00000238112b6000,
0x00000238112b7800, 0x00000238112b9000, 0x00000238112ba000, 0x00000238112b8800,
0x00000238110e7000, 0x00000238110e6000, 0x00000238110e9800, 0x00000238110e4000,
0x0000023811b4d800, 0x00000238110e8800, 0x00000238110ea800, 0x00000238110e4800,
0x00000238110eb000, 0x00000238110e5800, 0x00000238110f0000, 0x00000238110f1800,
0x00000238110f1000, 0x00000238110ed000, 0x00000238110ed800, 0x00000238110ec000,
0x00000238110f2800, 0x00000238110ee800, 0x00000238110ef000, 0x0000023811618800,
0x0000023811619800, 0x0000023811617800, 0x000002381161a000, 0x0000023811616000,
0x0000023811614800, 0x000002381161b000, 0x0000023811615000, 0x000002381161c000,
0x000002381161c800, 0x0000023811617000, 0x000002381161f000, 0x0000023811623000,
0x0000023811620800, 0x000002381161d800, 0x000002381161e000, 0x0000023811620000,
0x0000023811621800, 0x0000023811622800, 0x00000238155f3800, 0x00000238155f4000,
0x00000238155f2800, 0x00000238155f5000, 0x00000238155f6000, 0x00000238155f1000,
0x00000238155f1800, 0x00000238155f0000, 0x00000238155fa000, 0x00000238155fa800,
0x00000238155fb800, 0x00000238155fc800, 0x00000238155f6800, 0x00000238155fd000,
0x00000238155f7800, 0x00000238155fe000, 0x00000238155f8000, 0x00000238155ff000,
0x00000238155f9000, 0x000002387f78c800, 0x000002387f78d800
}

Java Threads: ( => current thread )
  0x0000023869fce800 JavaThread "main" [_thread_blocked, id=21672, stack(0x0000009507100000,0x0000009507200000)]
  0x000002387dcb2000 JavaThread "Reference Handler" daemon [_thread_blocked, id=16780, stack(0x0000009507800000,0x0000009507900000)]
  0x000002387dcbc800 JavaThread "Finalizer" daemon [_thread_blocked, id=17404, stack(0x0000009507900000,0x0000009507a00000)]
  0x000002387dd05800 JavaThread "Signal Dispatcher" daemon [_thread_blocked, id=21116, stack(0x0000009507a00000,0x0000009507b00000)]
  0x000002387dd06800 JavaThread "Attach Listener" daemon [_thread_blocked, id=9316, stack(0x0000009507b00000,0x0000009507c00000)]
  0x000002387dd08800 JavaThread "Service Thread" daemon [_thread_blocked, id=19516, stack(0x0000009507c00000,0x0000009507d00000)]
=>0x000002387dd0c000 JavaThread "C2 CompilerThread0" daemon [_thread_in_native, id=8236, stack(0x0000009507d00000,0x0000009507e00000)]
  0x000002387dd0f800 JavaThread "C1 CompilerThread0" daemon [_thread_blocked, id=19284, stack(0x0000009507e00000,0x0000009507f00000)]
  0x000002387dd2b800 JavaThread "Sweeper thread" daemon [_thread_blocked, id=19452, stack(0x0000009507f00000,0x0000009508000000)]
  0x000002387df94800 JavaThread "Common-Cleaner" daemon [_thread_blocked, id=21496, stack(0x0000009508000000,0x0000009508100000)]
  0x000002387e31f000 JavaThread "Monitor Ctrl-Break" daemon [_thread_in_native, id=15540, stack(0x0000009508100000,0x0000009508200000)]
  0x000002380f9db800 JavaThread "rpc-boss-3-1" daemon [_thread_in_native, id=21492, stack(0x0000009508600000,0x0000009508700000)]
  0x000002380ffa9800 JavaThread "dispatcher-event-loop-0" daemon [_thread_blocked, id=14816, stack(0x0000009508700000,0x0000009508800000)]
  0x000002380fe88800 JavaThread "dispatcher-event-loop-1" daemon [_thread_blocked, id=11132, stack(0x0000009508800000,0x0000009508900000)]
  0x000002380fccb800 JavaThread "dispatcher-event-loop-2" daemon [_thread_blocked, id=11648, stack(0x0000009508900000,0x0000009508a00000)]
  0x000002380ff2a800 JavaThread "dispatcher-event-loop-3" daemon [_thread_blocked, id=11404, stack(0x0000009508a00000,0x0000009508b00000)]
  0x00000238111b7800 JavaThread "map-output-dispatcher-0" daemon [_thread_blocked, id=19264, stack(0x0000009508b00000,0x0000009508c00000)]
  0x00000238111b8800 JavaThread "map-output-dispatcher-1" daemon [_thread_blocked, id=8024, stack(0x0000009508c00000,0x0000009508d00000)]
  0x00000238111b9000 JavaThread "map-output-dispatcher-2" daemon [_thread_blocked, id=13320, stack(0x0000009508d00000,0x0000009508e00000)]
  0x00000238111ba000 JavaThread "map-output-dispatcher-3" daemon [_thread_blocked, id=22352, stack(0x0000009508e00000,0x0000009508f00000)]
  0x000002380fc83000 JavaThread "map-output-dispatcher-4" daemon [_thread_blocked, id=20056, stack(0x0000009508f00000,0x0000009509000000)]
  0x000002380fc85000 JavaThread "map-output-dispatcher-5" daemon [_thread_blocked, id=20920, stack(0x0000009509000000,0x0000009509100000)]
  0x000002380fc86800 JavaThread "map-output-dispatcher-6" daemon [_thread_blocked, id=11800, stack(0x0000009509100000,0x0000009509200000)]
  0x000002380fc88000 JavaThread "map-output-dispatcher-7" daemon [_thread_blocked, id=13324, stack(0x0000009509200000,0x0000009509300000)]
  0x000002380fc82800 JavaThread "dispatcher-BlockManagerMaster" daemon [_thread_blocked, id=16792, stack(0x0000009509300000,0x0000009509400000)]
  0x000002380fc85800 JavaThread "dispatcher-BlockManagerEndpoint1" daemon [_thread_blocked, id=16312, stack(0x0000009509400000,0x0000009509500000)]
  0x000002380fc84000 JavaThread "RemoteBlock-temp-file-clean-thread" daemon [_thread_blocked, id=9796, stack(0x0000009509500000,0x0000009509600000)]
  0x000002380fc87800 JavaThread "SparkUI-32" daemon [_thread_in_native, id=2300, stack(0x0000009509700000,0x0000009509800000)]
  0x000002380fc89000 JavaThread "SparkUI-33" daemon [_thread_in_native, id=23704, stack(0x0000009509800000,0x0000009509900000)]
  0x00000238112ab000 JavaThread "SparkUI-34-acceptor-0@49d8372-ServerConnector@a5a6d91{HTTP/1.1, (http/1.1)}{0.0.0.0:4040}" daemon [_thread_in_native, id=22396, stack(0x0000009509900000,0x0000009509a00000)]
  0x00000238112ad000 JavaThread "SparkUI-35" daemon [_thread_blocked, id=17040, stack(0x0000009509a00000,0x0000009509b00000)]
  0x00000238112ac000 JavaThread "SparkUI-36" daemon [_thread_blocked, id=16856, stack(0x0000009509b00000,0x0000009509c00000)]
  0x00000238112b3800 JavaThread "SparkUI-37" daemon [_thread_blocked, id=9676, stack(0x0000009509c00000,0x0000009509d00000)]
  0x00000238112b2800 JavaThread "SparkUI-38" daemon [_thread_blocked, id=12540, stack(0x0000009509d00000,0x0000009509e00000)]
  0x00000238112b0000 JavaThread "SparkUI-39" daemon [_thread_blocked, id=9988, stack(0x0000009509e00000,0x0000009509f00000)]
  0x00000238112ad800 JavaThread "dispatcher-HeartbeatReceiver" daemon [_thread_blocked, id=10984, stack(0x0000009509f00000,0x000000950a000000)]
  0x00000238112ae800 JavaThread "heartbeat-receiver-event-loop-thread" daemon [_thread_blocked, id=16348, stack(0x000000950a000000,0x000000950a100000)]
  0x00000238112b4000 JavaThread "netty-rpc-env-timeout" daemon [_thread_blocked, id=15236, stack(0x000000950a100000,0x000000950a200000)]
  0x00000238112b1800 JavaThread "task-starvation-timer" daemon [_thread_blocked, id=21024, stack(0x000000950a200000,0x000000950a300000)]
  0x00000238112b5000 JavaThread "task-abort-timer" daemon [_thread_blocked, id=22308, stack(0x000000950a300000,0x000000950a400000)]
  0x00000238112b1000 JavaThread "dag-scheduler-event-loop" daemon [_thread_blocked, id=20700, stack(0x000000950a400000,0x000000950a500000)]
  0x00000238112af800 JavaThread "driver-heartbeater" daemon [_thread_blocked, id=16344, stack(0x000000950a500000,0x000000950a600000)]
  0x00000238112b6800 JavaThread "executor-kill-mark-cleanup" daemon [_thread_blocked, id=14664, stack(0x000000950a600000,0x000000950a700000)]
  0x00000238112b6000 JavaThread "executor-heartbeater" daemon [_thread_blocked, id=22436, stack(0x000000950a700000,0x000000950a800000)]
  0x00000238112b7800 JavaThread "shuffle-boss-6-1" daemon [_thread_in_native, id=2204, stack(0x000000950a800000,0x000000950a900000)]
  0x00000238112b9000 JavaThread "Spark Context Cleaner" daemon [_thread_blocked, id=18460, stack(0x0000009509600000,0x0000009509700000)]
  0x00000238112ba000 JavaThread "context-cleaner-periodic-gc" daemon [_thread_blocked, id=15744, stack(0x000000950a900000,0x000000950aa00000)]
  0x00000238112b8800 JavaThread "spark-listener-group-appStatus" daemon [_thread_blocked, id=14872, stack(0x000000950aa00000,0x000000950ab00000)]
  0x00000238110e7000 JavaThread "spark-listener-group-executorManagement" daemon [_thread_blocked, id=21576, stack(0x000000950ab00000,0x000000950ac00000)]
  0x00000238110e6000 JavaThread "element-tracking-store-worker" daemon [_thread_blocked, id=16256, stack(0x000000950ac00000,0x000000950ad00000)]
  0x00000238110e9800 JavaThread "spark-listener-group-shared" daemon [_thread_blocked, id=3920, stack(0x000000950ad00000,0x000000950ae00000)]
  0x00000238110e4000 JavaThread "org.apache.hadoop.fs.FileSystem$Statistics$StatisticsDataReferenceCleaner" daemon [_thread_blocked, id=10424, stack(0x000000950af00000,0x000000950b000000)]
  0x0000023811b4d800 JavaThread "C2 CompilerThread1" daemon [_thread_in_native, id=14284, stack(0x000000950ae00000,0x000000950af00000)]
  0x00000238110e8800 JavaThread "Executor task launch worker for task 0.0 in stage 19.0 (TID 21)" daemon [_thread_in_Java, id=4600, stack(0x000000950b000000,0x000000950b100000)]
  0x00000238110ea800 JavaThread "Executor task launch worker for task 0.0 in stage 5.0 (TID 13)" daemon [_thread_blocked, id=19768, stack(0x000000950b100000,0x000000950b200000)]
  0x00000238110e4800 JavaThread "Executor task launch worker for task 0.0 in stage 7.0 (TID 17)" daemon [_thread_blocked, id=20584, stack(0x000000950b200000,0x000000950b300000)]
  0x00000238110eb000 JavaThread "Executor task launch worker for task 1.0 in stage 5.0 (TID 14)" daemon [_thread_blocked, id=8212, stack(0x000000950b300000,0x000000950b400000)]
  0x00000238110e5800 JavaThread "task-result-getter-0" daemon [_thread_blocked, id=2328, stack(0x000000950b400000,0x000000950b500000)]
  0x00000238110f0000 JavaThread "task-result-getter-1" daemon [_thread_blocked, id=10756, stack(0x000000950b500000,0x000000950b600000)]
  0x00000238110f1800 JavaThread "task-result-getter-2" daemon [_thread_blocked, id=13824, stack(0x000000950b600000,0x000000950b700000)]
  0x00000238110f1000 JavaThread "task-result-getter-3" daemon [_thread_blocked, id=16436, stack(0x000000950b700000,0x000000950b800000)]
  0x00000238110ed000 JavaThread "QueryStageCreator-0" daemon [_thread_blocked, id=22120, stack(0x000000950b800000,0x000000950b900000)]
  0x00000238110ed800 JavaThread "QueryStageCreator-1" daemon [_thread_blocked, id=16380, stack(0x000000950b900000,0x000000950ba00000)]
  0x00000238110ec000 JavaThread "block-manager-storage-async-thread-pool-0" daemon [_thread_blocked, id=17228, stack(0x000000950ba00000,0x000000950bb00000)]
  0x00000238110f2800 JavaThread "block-manager-storage-async-thread-pool-1" daemon [_thread_blocked, id=18668, stack(0x000000950bb00000,0x000000950bc00000)]
  0x00000238110ee800 JavaThread "block-manager-storage-async-thread-pool-2" daemon [_thread_blocked, id=19568, stack(0x000000950bc00000,0x000000950bd00000)]
  0x00000238110ef000 JavaThread "block-manager-ask-thread-pool-0" daemon [_thread_blocked, id=20604, stack(0x000000950bd00000,0x000000950be00000)]
  0x0000023811618800 JavaThread "block-manager-ask-thread-pool-1" daemon [_thread_blocked, id=18736, stack(0x000000950be00000,0x000000950bf00000)]
  0x0000023811619800 JavaThread "block-manager-storage-async-thread-pool-3" daemon [_thread_blocked, id=23792, stack(0x000000950bf00000,0x000000950c000000)]
  0x0000023811617800 JavaThread "block-manager-storage-async-thread-pool-4" daemon [_thread_blocked, id=6828, stack(0x000000950c000000,0x000000950c100000)]
  0x000002381161a000 JavaThread "block-manager-storage-async-thread-pool-5" daemon [_thread_blocked, id=16448, stack(0x000000950c100000,0x000000950c200000)]
  0x0000023811616000 JavaThread "block-manager-ask-thread-pool-2" daemon [_thread_blocked, id=4888, stack(0x000000950c200000,0x000000950c300000)]
  0x0000023811614800 JavaThread "block-manager-ask-thread-pool-3" daemon [_thread_blocked, id=17632, stack(0x000000950c300000,0x000000950c400000)]
  0x000002381161b000 JavaThread "block-manager-storage-async-thread-pool-6" daemon [_thread_blocked, id=15692, stack(0x000000950c400000,0x000000950c500000)]
  0x0000023811615000 JavaThread "block-manager-storage-async-thread-pool-7" daemon [_thread_blocked, id=16768, stack(0x000000950c500000,0x000000950c600000)]
  0x000002381161c000 JavaThread "block-manager-storage-async-thread-pool-8" daemon [_thread_blocked, id=10404, stack(0x000000950c600000,0x000000950c700000)]
  0x000002381161c800 JavaThread "block-manager-ask-thread-pool-4" daemon [_thread_blocked, id=6396, stack(0x000000950c700000,0x000000950c800000)]
  0x0000023811617000 JavaThread "block-manager-ask-thread-pool-5" daemon [_thread_blocked, id=16800, stack(0x000000950c800000,0x000000950c900000)]
  0x000002381161f000 JavaThread "QueryStageCreator-2" daemon [_thread_blocked, id=18436, stack(0x000000950c900000,0x000000950ca00000)]
  0x0000023811623000 JavaThread "QueryStageCreator-3" daemon [_thread_blocked, id=14364, stack(0x000000950ca00000,0x000000950cb00000)]
  0x0000023811620800 JavaThread "block-manager-storage-async-thread-pool-9" daemon [_thread_blocked, id=8944, stack(0x000000950cb00000,0x000000950cc00000)]
  0x000002381161d800 JavaThread "block-manager-storage-async-thread-pool-10" daemon [_thread_blocked, id=15708, stack(0x000000950cc00000,0x000000950cd00000)]
  0x000002381161e000 JavaThread "block-manager-storage-async-thread-pool-11" daemon [_thread_blocked, id=19120, stack(0x000000950cd00000,0x000000950ce00000)]
  0x0000023811620000 JavaThread "block-manager-ask-thread-pool-6" daemon [_thread_blocked, id=15816, stack(0x000000950ce00000,0x000000950cf00000)]
  0x0000023811621800 JavaThread "block-manager-ask-thread-pool-7" daemon [_thread_blocked, id=16744, stack(0x000000950cf00000,0x000000950d000000)]
  0x0000023811622800 JavaThread "QueryStageCreator-4" daemon [_thread_blocked, id=8308, stack(0x000000950d000000,0x000000950d100000)]
  0x00000238155f3800 JavaThread "block-manager-storage-async-thread-pool-12" daemon [_thread_blocked, id=7788, stack(0x000000950d100000,0x000000950d200000)]
  0x00000238155f4000 JavaThread "block-manager-storage-async-thread-pool-13" daemon [_thread_blocked, id=8984, stack(0x000000950d200000,0x000000950d300000)]
  0x00000238155f2800 JavaThread "block-manager-storage-async-thread-pool-14" daemon [_thread_blocked, id=22164, stack(0x000000950d300000,0x000000950d400000)]
  0x00000238155f5000 JavaThread "block-manager-ask-thread-pool-8" daemon [_thread_blocked, id=17708, stack(0x000000950d400000,0x000000950d500000)]
  0x00000238155f6000 JavaThread "block-manager-ask-thread-pool-9" daemon [_thread_blocked, id=15512, stack(0x000000950d500000,0x000000950d600000)]
  0x00000238155f1000 JavaThread "QueryStageCreator-5" daemon [_thread_blocked, id=21192, stack(0x000000950d600000,0x000000950d700000)]
  0x00000238155f1800 JavaThread "block-manager-storage-async-thread-pool-15" daemon [_thread_blocked, id=10916, stack(0x000000950d700000,0x000000950d800000)]
  0x00000238155f0000 JavaThread "block-manager-storage-async-thread-pool-16" daemon [_thread_blocked, id=12608, stack(0x000000950d800000,0x000000950d900000)]
  0x00000238155fa000 JavaThread "block-manager-storage-async-thread-pool-17" daemon [_thread_blocked, id=9584, stack(0x000000950d900000,0x000000950da00000)]
  0x00000238155fa800 JavaThread "block-manager-ask-thread-pool-10" daemon [_thread_blocked, id=24312, stack(0x000000950da00000,0x000000950db00000)]
  0x00000238155fb800 JavaThread "block-manager-ask-thread-pool-11" daemon [_thread_blocked, id=19716, stack(0x000000950db00000,0x000000950dc00000)]
  0x00000238155fc800 JavaThread "QueryStageCreator-6" daemon [_thread_blocked, id=22796, stack(0x000000950dc00000,0x000000950dd00000)]
  0x00000238155f6800 JavaThread "block-manager-storage-async-thread-pool-18" daemon [_thread_blocked, id=6788, stack(0x000000950dd00000,0x000000950de00000)]
  0x00000238155fd000 JavaThread "QueryStageCreator-7" daemon [_thread_blocked, id=5648, stack(0x000000950de00000,0x000000950df00000)]
  0x00000238155f7800 JavaThread "block-manager-storage-async-thread-pool-19" daemon [_thread_blocked, id=8272, stack(0x000000950df00000,0x000000950e000000)]
  0x00000238155fe000 JavaThread "block-manager-storage-async-thread-pool-20" daemon [_thread_blocked, id=12596, stack(0x000000950e000000,0x000000950e100000)]
  0x00000238155f8000 JavaThread "block-manager-ask-thread-pool-12" daemon [_thread_blocked, id=18728, stack(0x000000950e100000,0x000000950e200000)]
  0x00000238155ff000 JavaThread "broadcast-exchange-0" daemon [_thread_blocked, id=13596, stack(0x000000950e200000,0x000000950e300000)]
  0x00000238155f9000 JavaThread "block-manager-ask-thread-pool-13" daemon [_thread_blocked, id=14552, stack(0x000000950e300000,0x000000950e400000)]
  0x000002387f78c800 JavaThread "QueryStageCreator-8" daemon [_thread_blocked, id=13644, stack(0x000000950e400000,0x000000950e500000)]
  0x000002387f78d800 JavaThread "QueryStageCreator-9" daemon [_thread_blocked, id=23428, stack(0x000000950e500000,0x000000950e600000)]

Other Threads:
  0x000002387d3fc800 VMThread "VM Thread" [stack: 0x0000009507700000,0x0000009507800000] [id=21412]
  0x000002387e881000 WatcherThread [stack: 0x0000009508200000,0x0000009508300000] [id=24192]
  0x0000023869fe4800 GCTaskThread "GC Thread#0" [stack: 0x0000009507200000,0x0000009507300000] [id=24056]
  0x000002387e20d800 GCTaskThread "GC Thread#1" [stack: 0x0000009508300000,0x0000009508400000] [id=4656]
  0x000002387e245800 GCTaskThread "GC Thread#2" [stack: 0x0000009508400000,0x0000009508500000] [id=22952]
  0x000002387e246000 GCTaskThread "GC Thread#3" [stack: 0x0000009508500000,0x0000009508600000] [id=23488]
  0x000002386a03a000 ConcurrentGCThread "G1 Main Marker" [stack: 0x0000009507300000,0x0000009507400000] [id=16308]
  0x000002386a03b800 ConcurrentGCThread "G1 Conc#0" [stack: 0x0000009507400000,0x0000009507500000] [id=1448]
  0x000002387d2dd000 ConcurrentGCThread "G1 Refine#0" [stack: 0x0000009507500000,0x0000009507600000] [id=15532]
  0x000002387d2de000 ConcurrentGCThread "G1 Young RemSet Sampling" [stack: 0x0000009507600000,0x0000009507700000] [id=1112]

Threads with active compile tasks:
C2 CompilerThread0    25659 11861       4       java.io.ObjectInputStream::readClassDesc (123 bytes)
C2 CompilerThread1    25659 12049       4       java.lang.invoke.InvokerBytecodeGenerator::emitImplicitConversion (159 bytes)

VM state:not at safepoint (normal execution)

VM Mutex/Monitor currently owned by a thread: None

Heap address: 0x0000000701e00000, size: 4066 MB, Compressed Oops mode: Zero based, Oop shift amount: 3
Narrow klass base: 0x0000000800000000, Narrow klass shift: 0
Compressed class space size: 1073741824 Address: 0x0000000800000000

Heap:
 garbage-first heap   total 454656K, used 274260K [0x0000000701e00000, 0x0000000800000000)
  region size 1024K, 71 young (72704K), 3 survivors (3072K)
 Metaspace       used 124520K, capacity 131916K, committed 132144K, reserved 1159168K
  class space    used 18460K, capacity 22179K, committed 22220K, reserved 1048576K
Heap Regions: E=young(eden), S=young(survivor), O=old, HS=humongous(starts), HC=humongous(continues), CS=collection set, F=free, A=archive, TAMS=top-at-mark-start (previous, next)
|   0|0x0000000701e00000, 0x0000000701f00000, 0x0000000701f00000|100%|HS|  |TAMS 0x0000000701f00000, 0x0000000701e00000| Complete 
|   1|0x0000000701f00000, 0x0000000702000000, 0x0000000702000000|100%|HS|  |TAMS 0x0000000702000000, 0x0000000701f00000| Complete 
|   2|0x0000000702000000, 0x0000000702100000, 0x0000000702100000|100%|HC|  |TAMS 0x0000000702100000, 0x0000000702000000| Complete 
|   3|0x0000000702100000, 0x0000000702200000, 0x0000000702200000|100%|HS|  |TAMS 0x0000000702200000, 0x0000000702100000| Complete 
|   4|0x0000000702200000, 0x0000000702300000, 0x0000000702300000|100%|HC|  |TAMS 0x0000000702300000, 0x0000000702200000| Complete 
|   5|0x0000000702300000, 0x0000000702400000, 0x0000000702400000|100%|HC|  |TAMS 0x0000000702400000, 0x0000000702300000| Complete 
|   6|0x0000000702400000, 0x0000000702500000, 0x0000000702500000|100%| O|  |TAMS 0x0000000702500000, 0x0000000702400000| Untracked 
|   7|0x0000000702500000, 0x0000000702600000, 0x0000000702600000|100%| O|  |TAMS 0x0000000702600000, 0x0000000702500000| Untracked 
|   8|0x0000000702600000, 0x0000000702700000, 0x0000000702700000|100%| O|  |TAMS 0x0000000702700000, 0x0000000702600000| Untracked 
|   9|0x0000000702700000, 0x0000000702800000, 0x0000000702800000|100%| O|  |TAMS 0x0000000702800000, 0x0000000702700000| Untracked 
|  10|0x0000000702800000, 0x0000000702900000, 0x0000000702900000|100%| O|  |TAMS 0x0000000702900000, 0x0000000702800000| Untracked 
|  11|0x0000000702900000, 0x0000000702a00000, 0x0000000702a00000|100%| O|  |TAMS 0x0000000702a00000, 0x0000000702900000| Untracked 
|  12|0x0000000702a00000, 0x0000000702b00000, 0x0000000702b00000|100%| O|  |TAMS 0x0000000702b00000, 0x0000000702a00000| Untracked 
|  13|0x0000000702b00000, 0x0000000702c00000, 0x0000000702c00000|100%| O|  |TAMS 0x0000000702c00000, 0x0000000702b00000| Untracked 
|  14|0x0000000702c00000, 0x0000000702d00000, 0x0000000702d00000|100%| O|  |TAMS 0x0000000702d00000, 0x0000000702c00000| Untracked 
|  15|0x0000000702d00000, 0x0000000702e00000, 0x0000000702e00000|100%| O|  |TAMS 0x0000000702e00000, 0x0000000702d00000| Untracked 
|  16|0x0000000702e00000, 0x0000000702f00000, 0x0000000702f00000|100%| O|  |TAMS 0x0000000702f00000, 0x0000000702e00000| Untracked 
|  17|0x0000000702f00000, 0x0000000703000000, 0x0000000703000000|100%| O|  |TAMS 0x0000000703000000, 0x0000000702f00000| Untracked 
|  18|0x0000000703000000, 0x0000000703100000, 0x0000000703100000|100%| O|  |TAMS 0x0000000703100000, 0x0000000703000000| Untracked 
|  19|0x0000000703100000, 0x0000000703200000, 0x0000000703200000|100%| O|  |TAMS 0x0000000703200000, 0x0000000703100000| Untracked 
|  20|0x0000000703200000, 0x0000000703300000, 0x0000000703300000|100%| O|  |TAMS 0x0000000703300000, 0x0000000703200000| Untracked 
|  21|0x0000000703300000, 0x0000000703400000, 0x0000000703400000|100%| O|  |TAMS 0x0000000703400000, 0x0000000703300000| Untracked 
|  22|0x0000000703400000, 0x0000000703500000, 0x0000000703500000|100%| O|  |TAMS 0x0000000703500000, 0x0000000703400000| Untracked 
|  23|0x0000000703500000, 0x0000000703600000, 0x0000000703600000|100%| O|  |TAMS 0x0000000703600000, 0x0000000703500000| Untracked 
|  24|0x0000000703600000, 0x0000000703700000, 0x0000000703700000|100%| O|  |TAMS 0x0000000703700000, 0x0000000703600000| Untracked 
|  25|0x0000000703700000, 0x0000000703700000, 0x0000000703800000|  0%| F|  |TAMS 0x0000000703700000, 0x0000000703700000| Untracked 
|  26|0x0000000703800000, 0x0000000703900000, 0x0000000703900000|100%| O|  |TAMS 0x0000000703900000, 0x0000000703800000| Untracked 
|  27|0x0000000703900000, 0x0000000703a00000, 0x0000000703a00000|100%| O|  |TAMS 0x0000000703a00000, 0x0000000703900000| Untracked 
|  28|0x0000000703a00000, 0x0000000703b00000, 0x0000000703b00000|100%| O|  |TAMS 0x0000000703b00000, 0x0000000703a00000| Untracked 
|  29|0x0000000703b00000, 0x0000000703c00000, 0x0000000703c00000|100%| O|  |TAMS 0x0000000703c00000, 0x0000000703b00000| Untracked 
|  30|0x0000000703c00000, 0x0000000703d00000, 0x0000000703d00000|100%| O|  |TAMS 0x0000000703d00000, 0x0000000703c00000| Untracked 
|  31|0x0000000703d00000, 0x0000000703e00000, 0x0000000703e00000|100%| O|  |TAMS 0x0000000703e00000, 0x0000000703d00000| Untracked 
|  32|0x0000000703e00000, 0x0000000703f00000, 0x0000000703f00000|100%| O|  |TAMS 0x0000000703f00000, 0x0000000703e00000| Untracked 
|  33|0x0000000703f00000, 0x0000000704000000, 0x0000000704000000|100%| O|  |TAMS 0x0000000704000000, 0x0000000703f00000| Untracked 
|  34|0x0000000704000000, 0x0000000704100000, 0x0000000704100000|100%| O|  |TAMS 0x0000000704100000, 0x0000000704000000| Untracked 
|  35|0x0000000704100000, 0x0000000704200000, 0x0000000704200000|100%|HS|  |TAMS 0x0000000704200000, 0x0000000704100000| Complete 
|  36|0x0000000704200000, 0x0000000704300000, 0x0000000704300000|100%|HC|  |TAMS 0x0000000704300000, 0x0000000704200000| Complete 
|  37|0x0000000704300000, 0x0000000704400000, 0x0000000704400000|100%|HC|  |TAMS 0x0000000704400000, 0x0000000704300000| Complete 
|  38|0x0000000704400000, 0x0000000704500000, 0x0000000704500000|100%|HC|  |TAMS 0x0000000704500000, 0x0000000704400000| Complete 
|  39|0x0000000704500000, 0x0000000704600000, 0x0000000704600000|100%|HC|  |TAMS 0x0000000704600000, 0x0000000704500000| Complete 
|  40|0x0000000704600000, 0x0000000704700000, 0x0000000704700000|100%|HC|  |TAMS 0x0000000704700000, 0x0000000704600000| Complete 
|  41|0x0000000704700000, 0x0000000704800000, 0x0000000704800000|100%|HC|  |TAMS 0x0000000704800000, 0x0000000704700000| Complete 
|  42|0x0000000704800000, 0x0000000704900000, 0x0000000704900000|100%|HC|  |TAMS 0x0000000704900000, 0x0000000704800000| Complete 
|  43|0x0000000704900000, 0x0000000704a00000, 0x0000000704a00000|100%|HC|  |TAMS 0x0000000704a00000, 0x0000000704900000| Complete 
|  44|0x0000000704a00000, 0x0000000704b00000, 0x0000000704b00000|100%|HC|  |TAMS 0x0000000704b00000, 0x0000000704a00000| Complete 
|  45|0x0000000704b00000, 0x0000000704c00000, 0x0000000704c00000|100%|HC|  |TAMS 0x0000000704c00000, 0x0000000704b00000| Complete 
|  46|0x0000000704c00000, 0x0000000704d00000, 0x0000000704d00000|100%|HC|  |TAMS 0x0000000704d00000, 0x0000000704c00000| Complete 
|  47|0x0000000704d00000, 0x0000000704e00000, 0x0000000704e00000|100%|HC|  |TAMS 0x0000000704e00000, 0x0000000704d00000| Complete 
|  48|0x0000000704e00000, 0x0000000704f00000, 0x0000000704f00000|100%|HC|  |TAMS 0x0000000704f00000, 0x0000000704e00000| Complete 
|  49|0x0000000704f00000, 0x0000000705000000, 0x0000000705000000|100%|HC|  |TAMS 0x0000000705000000, 0x0000000704f00000| Complete 
|  50|0x0000000705000000, 0x0000000705100000, 0x0000000705100000|100%|HC|  |TAMS 0x0000000705100000, 0x0000000705000000| Complete 
|  51|0x0000000705100000, 0x0000000705200000, 0x0000000705200000|100%|HC|  |TAMS 0x0000000705200000, 0x0000000705100000| Complete 
|  52|0x0000000705200000, 0x0000000705300000, 0x0000000705300000|100%|HC|  |TAMS 0x0000000705300000, 0x0000000705200000| Complete 
|  53|0x0000000705300000, 0x0000000705400000, 0x0000000705400000|100%|HC|  |TAMS 0x0000000705400000, 0x0000000705300000| Complete 
|  54|0x0000000705400000, 0x0000000705500000, 0x0000000705500000|100%|HC|  |TAMS 0x0000000705500000, 0x0000000705400000| Complete 
|  55|0x0000000705500000, 0x0000000705600000, 0x0000000705600000|100%|HC|  |TAMS 0x0000000705600000, 0x0000000705500000| Complete 
|  56|0x0000000705600000, 0x0000000705700000, 0x0000000705700000|100%|HC|  |TAMS 0x0000000705700000, 0x0000000705600000| Complete 
|  57|0x0000000705700000, 0x0000000705800000, 0x0000000705800000|100%|HC|  |TAMS 0x0000000705800000, 0x0000000705700000| Complete 
|  58|0x0000000705800000, 0x0000000705900000, 0x0000000705900000|100%|HC|  |TAMS 0x0000000705900000, 0x0000000705800000| Complete 
|  59|0x0000000705900000, 0x0000000705a00000, 0x0000000705a00000|100%|HC|  |TAMS 0x0000000705a00000, 0x0000000705900000| Complete 
|  60|0x0000000705a00000, 0x0000000705b00000, 0x0000000705b00000|100%|HC|  |TAMS 0x0000000705b00000, 0x0000000705a00000| Complete 
|  61|0x0000000705b00000, 0x0000000705c00000, 0x0000000705c00000|100%|HC|  |TAMS 0x0000000705c00000, 0x0000000705b00000| Complete 
|  62|0x0000000705c00000, 0x0000000705d00000, 0x0000000705d00000|100%|HC|  |TAMS 0x0000000705d00000, 0x0000000705c00000| Complete 
|  63|0x0000000705d00000, 0x0000000705e00000, 0x0000000705e00000|100%|HC|  |TAMS 0x0000000705e00000, 0x0000000705d00000| Complete 
|  64|0x0000000705e00000, 0x0000000705f00000, 0x0000000705f00000|100%|HC|  |TAMS 0x0000000705f00000, 0x0000000705e00000| Complete 
|  65|0x0000000705f00000, 0x0000000706000000, 0x0000000706000000|100%|HC|  |TAMS 0x0000000706000000, 0x0000000705f00000| Complete 
|  66|0x0000000706000000, 0x0000000706100000, 0x0000000706100000|100%|HC|  |TAMS 0x0000000706100000, 0x0000000706000000| Complete 
|  67|0x0000000706100000, 0x0000000706100000, 0x0000000706200000|  0%| F|  |TAMS 0x0000000706100000, 0x0000000706100000| Untracked 
|  68|0x0000000706200000, 0x0000000706300000, 0x0000000706300000|100%| O|  |TAMS 0x0000000706300000, 0x0000000706200000| Untracked 
|  69|0x0000000706300000, 0x0000000706400000, 0x0000000706400000|100%| O|  |TAMS 0x0000000706400000, 0x0000000706300000| Untracked 
|  70|0x0000000706400000, 0x0000000706500000, 0x0000000706500000|100%| O|  |TAMS 0x0000000706500000, 0x0000000706400000| Untracked 
|  71|0x0000000706500000, 0x0000000706600000, 0x0000000706600000|100%| O|  |TAMS 0x0000000706600000, 0x0000000706500000| Untracked 
|  72|0x0000000706600000, 0x0000000706700000, 0x0000000706700000|100%| O|  |TAMS 0x0000000706700000, 0x0000000706600000| Untracked 
|  73|0x0000000706700000, 0x0000000706800000, 0x0000000706800000|100%| O|  |TAMS 0x0000000706800000, 0x0000000706700000| Untracked 
|  74|0x0000000706800000, 0x0000000706900000, 0x0000000706900000|100%| O|  |TAMS 0x0000000706900000, 0x0000000706800000| Untracked 
|  75|0x0000000706900000, 0x0000000706a00000, 0x0000000706a00000|100%|HS|  |TAMS 0x0000000706a00000, 0x0000000706900000| Complete 
|  76|0x0000000706a00000, 0x0000000706b00000, 0x0000000706b00000|100%|HC|  |TAMS 0x0000000706b00000, 0x0000000706a00000| Complete 
|  77|0x0000000706b00000, 0x0000000706c00000, 0x0000000706c00000|100%|HC|  |TAMS 0x0000000706c00000, 0x0000000706b00000| Complete 
|  78|0x0000000706c00000, 0x0000000706d00000, 0x0000000706d00000|100%|HC|  |TAMS 0x0000000706d00000, 0x0000000706c00000| Complete 
|  79|0x0000000706d00000, 0x0000000706e00000, 0x0000000706e00000|100%|HC|  |TAMS 0x0000000706e00000, 0x0000000706d00000| Complete 
|  80|0x0000000706e00000, 0x0000000706f00000, 0x0000000706f00000|100%|HC|  |TAMS 0x0000000706f00000, 0x0000000706e00000| Complete 
|  81|0x0000000706f00000, 0x0000000707000000, 0x0000000707000000|100%|HC|  |TAMS 0x0000000707000000, 0x0000000706f00000| Complete 
|  82|0x0000000707000000, 0x0000000707100000, 0x0000000707100000|100%|HC|  |TAMS 0x0000000707100000, 0x0000000707000000| Complete 
|  83|0x0000000707100000, 0x0000000707200000, 0x0000000707200000|100%|HC|  |TAMS 0x0000000707200000, 0x0000000707100000| Complete 
|  84|0x0000000707200000, 0x0000000707300000, 0x0000000707300000|100%|HC|  |TAMS 0x0000000707300000, 0x0000000707200000| Complete 
|  85|0x0000000707300000, 0x0000000707400000, 0x0000000707400000|100%|HC|  |TAMS 0x0000000707400000, 0x0000000707300000| Complete 
|  86|0x0000000707400000, 0x0000000707500000, 0x0000000707500000|100%|HC|  |TAMS 0x0000000707500000, 0x0000000707400000| Complete 
|  87|0x0000000707500000, 0x0000000707600000, 0x0000000707600000|100%|HC|  |TAMS 0x0000000707600000, 0x0000000707500000| Complete 
|  88|0x0000000707600000, 0x0000000707700000, 0x0000000707700000|100%|HC|  |TAMS 0x0000000707700000, 0x0000000707600000| Complete 
|  89|0x0000000707700000, 0x0000000707800000, 0x0000000707800000|100%|HC|  |TAMS 0x0000000707800000, 0x0000000707700000| Complete 
|  90|0x0000000707800000, 0x0000000707900000, 0x0000000707900000|100%|HC|  |TAMS 0x0000000707900000, 0x0000000707800000| Complete 
|  91|0x0000000707900000, 0x0000000707a00000, 0x0000000707a00000|100%|HC|  |TAMS 0x0000000707a00000, 0x0000000707900000| Complete 
|  92|0x0000000707a00000, 0x0000000707b00000, 0x0000000707b00000|100%|HC|  |TAMS 0x0000000707b00000, 0x0000000707a00000| Complete 
|  93|0x0000000707b00000, 0x0000000707c00000, 0x0000000707c00000|100%|HC|  |TAMS 0x0000000707c00000, 0x0000000707b00000| Complete 
|  94|0x0000000707c00000, 0x0000000707d00000, 0x0000000707d00000|100%|HC|  |TAMS 0x0000000707d00000, 0x0000000707c00000| Complete 
|  95|0x0000000707d00000, 0x0000000707e00000, 0x0000000707e00000|100%|HC|  |TAMS 0x0000000707e00000, 0x0000000707d00000| Complete 
|  96|0x0000000707e00000, 0x0000000707f00000, 0x0000000707f00000|100%|HC|  |TAMS 0x0000000707f00000, 0x0000000707e00000| Complete 
|  97|0x0000000707f00000, 0x0000000708000000, 0x0000000708000000|100%|HC|  |TAMS 0x0000000708000000, 0x0000000707f00000| Complete 
|  98|0x0000000708000000, 0x0000000708100000, 0x0000000708100000|100%|HC|  |TAMS 0x0000000708100000, 0x0000000708000000| Complete 
|  99|0x0000000708100000, 0x0000000708200000, 0x0000000708200000|100%|HC|  |TAMS 0x0000000708200000, 0x0000000708100000| Complete 
| 100|0x0000000708200000, 0x0000000708300000, 0x0000000708300000|100%|HC|  |TAMS 0x0000000708300000, 0x0000000708200000| Complete 
| 101|0x0000000708300000, 0x0000000708400000, 0x0000000708400000|100%|HC|  |TAMS 0x0000000708400000, 0x0000000708300000| Complete 
| 102|0x0000000708400000, 0x0000000708500000, 0x0000000708500000|100%|HC|  |TAMS 0x0000000708500000, 0x0000000708400000| Complete 
| 103|0x0000000708500000, 0x0000000708600000, 0x0000000708600000|100%|HC|  |TAMS 0x0000000708600000, 0x0000000708500000| Complete 
| 104|0x0000000708600000, 0x0000000708700000, 0x0000000708700000|100%|HC|  |TAMS 0x0000000708700000, 0x0000000708600000| Complete 
| 105|0x0000000708700000, 0x0000000708800000, 0x0000000708800000|100%|HC|  |TAMS 0x0000000708800000, 0x0000000708700000| Complete 
| 106|0x0000000708800000, 0x0000000708900000, 0x0000000708900000|100%|HC|  |TAMS 0x0000000708900000, 0x0000000708800000| Complete 
| 107|0x0000000708900000, 0x0000000708a00000, 0x0000000708a00000|100%|HS|  |TAMS 0x0000000708900000, 0x0000000708900000| Complete 
| 108|0x0000000708a00000, 0x0000000708b00000, 0x0000000708b00000|100%|HC|  |TAMS 0x0000000708a00000, 0x0000000708a00000| Complete 
| 109|0x0000000708b00000, 0x0000000708c00000, 0x0000000708c00000|100%|HS|  |TAMS 0x0000000708b00000, 0x0000000708b00000| Complete 
| 110|0x0000000708c00000, 0x0000000708d00000, 0x0000000708d00000|100%|HC|  |TAMS 0x0000000708c00000, 0x0000000708c00000| Complete 
| 111|0x0000000708d00000, 0x0000000708e00000, 0x0000000708e00000|100%|HS|  |TAMS 0x0000000708e00000, 0x0000000708d00000| Complete 
| 112|0x0000000708e00000, 0x0000000708f00000, 0x0000000708f00000|100%|HC|  |TAMS 0x0000000708f00000, 0x0000000708e00000| Complete 
| 113|0x0000000708f00000, 0x0000000709000000, 0x0000000709000000|100%|HC|  |TAMS 0x0000000709000000, 0x0000000708f00000| Complete 
| 114|0x0000000709000000, 0x0000000709100000, 0x0000000709100000|100%|HC|  |TAMS 0x0000000709100000, 0x0000000709000000| Complete 
| 115|0x0000000709100000, 0x0000000709200000, 0x0000000709200000|100%|HC|  |TAMS 0x0000000709200000, 0x0000000709100000| Complete 
| 116|0x0000000709200000, 0x0000000709300000, 0x0000000709300000|100%|HC|  |TAMS 0x0000000709300000, 0x0000000709200000| Complete 
| 117|0x0000000709300000, 0x0000000709400000, 0x0000000709400000|100%|HC|  |TAMS 0x0000000709400000, 0x0000000709300000| Complete 
| 118|0x0000000709400000, 0x0000000709500000, 0x0000000709500000|100%|HC|  |TAMS 0x0000000709500000, 0x0000000709400000| Complete 
| 119|0x0000000709500000, 0x0000000709600000, 0x0000000709600000|100%|HC|  |TAMS 0x0000000709600000, 0x0000000709500000| Complete 
| 120|0x0000000709600000, 0x0000000709700000, 0x0000000709700000|100%|HC|  |TAMS 0x0000000709700000, 0x0000000709600000| Complete 
| 121|0x0000000709700000, 0x0000000709800000, 0x0000000709800000|100%|HC|  |TAMS 0x0000000709800000, 0x0000000709700000| Complete 
| 122|0x0000000709800000, 0x0000000709900000, 0x0000000709900000|100%|HC|  |TAMS 0x0000000709900000, 0x0000000709800000| Complete 
| 123|0x0000000709900000, 0x0000000709a00000, 0x0000000709a00000|100%|HC|  |TAMS 0x0000000709a00000, 0x0000000709900000| Complete 
| 124|0x0000000709a00000, 0x0000000709b00000, 0x0000000709b00000|100%|HC|  |TAMS 0x0000000709b00000, 0x0000000709a00000| Complete 
| 125|0x0000000709b00000, 0x0000000709c00000, 0x0000000709c00000|100%|HC|  |TAMS 0x0000000709c00000, 0x0000000709b00000| Complete 
| 126|0x0000000709c00000, 0x0000000709d00000, 0x0000000709d00000|100%|HC|  |TAMS 0x0000000709d00000, 0x0000000709c00000| Complete 
| 127|0x0000000709d00000, 0x0000000709e00000, 0x0000000709e00000|100%|HC|  |TAMS 0x0000000709e00000, 0x0000000709d00000| Complete 
| 128|0x0000000709e00000, 0x0000000709f00000, 0x0000000709f00000|100%|HC|  |TAMS 0x0000000709f00000, 0x0000000709e00000| Complete 
| 129|0x0000000709f00000, 0x000000070a000000, 0x000000070a000000|100%|HC|  |TAMS 0x000000070a000000, 0x0000000709f00000| Complete 
| 130|0x000000070a000000, 0x000000070a100000, 0x000000070a100000|100%|HC|  |TAMS 0x000000070a100000, 0x000000070a000000| Complete 
| 131|0x000000070a100000, 0x000000070a200000, 0x000000070a200000|100%|HC|  |TAMS 0x000000070a200000, 0x000000070a100000| Complete 
| 132|0x000000070a200000, 0x000000070a300000, 0x000000070a300000|100%|HC|  |TAMS 0x000000070a300000, 0x000000070a200000| Complete 
| 133|0x000000070a300000, 0x000000070a400000, 0x000000070a400000|100%|HC|  |TAMS 0x000000070a400000, 0x000000070a300000| Complete 
| 134|0x000000070a400000, 0x000000070a500000, 0x000000070a500000|100%|HC|  |TAMS 0x000000070a500000, 0x000000070a400000| Complete 
| 135|0x000000070a500000, 0x000000070a600000, 0x000000070a600000|100%|HC|  |TAMS 0x000000070a600000, 0x000000070a500000| Complete 
| 136|0x000000070a600000, 0x000000070a700000, 0x000000070a700000|100%|HC|  |TAMS 0x000000070a700000, 0x000000070a600000| Complete 
| 137|0x000000070a700000, 0x000000070a800000, 0x000000070a800000|100%|HC|  |TAMS 0x000000070a800000, 0x000000070a700000| Complete 
| 138|0x000000070a800000, 0x000000070a900000, 0x000000070a900000|100%|HC|  |TAMS 0x000000070a900000, 0x000000070a800000| Complete 
| 139|0x000000070a900000, 0x000000070aa00000, 0x000000070aa00000|100%|HC|  |TAMS 0x000000070aa00000, 0x000000070a900000| Complete 
| 140|0x000000070aa00000, 0x000000070ab00000, 0x000000070ab00000|100%|HC|  |TAMS 0x000000070ab00000, 0x000000070aa00000| Complete 
| 141|0x000000070ab00000, 0x000000070ac00000, 0x000000070ac00000|100%|HC|  |TAMS 0x000000070ac00000, 0x000000070ab00000| Complete 
| 142|0x000000070ac00000, 0x000000070ad00000, 0x000000070ad00000|100%|HC|  |TAMS 0x000000070ad00000, 0x000000070ac00000| Complete 
| 143|0x000000070ad00000, 0x000000070ae00000, 0x000000070ae00000|100%|HS|  |TAMS 0x000000070ae00000, 0x000000070ad00000| Complete 
| 144|0x000000070ae00000, 0x000000070af00000, 0x000000070af00000|100%|HC|  |TAMS 0x000000070af00000, 0x000000070ae00000| Complete 
| 145|0x000000070af00000, 0x000000070b000000, 0x000000070b000000|100%|HC|  |TAMS 0x000000070b000000, 0x000000070af00000| Complete 
| 146|0x000000070b000000, 0x000000070b100000, 0x000000070b100000|100%|HC|  |TAMS 0x000000070b100000, 0x000000070b000000| Complete 
| 147|0x000000070b100000, 0x000000070b200000, 0x000000070b200000|100%|HC|  |TAMS 0x000000070b200000, 0x000000070b100000| Complete 
| 148|0x000000070b200000, 0x000000070b300000, 0x000000070b300000|100%|HC|  |TAMS 0x000000070b300000, 0x000000070b200000| Complete 
| 149|0x000000070b300000, 0x000000070b400000, 0x000000070b400000|100%|HC|  |TAMS 0x000000070b400000, 0x000000070b300000| Complete 
| 150|0x000000070b400000, 0x000000070b500000, 0x000000070b500000|100%|HC|  |TAMS 0x000000070b500000, 0x000000070b400000| Complete 
| 151|0x000000070b500000, 0x000000070b600000, 0x000000070b600000|100%|HC|  |TAMS 0x000000070b600000, 0x000000070b500000| Complete 
| 152|0x000000070b600000, 0x000000070b700000, 0x000000070b700000|100%|HC|  |TAMS 0x000000070b700000, 0x000000070b600000| Complete 
| 153|0x000000070b700000, 0x000000070b800000, 0x000000070b800000|100%|HC|  |TAMS 0x000000070b800000, 0x000000070b700000| Complete 
| 154|0x000000070b800000, 0x000000070b900000, 0x000000070b900000|100%|HC|  |TAMS 0x000000070b900000, 0x000000070b800000| Complete 
| 155|0x000000070b900000, 0x000000070ba00000, 0x000000070ba00000|100%|HC|  |TAMS 0x000000070ba00000, 0x000000070b900000| Complete 
| 156|0x000000070ba00000, 0x000000070bb00000, 0x000000070bb00000|100%|HC|  |TAMS 0x000000070bb00000, 0x000000070ba00000| Complete 
| 157|0x000000070bb00000, 0x000000070bc00000, 0x000000070bc00000|100%|HC|  |TAMS 0x000000070bc00000, 0x000000070bb00000| Complete 
| 158|0x000000070bc00000, 0x000000070bd00000, 0x000000070bd00000|100%|HC|  |TAMS 0x000000070bd00000, 0x000000070bc00000| Complete 
| 159|0x000000070bd00000, 0x000000070be00000, 0x000000070be00000|100%|HC|  |TAMS 0x000000070be00000, 0x000000070bd00000| Complete 
| 160|0x000000070be00000, 0x000000070bf00000, 0x000000070bf00000|100%|HC|  |TAMS 0x000000070bf00000, 0x000000070be00000| Complete 
| 161|0x000000070bf00000, 0x000000070c000000, 0x000000070c000000|100%|HC|  |TAMS 0x000000070c000000, 0x000000070bf00000| Complete 
| 162|0x000000070c000000, 0x000000070c100000, 0x000000070c100000|100%|HC|  |TAMS 0x000000070c100000, 0x000000070c000000| Complete 
| 163|0x000000070c100000, 0x000000070c200000, 0x000000070c200000|100%|HC|  |TAMS 0x000000070c200000, 0x000000070c100000| Complete 
| 164|0x000000070c200000, 0x000000070c300000, 0x000000070c300000|100%|HC|  |TAMS 0x000000070c300000, 0x000000070c200000| Complete 
| 165|0x000000070c300000, 0x000000070c400000, 0x000000070c400000|100%|HC|  |TAMS 0x000000070c400000, 0x000000070c300000| Complete 
| 166|0x000000070c400000, 0x000000070c500000, 0x000000070c500000|100%|HC|  |TAMS 0x000000070c500000, 0x000000070c400000| Complete 
| 167|0x000000070c500000, 0x000000070c600000, 0x000000070c600000|100%|HC|  |TAMS 0x000000070c600000, 0x000000070c500000| Complete 
| 168|0x000000070c600000, 0x000000070c700000, 0x000000070c700000|100%|HC|  |TAMS 0x000000070c700000, 0x000000070c600000| Complete 
| 169|0x000000070c700000, 0x000000070c800000, 0x000000070c800000|100%|HC|  |TAMS 0x000000070c800000, 0x000000070c700000| Complete 
| 170|0x000000070c800000, 0x000000070c900000, 0x000000070c900000|100%|HC|  |TAMS 0x000000070c900000, 0x000000070c800000| Complete 
| 171|0x000000070c900000, 0x000000070ca00000, 0x000000070ca00000|100%|HC|  |TAMS 0x000000070ca00000, 0x000000070c900000| Complete 
| 172|0x000000070ca00000, 0x000000070cb00000, 0x000000070cb00000|100%|HC|  |TAMS 0x000000070cb00000, 0x000000070ca00000| Complete 
| 173|0x000000070cb00000, 0x000000070cc00000, 0x000000070cc00000|100%|HC|  |TAMS 0x000000070cc00000, 0x000000070cb00000| Complete 
| 174|0x000000070cc00000, 0x000000070cd00000, 0x000000070cd00000|100%|HC|  |TAMS 0x000000070cd00000, 0x000000070cc00000| Complete 
| 175|0x000000070cd00000, 0x000000070ce00000, 0x000000070ce00000|100%|HS|  |TAMS 0x000000070cd00000, 0x000000070cd00000| Complete 
| 176|0x000000070ce00000, 0x000000070cf00000, 0x000000070cf00000|100%|HC|  |TAMS 0x000000070ce00000, 0x000000070ce00000| Complete 
| 177|0x000000070cf00000, 0x000000070d000000, 0x000000070d000000|100%|HS|  |TAMS 0x000000070cf00000, 0x000000070cf00000| Complete 
| 178|0x000000070d000000, 0x000000070d100000, 0x000000070d100000|100%|HC|  |TAMS 0x000000070d000000, 0x000000070d000000| Complete 
| 179|0x000000070d100000, 0x000000070d200000, 0x000000070d200000|100%| O|  |TAMS 0x000000070d200000, 0x000000070d100000| Untracked 
| 180|0x000000070d200000, 0x000000070d300000, 0x000000070d300000|100%| O|  |TAMS 0x000000070d300000, 0x000000070d200000| Untracked 
| 181|0x000000070d300000, 0x000000070d3bfe00, 0x000000070d400000| 74%| O|  |TAMS 0x000000070d3bfe00, 0x000000070d300000| Untracked 
| 182|0x000000070d400000, 0x000000070d500000, 0x000000070d500000|100%|HS|  |TAMS 0x000000070d400000, 0x000000070d400000| Complete 
| 183|0x000000070d500000, 0x000000070d600000, 0x000000070d600000|100%|HC|  |TAMS 0x000000070d500000, 0x000000070d500000| Complete 
| 184|0x000000070d600000, 0x000000070d700000, 0x000000070d700000|100%|HC|  |TAMS 0x000000070d600000, 0x000000070d600000| Complete 
| 185|0x000000070d700000, 0x000000070d800000, 0x000000070d800000|100%|HC|  |TAMS 0x000000070d700000, 0x000000070d700000| Complete 
| 186|0x000000070d800000, 0x000000070d900000, 0x000000070d900000|100%|HC|  |TAMS 0x000000070d800000, 0x000000070d800000| Complete 
| 187|0x000000070d900000, 0x000000070da00000, 0x000000070da00000|100%|HS|  |TAMS 0x000000070d900000, 0x000000070d900000| Complete 
| 188|0x000000070da00000, 0x000000070db00000, 0x000000070db00000|100%|HC|  |TAMS 0x000000070da00000, 0x000000070da00000| Complete 
| 189|0x000000070db00000, 0x000000070dc00000, 0x000000070dc00000|100%|HC|  |TAMS 0x000000070db00000, 0x000000070db00000| Complete 
| 190|0x000000070dc00000, 0x000000070dd00000, 0x000000070dd00000|100%|HC|  |TAMS 0x000000070dc00000, 0x000000070dc00000| Complete 
| 191|0x000000070dd00000, 0x000000070de00000, 0x000000070de00000|100%|HC|  |TAMS 0x000000070dd00000, 0x000000070dd00000| Complete 
| 192|0x000000070de00000, 0x000000070df00000, 0x000000070df00000|100%|HS|  |TAMS 0x000000070de00000, 0x000000070de00000| Complete 
| 193|0x000000070df00000, 0x000000070e000000, 0x000000070e000000|100%|HC|  |TAMS 0x000000070df00000, 0x000000070df00000| Complete 
| 194|0x000000070e000000, 0x000000070e100000, 0x000000070e100000|100%|HC|  |TAMS 0x000000070e000000, 0x000000070e000000| Complete 
| 195|0x000000070e100000, 0x000000070e200000, 0x000000070e200000|100%|HC|  |TAMS 0x000000070e100000, 0x000000070e100000| Complete 
| 196|0x000000070e200000, 0x000000070e300000, 0x000000070e300000|100%|HC|  |TAMS 0x000000070e200000, 0x000000070e200000| Complete 
| 197|0x000000070e300000, 0x000000070e400000, 0x000000070e400000|100%|HS|  |TAMS 0x000000070e300000, 0x000000070e300000| Complete 
| 198|0x000000070e400000, 0x000000070e500000, 0x000000070e500000|100%|HC|  |TAMS 0x000000070e400000, 0x000000070e400000| Complete 
| 199|0x000000070e500000, 0x000000070e600000, 0x000000070e600000|100%|HC|  |TAMS 0x000000070e500000, 0x000000070e500000| Complete 
| 200|0x000000070e600000, 0x000000070e700000, 0x000000070e700000|100%|HC|  |TAMS 0x000000070e600000, 0x000000070e600000| Complete 
| 201|0x000000070e700000, 0x000000070e800000, 0x000000070e800000|100%|HC|  |TAMS 0x000000070e700000, 0x000000070e700000| Complete 
| 202|0x000000070e800000, 0x000000070e800000, 0x000000070e900000|  0%| F|  |TAMS 0x000000070e800000, 0x000000070e800000| Untracked 
| 203|0x000000070e900000, 0x000000070e900000, 0x000000070ea00000|  0%| F|  |TAMS 0x000000070e900000, 0x000000070e900000| Untracked 
| 204|0x000000070ea00000, 0x000000070ea00000, 0x000000070eb00000|  0%| F|  |TAMS 0x000000070ea00000, 0x000000070ea00000| Untracked 
| 205|0x000000070eb00000, 0x000000070eb00000, 0x000000070ec00000|  0%| F|  |TAMS 0x000000070eb00000, 0x000000070eb00000| Untracked 
| 206|0x000000070ec00000, 0x000000070ec00000, 0x000000070ed00000|  0%| F|  |TAMS 0x000000070ec00000, 0x000000070ec00000| Untracked 
| 207|0x000000070ed00000, 0x000000070ed00000, 0x000000070ee00000|  0%| F|  |TAMS 0x000000070ed00000, 0x000000070ed00000| Untracked 
| 208|0x000000070ee00000, 0x000000070ee00000, 0x000000070ef00000|  0%| F|  |TAMS 0x000000070ee00000, 0x000000070ee00000| Untracked 
| 209|0x000000070ef00000, 0x000000070ef00000, 0x000000070f000000|  0%| F|  |TAMS 0x000000070ef00000, 0x000000070ef00000| Untracked 
| 210|0x000000070f000000, 0x000000070f000000, 0x000000070f100000|  0%| F|  |TAMS 0x000000070f000000, 0x000000070f000000| Untracked 
| 211|0x000000070f100000, 0x000000070f100000, 0x000000070f200000|  0%| F|  |TAMS 0x000000070f100000, 0x000000070f100000| Untracked 
| 212|0x000000070f200000, 0x000000070f200000, 0x000000070f300000|  0%| F|  |TAMS 0x000000070f200000, 0x000000070f200000| Untracked 
| 213|0x000000070f300000, 0x000000070f300000, 0x000000070f400000|  0%| F|  |TAMS 0x000000070f300000, 0x000000070f300000| Untracked 
| 214|0x000000070f400000, 0x000000070f400000, 0x000000070f500000|  0%| F|  |TAMS 0x000000070f400000, 0x000000070f400000| Untracked 
| 215|0x000000070f500000, 0x000000070f500000, 0x000000070f600000|  0%| F|  |TAMS 0x000000070f500000, 0x000000070f500000| Untracked 
| 216|0x000000070f600000, 0x000000070f600000, 0x000000070f700000|  0%| F|  |TAMS 0x000000070f600000, 0x000000070f600000| Untracked 
| 217|0x000000070f700000, 0x000000070f700000, 0x000000070f800000|  0%| F|  |TAMS 0x000000070f700000, 0x000000070f700000| Untracked 
| 218|0x000000070f800000, 0x000000070f800000, 0x000000070f900000|  0%| F|  |TAMS 0x000000070f800000, 0x000000070f800000| Untracked 
| 219|0x000000070f900000, 0x000000070f900000, 0x000000070fa00000|  0%| F|  |TAMS 0x000000070f900000, 0x000000070f900000| Untracked 
| 220|0x000000070fa00000, 0x000000070fa00000, 0x000000070fb00000|  0%| F|  |TAMS 0x000000070fa00000, 0x000000070fa00000| Untracked 
| 221|0x000000070fb00000, 0x000000070fb00000, 0x000000070fc00000|  0%| F|  |TAMS 0x000000070fb00000, 0x000000070fb00000| Untracked 
| 222|0x000000070fc00000, 0x000000070fc00000, 0x000000070fd00000|  0%| F|  |TAMS 0x000000070fc00000, 0x000000070fc00000| Untracked 
| 223|0x000000070fd00000, 0x000000070fd00000, 0x000000070fe00000|  0%| F|  |TAMS 0x000000070fd00000, 0x000000070fd00000| Untracked 
| 224|0x000000070fe00000, 0x000000070fe00000, 0x000000070ff00000|  0%| F|  |TAMS 0x000000070fe00000, 0x000000070fe00000| Untracked 
| 225|0x000000070ff00000, 0x000000070ff00000, 0x0000000710000000|  0%| F|  |TAMS 0x000000070ff00000, 0x000000070ff00000| Untracked 
| 226|0x0000000710000000, 0x0000000710000000, 0x0000000710100000|  0%| F|  |TAMS 0x0000000710000000, 0x0000000710000000| Untracked 
| 227|0x0000000710100000, 0x0000000710100000, 0x0000000710200000|  0%| F|  |TAMS 0x0000000710100000, 0x0000000710100000| Untracked 
| 228|0x0000000710200000, 0x0000000710200000, 0x0000000710300000|  0%| F|  |TAMS 0x0000000710200000, 0x0000000710200000| Untracked 
| 229|0x0000000710300000, 0x0000000710300000, 0x0000000710400000|  0%| F|  |TAMS 0x0000000710300000, 0x0000000710300000| Untracked 
| 230|0x0000000710400000, 0x0000000710400000, 0x0000000710500000|  0%| F|  |TAMS 0x0000000710400000, 0x0000000710400000| Untracked 
| 231|0x0000000710500000, 0x0000000710500000, 0x0000000710600000|  0%| F|  |TAMS 0x0000000710500000, 0x0000000710500000| Untracked 
| 232|0x0000000710600000, 0x0000000710600000, 0x0000000710700000|  0%| F|  |TAMS 0x0000000710600000, 0x0000000710600000| Untracked 
| 233|0x0000000710700000, 0x0000000710700000, 0x0000000710800000|  0%| F|  |TAMS 0x0000000710700000, 0x0000000710700000| Untracked 
| 234|0x0000000710800000, 0x0000000710800000, 0x0000000710900000|  0%| F|  |TAMS 0x0000000710800000, 0x0000000710800000| Untracked 
| 235|0x0000000710900000, 0x0000000710900000, 0x0000000710a00000|  0%| F|  |TAMS 0x0000000710900000, 0x0000000710900000| Untracked 
| 236|0x0000000710a00000, 0x0000000710a00000, 0x0000000710b00000|  0%| F|  |TAMS 0x0000000710a00000, 0x0000000710a00000| Untracked 
| 237|0x0000000710b00000, 0x0000000710b00000, 0x0000000710c00000|  0%| F|  |TAMS 0x0000000710b00000, 0x0000000710b00000| Untracked 
| 238|0x0000000710c00000, 0x0000000710c00000, 0x0000000710d00000|  0%| F|  |TAMS 0x0000000710c00000, 0x0000000710c00000| Untracked 
| 239|0x0000000710d00000, 0x0000000710d00000, 0x0000000710e00000|  0%| F|  |TAMS 0x0000000710d00000, 0x0000000710d00000| Untracked 
| 240|0x0000000710e00000, 0x0000000710e00000, 0x0000000710f00000|  0%| F|  |TAMS 0x0000000710e00000, 0x0000000710e00000| Untracked 
| 241|0x0000000710f00000, 0x0000000710f00000, 0x0000000711000000|  0%| F|  |TAMS 0x0000000710f00000, 0x0000000710f00000| Untracked 
| 242|0x0000000711000000, 0x0000000711000000, 0x0000000711100000|  0%| F|  |TAMS 0x0000000711000000, 0x0000000711000000| Untracked 
| 243|0x0000000711100000, 0x0000000711100000, 0x0000000711200000|  0%| F|  |TAMS 0x0000000711100000, 0x0000000711100000| Untracked 
| 244|0x0000000711200000, 0x0000000711200000, 0x0000000711300000|  0%| F|  |TAMS 0x0000000711200000, 0x0000000711200000| Untracked 
| 245|0x0000000711300000, 0x0000000711300000, 0x0000000711400000|  0%| F|  |TAMS 0x0000000711300000, 0x0000000711300000| Untracked 
| 246|0x0000000711400000, 0x0000000711400000, 0x0000000711500000|  0%| F|  |TAMS 0x0000000711400000, 0x0000000711400000| Untracked 
| 247|0x0000000711500000, 0x0000000711500000, 0x0000000711600000|  0%| F|  |TAMS 0x0000000711500000, 0x0000000711500000| Untracked 
| 248|0x0000000711600000, 0x0000000711600000, 0x0000000711700000|  0%| F|  |TAMS 0x0000000711600000, 0x0000000711600000| Untracked 
| 249|0x0000000711700000, 0x0000000711700000, 0x0000000711800000|  0%| F|  |TAMS 0x0000000711700000, 0x0000000711700000| Untracked 
| 250|0x0000000711800000, 0x0000000711800000, 0x0000000711900000|  0%| F|  |TAMS 0x0000000711800000, 0x0000000711800000| Untracked 
| 251|0x0000000711900000, 0x0000000711900000, 0x0000000711a00000|  0%| F|  |TAMS 0x0000000711900000, 0x0000000711900000| Untracked 
| 252|0x0000000711a00000, 0x0000000711a00000, 0x0000000711b00000|  0%| F|  |TAMS 0x0000000711a00000, 0x0000000711a00000| Untracked 
| 253|0x0000000711b00000, 0x0000000711b00000, 0x0000000711c00000|  0%| F|  |TAMS 0x0000000711b00000, 0x0000000711b00000| Untracked 
| 254|0x0000000711c00000, 0x0000000711c00000, 0x0000000711d00000|  0%| F|  |TAMS 0x0000000711c00000, 0x0000000711c00000| Untracked 
| 255|0x0000000711d00000, 0x0000000711d00000, 0x0000000711e00000|  0%| F|  |TAMS 0x0000000711d00000, 0x0000000711d00000| Untracked 
| 256|0x0000000711e00000, 0x0000000711e00000, 0x0000000711f00000|  0%| F|  |TAMS 0x0000000711e00000, 0x0000000711e00000| Untracked 
| 257|0x0000000711f00000, 0x0000000711f00000, 0x0000000712000000|  0%| F|  |TAMS 0x0000000711f00000, 0x0000000711f00000| Untracked 
| 258|0x0000000712000000, 0x0000000712000000, 0x0000000712100000|  0%| F|  |TAMS 0x0000000712000000, 0x0000000712000000| Untracked 
| 259|0x0000000712100000, 0x0000000712100000, 0x0000000712200000|  0%| F|  |TAMS 0x0000000712100000, 0x0000000712100000| Untracked 
| 260|0x0000000712200000, 0x0000000712200000, 0x0000000712300000|  0%| F|  |TAMS 0x0000000712200000, 0x0000000712200000| Untracked 
| 261|0x0000000712300000, 0x0000000712300000, 0x0000000712400000|  0%| F|  |TAMS 0x0000000712300000, 0x0000000712300000| Untracked 
| 262|0x0000000712400000, 0x0000000712400000, 0x0000000712500000|  0%| F|  |TAMS 0x0000000712400000, 0x0000000712400000| Untracked 
| 263|0x0000000712500000, 0x0000000712500000, 0x0000000712600000|  0%| F|  |TAMS 0x0000000712500000, 0x0000000712500000| Untracked 
| 264|0x0000000712600000, 0x0000000712600000, 0x0000000712700000|  0%| F|  |TAMS 0x0000000712600000, 0x0000000712600000| Untracked 
| 265|0x0000000712700000, 0x0000000712700000, 0x0000000712800000|  0%| F|  |TAMS 0x0000000712700000, 0x0000000712700000| Untracked 
| 266|0x0000000712800000, 0x0000000712800000, 0x0000000712900000|  0%| F|  |TAMS 0x0000000712800000, 0x0000000712800000| Untracked 
| 267|0x0000000712900000, 0x0000000712900000, 0x0000000712a00000|  0%| F|  |TAMS 0x0000000712900000, 0x0000000712900000| Untracked 
| 268|0x0000000712a00000, 0x0000000712a00000, 0x0000000712b00000|  0%| F|  |TAMS 0x0000000712a00000, 0x0000000712a00000| Untracked 
| 269|0x0000000712b00000, 0x0000000712b00000, 0x0000000712c00000|  0%| F|  |TAMS 0x0000000712b00000, 0x0000000712b00000| Untracked 
| 270|0x0000000712c00000, 0x0000000712c00000, 0x0000000712d00000|  0%| F|  |TAMS 0x0000000712c00000, 0x0000000712c00000| Untracked 
| 271|0x0000000712d00000, 0x0000000712d00000, 0x0000000712e00000|  0%| F|  |TAMS 0x0000000712d00000, 0x0000000712d00000| Untracked 
| 272|0x0000000712e00000, 0x0000000712e00000, 0x0000000712f00000|  0%| F|  |TAMS 0x0000000712e00000, 0x0000000712e00000| Untracked 
| 273|0x0000000712f00000, 0x0000000712f00000, 0x0000000713000000|  0%| F|  |TAMS 0x0000000712f00000, 0x0000000712f00000| Untracked 
| 274|0x0000000713000000, 0x0000000713000000, 0x0000000713100000|  0%| F|  |TAMS 0x0000000713000000, 0x0000000713000000| Untracked 
| 275|0x0000000713100000, 0x0000000713100000, 0x0000000713200000|  0%| F|  |TAMS 0x0000000713100000, 0x0000000713100000| Untracked 
| 276|0x0000000713200000, 0x0000000713200000, 0x0000000713300000|  0%| F|  |TAMS 0x0000000713200000, 0x0000000713200000| Untracked 
| 277|0x0000000713300000, 0x0000000713300000, 0x0000000713400000|  0%| F|  |TAMS 0x0000000713300000, 0x0000000713300000| Untracked 
| 278|0x0000000713400000, 0x0000000713400000, 0x0000000713500000|  0%| F|  |TAMS 0x0000000713400000, 0x0000000713400000| Untracked 
| 279|0x0000000713500000, 0x0000000713500000, 0x0000000713600000|  0%| F|  |TAMS 0x0000000713500000, 0x0000000713500000| Untracked 
| 280|0x0000000713600000, 0x0000000713600000, 0x0000000713700000|  0%| F|  |TAMS 0x0000000713600000, 0x0000000713600000| Untracked 
| 281|0x0000000713700000, 0x0000000713700000, 0x0000000713800000|  0%| F|  |TAMS 0x0000000713700000, 0x0000000713700000| Untracked 
| 282|0x0000000713800000, 0x0000000713800000, 0x0000000713900000|  0%| F|  |TAMS 0x0000000713800000, 0x0000000713800000| Untracked 
| 283|0x0000000713900000, 0x0000000713900000, 0x0000000713a00000|  0%| F|  |TAMS 0x0000000713900000, 0x0000000713900000| Untracked 
| 284|0x0000000713a00000, 0x0000000713a00000, 0x0000000713b00000|  0%| F|  |TAMS 0x0000000713a00000, 0x0000000713a00000| Untracked 
| 285|0x0000000713b00000, 0x0000000713b00000, 0x0000000713c00000|  0%| F|  |TAMS 0x0000000713b00000, 0x0000000713b00000| Untracked 
| 286|0x0000000713c00000, 0x0000000713c00000, 0x0000000713d00000|  0%| F|  |TAMS 0x0000000713c00000, 0x0000000713c00000| Untracked 
| 287|0x0000000713d00000, 0x0000000713d00000, 0x0000000713e00000|  0%| F|  |TAMS 0x0000000713d00000, 0x0000000713d00000| Untracked 
| 288|0x0000000713e00000, 0x0000000713e00000, 0x0000000713f00000|  0%| F|  |TAMS 0x0000000713e00000, 0x0000000713e00000| Untracked 
| 289|0x0000000713f00000, 0x0000000713f00000, 0x0000000714000000|  0%| F|  |TAMS 0x0000000713f00000, 0x0000000713f00000| Untracked 
| 290|0x0000000714000000, 0x0000000714000000, 0x0000000714100000|  0%| F|  |TAMS 0x0000000714000000, 0x0000000714000000| Untracked 
| 291|0x0000000714100000, 0x0000000714100000, 0x0000000714200000|  0%| F|  |TAMS 0x0000000714100000, 0x0000000714100000| Untracked 
| 292|0x0000000714200000, 0x0000000714200000, 0x0000000714300000|  0%| F|  |TAMS 0x0000000714200000, 0x0000000714200000| Untracked 
| 293|0x0000000714300000, 0x0000000714300000, 0x0000000714400000|  0%| F|  |TAMS 0x0000000714300000, 0x0000000714300000| Untracked 
| 294|0x0000000714400000, 0x0000000714400000, 0x0000000714500000|  0%| F|  |TAMS 0x0000000714400000, 0x0000000714400000| Untracked 
| 295|0x0000000714500000, 0x0000000714500000, 0x0000000714600000|  0%| F|  |TAMS 0x0000000714500000, 0x0000000714500000| Untracked 
| 296|0x0000000714600000, 0x0000000714600000, 0x0000000714700000|  0%| F|  |TAMS 0x0000000714600000, 0x0000000714600000| Untracked 
| 297|0x0000000714700000, 0x0000000714700000, 0x0000000714800000|  0%| F|  |TAMS 0x0000000714700000, 0x0000000714700000| Untracked 
| 298|0x0000000714800000, 0x0000000714800000, 0x0000000714900000|  0%| F|  |TAMS 0x0000000714800000, 0x0000000714800000| Untracked 
| 299|0x0000000714900000, 0x0000000714900000, 0x0000000714a00000|  0%| F|  |TAMS 0x0000000714900000, 0x0000000714900000| Untracked 
| 300|0x0000000714a00000, 0x0000000714a00000, 0x0000000714b00000|  0%| F|  |TAMS 0x0000000714a00000, 0x0000000714a00000| Untracked 
| 301|0x0000000714b00000, 0x0000000714b00000, 0x0000000714c00000|  0%| F|  |TAMS 0x0000000714b00000, 0x0000000714b00000| Untracked 
| 302|0x0000000714c00000, 0x0000000714c00000, 0x0000000714d00000|  0%| F|  |TAMS 0x0000000714c00000, 0x0000000714c00000| Untracked 
| 303|0x0000000714d00000, 0x0000000714d00000, 0x0000000714e00000|  0%| F|  |TAMS 0x0000000714d00000, 0x0000000714d00000| Untracked 
| 304|0x0000000714e00000, 0x0000000714e00000, 0x0000000714f00000|  0%| F|  |TAMS 0x0000000714e00000, 0x0000000714e00000| Untracked 
| 305|0x0000000714f00000, 0x0000000714f00000, 0x0000000715000000|  0%| F|  |TAMS 0x0000000714f00000, 0x0000000714f00000| Untracked 
| 306|0x0000000715000000, 0x0000000715000000, 0x0000000715100000|  0%| F|  |TAMS 0x0000000715000000, 0x0000000715000000| Untracked 
| 307|0x0000000715100000, 0x0000000715100000, 0x0000000715200000|  0%| F|  |TAMS 0x0000000715100000, 0x0000000715100000| Untracked 
| 308|0x0000000715200000, 0x0000000715200000, 0x0000000715300000|  0%| F|  |TAMS 0x0000000715200000, 0x0000000715200000| Untracked 
| 309|0x0000000715300000, 0x0000000715300000, 0x0000000715400000|  0%| F|  |TAMS 0x0000000715300000, 0x0000000715300000| Untracked 
| 310|0x0000000715400000, 0x0000000715400000, 0x0000000715500000|  0%| F|  |TAMS 0x0000000715400000, 0x0000000715400000| Untracked 
| 311|0x0000000715500000, 0x0000000715500000, 0x0000000715600000|  0%| F|  |TAMS 0x0000000715500000, 0x0000000715500000| Untracked 
| 312|0x0000000715600000, 0x0000000715600000, 0x0000000715700000|  0%| F|  |TAMS 0x0000000715600000, 0x0000000715600000| Untracked 
| 313|0x0000000715700000, 0x0000000715700000, 0x0000000715800000|  0%| F|  |TAMS 0x0000000715700000, 0x0000000715700000| Untracked 
| 314|0x0000000715800000, 0x0000000715800000, 0x0000000715900000|  0%| F|  |TAMS 0x0000000715800000, 0x0000000715800000| Untracked 
| 315|0x0000000715900000, 0x0000000715900000, 0x0000000715a00000|  0%| F|  |TAMS 0x0000000715900000, 0x0000000715900000| Untracked 
| 316|0x0000000715a00000, 0x0000000715a00000, 0x0000000715b00000|  0%| F|  |TAMS 0x0000000715a00000, 0x0000000715a00000| Untracked 
| 317|0x0000000715b00000, 0x0000000715b00000, 0x0000000715c00000|  0%| F|  |TAMS 0x0000000715b00000, 0x0000000715b00000| Untracked 
| 318|0x0000000715c00000, 0x0000000715c00000, 0x0000000715d00000|  0%| F|  |TAMS 0x0000000715c00000, 0x0000000715c00000| Untracked 
| 319|0x0000000715d00000, 0x0000000715d00000, 0x0000000715e00000|  0%| F|  |TAMS 0x0000000715d00000, 0x0000000715d00000| Untracked 
| 320|0x0000000715e00000, 0x0000000715e00000, 0x0000000715f00000|  0%| F|  |TAMS 0x0000000715e00000, 0x0000000715e00000| Untracked 
| 321|0x0000000715f00000, 0x0000000715f00000, 0x0000000716000000|  0%| F|  |TAMS 0x0000000715f00000, 0x0000000715f00000| Untracked 
| 322|0x0000000716000000, 0x0000000716000000, 0x0000000716100000|  0%| F|  |TAMS 0x0000000716000000, 0x0000000716000000| Untracked 
| 323|0x0000000716100000, 0x0000000716100000, 0x0000000716200000|  0%| F|  |TAMS 0x0000000716100000, 0x0000000716100000| Untracked 
| 324|0x0000000716200000, 0x0000000716200000, 0x0000000716300000|  0%| F|  |TAMS 0x0000000716200000, 0x0000000716200000| Untracked 
| 325|0x0000000716300000, 0x0000000716300000, 0x0000000716400000|  0%| F|  |TAMS 0x0000000716300000, 0x0000000716300000| Untracked 
| 326|0x0000000716400000, 0x0000000716400000, 0x0000000716500000|  0%| F|  |TAMS 0x0000000716400000, 0x0000000716400000| Untracked 
| 327|0x0000000716500000, 0x0000000716500000, 0x0000000716600000|  0%| F|  |TAMS 0x0000000716500000, 0x0000000716500000| Untracked 
| 328|0x0000000716600000, 0x0000000716600000, 0x0000000716700000|  0%| F|  |TAMS 0x0000000716600000, 0x0000000716600000| Untracked 
| 329|0x0000000716700000, 0x0000000716700000, 0x0000000716800000|  0%| F|  |TAMS 0x0000000716700000, 0x0000000716700000| Untracked 
| 330|0x0000000716800000, 0x0000000716800000, 0x0000000716900000|  0%| F|  |TAMS 0x0000000716800000, 0x0000000716800000| Untracked 
| 331|0x0000000716900000, 0x0000000716900000, 0x0000000716a00000|  0%| F|  |TAMS 0x0000000716900000, 0x0000000716900000| Untracked 
| 332|0x0000000716a00000, 0x0000000716a00000, 0x0000000716b00000|  0%| F|  |TAMS 0x0000000716a00000, 0x0000000716a00000| Untracked 
| 333|0x0000000716b00000, 0x0000000716b00000, 0x0000000716c00000|  0%| F|  |TAMS 0x0000000716b00000, 0x0000000716b00000| Untracked 
| 334|0x0000000716c00000, 0x0000000716c00000, 0x0000000716d00000|  0%| F|  |TAMS 0x0000000716c00000, 0x0000000716c00000| Untracked 
| 335|0x0000000716d00000, 0x0000000716d00000, 0x0000000716e00000|  0%| F|  |TAMS 0x0000000716d00000, 0x0000000716d00000| Untracked 
| 336|0x0000000716e00000, 0x0000000716e00000, 0x0000000716f00000|  0%| F|  |TAMS 0x0000000716e00000, 0x0000000716e00000| Untracked 
| 337|0x0000000716f00000, 0x0000000716f00000, 0x0000000717000000|  0%| F|  |TAMS 0x0000000716f00000, 0x0000000716f00000| Untracked 
| 338|0x0000000717000000, 0x0000000717000000, 0x0000000717100000|  0%| F|  |TAMS 0x0000000717000000, 0x0000000717000000| Untracked 
| 339|0x0000000717100000, 0x0000000717100000, 0x0000000717200000|  0%| F|  |TAMS 0x0000000717100000, 0x0000000717100000| Untracked 
| 340|0x0000000717200000, 0x0000000717200000, 0x0000000717300000|  0%| F|  |TAMS 0x0000000717200000, 0x0000000717200000| Untracked 
| 341|0x0000000717300000, 0x0000000717300000, 0x0000000717400000|  0%| F|  |TAMS 0x0000000717300000, 0x0000000717300000| Untracked 
| 342|0x0000000717400000, 0x0000000717400000, 0x0000000717500000|  0%| F|  |TAMS 0x0000000717400000, 0x0000000717400000| Untracked 
| 343|0x0000000717500000, 0x0000000717500000, 0x0000000717600000|  0%| F|  |TAMS 0x0000000717500000, 0x0000000717500000| Untracked 
| 344|0x0000000717600000, 0x0000000717600000, 0x0000000717700000|  0%| F|  |TAMS 0x0000000717600000, 0x0000000717600000| Untracked 
| 345|0x0000000717700000, 0x0000000717700000, 0x0000000717800000|  0%| F|  |TAMS 0x0000000717700000, 0x0000000717700000| Untracked 
| 346|0x0000000717800000, 0x0000000717800000, 0x0000000717900000|  0%| F|  |TAMS 0x0000000717800000, 0x0000000717800000| Untracked 
| 347|0x0000000717900000, 0x0000000717900000, 0x0000000717a00000|  0%| F|  |TAMS 0x0000000717900000, 0x0000000717900000| Untracked 
| 348|0x0000000717a00000, 0x0000000717a00000, 0x0000000717b00000|  0%| F|  |TAMS 0x0000000717a00000, 0x0000000717a00000| Untracked 
| 349|0x0000000717b00000, 0x0000000717b00000, 0x0000000717c00000|  0%| F|  |TAMS 0x0000000717b00000, 0x0000000717b00000| Untracked 
| 350|0x0000000717c00000, 0x0000000717c00000, 0x0000000717d00000|  0%| F|  |TAMS 0x0000000717c00000, 0x0000000717c00000| Untracked 
| 351|0x0000000717d00000, 0x0000000717d00000, 0x0000000717e00000|  0%| F|  |TAMS 0x0000000717d00000, 0x0000000717d00000| Untracked 
| 352|0x0000000717e00000, 0x0000000717e00000, 0x0000000717f00000|  0%| F|  |TAMS 0x0000000717e00000, 0x0000000717e00000| Untracked 
| 353|0x0000000717f00000, 0x0000000717f00000, 0x0000000718000000|  0%| F|  |TAMS 0x0000000717f00000, 0x0000000717f00000| Untracked 
| 354|0x0000000718000000, 0x0000000718000000, 0x0000000718100000|  0%| F|  |TAMS 0x0000000718000000, 0x0000000718000000| Untracked 
| 355|0x0000000718100000, 0x0000000718100000, 0x0000000718200000|  0%| F|  |TAMS 0x0000000718100000, 0x0000000718100000| Untracked 
| 356|0x0000000718200000, 0x0000000718200000, 0x0000000718300000|  0%| F|  |TAMS 0x0000000718200000, 0x0000000718200000| Untracked 
| 357|0x0000000718300000, 0x00000007183152c8, 0x0000000718400000|  8%| S|CS|TAMS 0x0000000718300000, 0x0000000718300000| Complete 
| 358|0x0000000718400000, 0x0000000718500000, 0x0000000718500000|100%| S|CS|TAMS 0x0000000718400000, 0x0000000718400000| Complete 
| 359|0x0000000718500000, 0x0000000718600000, 0x0000000718600000|100%| S|CS|TAMS 0x0000000718500000, 0x0000000718500000| Complete 
| 360|0x0000000718600000, 0x0000000718600000, 0x0000000718700000|  0%| F|  |TAMS 0x0000000718600000, 0x0000000718600000| Untracked 
| 361|0x0000000718700000, 0x0000000718700000, 0x0000000718800000|  0%| F|  |TAMS 0x0000000718700000, 0x0000000718700000| Untracked 
| 362|0x0000000718800000, 0x0000000718800000, 0x0000000718900000|  0%| F|  |TAMS 0x0000000718800000, 0x0000000718800000| Untracked 
| 363|0x0000000718900000, 0x0000000718900000, 0x0000000718a00000|  0%| F|  |TAMS 0x0000000718900000, 0x0000000718900000| Untracked 
| 364|0x0000000718a00000, 0x0000000718a00000, 0x0000000718b00000|  0%| F|  |TAMS 0x0000000718a00000, 0x0000000718a00000| Untracked 
| 365|0x0000000718b00000, 0x0000000718b00000, 0x0000000718c00000|  0%| F|  |TAMS 0x0000000718b00000, 0x0000000718b00000| Untracked 
| 366|0x0000000718c00000, 0x0000000718c00000, 0x0000000718d00000|  0%| F|  |TAMS 0x0000000718c00000, 0x0000000718c00000| Untracked 
| 367|0x0000000718d00000, 0x0000000718d00000, 0x0000000718e00000|  0%| F|  |TAMS 0x0000000718d00000, 0x0000000718d00000| Untracked 
| 368|0x0000000718e00000, 0x0000000718e00000, 0x0000000718f00000|  0%| F|  |TAMS 0x0000000718e00000, 0x0000000718e00000| Untracked 
| 369|0x0000000718f00000, 0x0000000718f00000, 0x0000000719000000|  0%| F|  |TAMS 0x0000000718f00000, 0x0000000718f00000| Untracked 
| 370|0x0000000719000000, 0x0000000719000000, 0x0000000719100000|  0%| F|  |TAMS 0x0000000719000000, 0x0000000719000000| Untracked 
| 371|0x0000000719100000, 0x0000000719100000, 0x0000000719200000|  0%| F|  |TAMS 0x0000000719100000, 0x0000000719100000| Untracked 
| 372|0x0000000719200000, 0x0000000719200000, 0x0000000719300000|  0%| F|  |TAMS 0x0000000719200000, 0x0000000719200000| Untracked 
| 373|0x0000000719300000, 0x0000000719300000, 0x0000000719400000|  0%| F|  |TAMS 0x0000000719300000, 0x0000000719300000| Untracked 
| 374|0x0000000719400000, 0x0000000719400000, 0x0000000719500000|  0%| F|  |TAMS 0x0000000719400000, 0x0000000719400000| Untracked 
| 375|0x0000000719500000, 0x0000000719500000, 0x0000000719600000|  0%| F|  |TAMS 0x0000000719500000, 0x0000000719500000| Untracked 
| 376|0x0000000719600000, 0x00000007196e69c0, 0x0000000719700000| 90%| E|  |TAMS 0x0000000719600000, 0x0000000719600000| Complete 
| 377|0x0000000719700000, 0x0000000719800000, 0x0000000719800000|100%| E|CS|TAMS 0x0000000719700000, 0x0000000719700000| Complete 
| 378|0x0000000719800000, 0x0000000719900000, 0x0000000719900000|100%| E|CS|TAMS 0x0000000719800000, 0x0000000719800000| Complete 
| 379|0x0000000719900000, 0x0000000719a00000, 0x0000000719a00000|100%| E|CS|TAMS 0x0000000719900000, 0x0000000719900000| Complete 
| 380|0x0000000719a00000, 0x0000000719b00000, 0x0000000719b00000|100%| E|CS|TAMS 0x0000000719a00000, 0x0000000719a00000| Complete 
| 381|0x0000000719b00000, 0x0000000719c00000, 0x0000000719c00000|100%| E|CS|TAMS 0x0000000719b00000, 0x0000000719b00000| Complete 
| 382|0x0000000719c00000, 0x0000000719d00000, 0x0000000719d00000|100%| E|CS|TAMS 0x0000000719c00000, 0x0000000719c00000| Complete 
| 383|0x0000000719d00000, 0x0000000719e00000, 0x0000000719e00000|100%| E|CS|TAMS 0x0000000719d00000, 0x0000000719d00000| Complete 
| 384|0x0000000719e00000, 0x0000000719f00000, 0x0000000719f00000|100%| E|CS|TAMS 0x0000000719e00000, 0x0000000719e00000| Complete 
| 385|0x0000000719f00000, 0x000000071a000000, 0x000000071a000000|100%| E|CS|TAMS 0x0000000719f00000, 0x0000000719f00000| Complete 
| 386|0x000000071a000000, 0x000000071a100000, 0x000000071a100000|100%| E|CS|TAMS 0x000000071a000000, 0x000000071a000000| Complete 
| 387|0x000000071a100000, 0x000000071a200000, 0x000000071a200000|100%| E|CS|TAMS 0x000000071a100000, 0x000000071a100000| Complete 
| 388|0x000000071a200000, 0x000000071a300000, 0x000000071a300000|100%| E|CS|TAMS 0x000000071a200000, 0x000000071a200000| Complete 
| 389|0x000000071a300000, 0x000000071a400000, 0x000000071a400000|100%| E|CS|TAMS 0x000000071a300000, 0x000000071a300000| Complete 
| 390|0x000000071a400000, 0x000000071a500000, 0x000000071a500000|100%| E|CS|TAMS 0x000000071a400000, 0x000000071a400000| Complete 
| 391|0x000000071a500000, 0x000000071a600000, 0x000000071a600000|100%| E|CS|TAMS 0x000000071a500000, 0x000000071a500000| Complete 
| 392|0x000000071a600000, 0x000000071a700000, 0x000000071a700000|100%| E|CS|TAMS 0x000000071a600000, 0x000000071a600000| Complete 
| 393|0x000000071a700000, 0x000000071a800000, 0x000000071a800000|100%| E|CS|TAMS 0x000000071a700000, 0x000000071a700000| Complete 
| 394|0x000000071a800000, 0x000000071a900000, 0x000000071a900000|100%| E|CS|TAMS 0x000000071a800000, 0x000000071a800000| Complete 
| 395|0x000000071a900000, 0x000000071aa00000, 0x000000071aa00000|100%| E|CS|TAMS 0x000000071a900000, 0x000000071a900000| Complete 
| 396|0x000000071aa00000, 0x000000071ab00000, 0x000000071ab00000|100%| E|CS|TAMS 0x000000071aa00000, 0x000000071aa00000| Complete 
| 397|0x000000071ab00000, 0x000000071ac00000, 0x000000071ac00000|100%| E|CS|TAMS 0x000000071ab00000, 0x000000071ab00000| Complete 
| 398|0x000000071ac00000, 0x000000071ad00000, 0x000000071ad00000|100%| E|CS|TAMS 0x000000071ac00000, 0x000000071ac00000| Complete 
| 399|0x000000071ad00000, 0x000000071ae00000, 0x000000071ae00000|100%| E|CS|TAMS 0x000000071ad00000, 0x000000071ad00000| Complete 
| 400|0x000000071ae00000, 0x000000071af00000, 0x000000071af00000|100%| E|CS|TAMS 0x000000071ae00000, 0x000000071ae00000| Complete 
| 401|0x000000071af00000, 0x000000071b000000, 0x000000071b000000|100%| E|CS|TAMS 0x000000071af00000, 0x000000071af00000| Complete 
| 402|0x000000071b000000, 0x000000071b100000, 0x000000071b100000|100%| E|CS|TAMS 0x000000071b000000, 0x000000071b000000| Complete 
| 403|0x000000071b100000, 0x000000071b200000, 0x000000071b200000|100%| E|CS|TAMS 0x000000071b100000, 0x000000071b100000| Complete 
| 404|0x000000071b200000, 0x000000071b300000, 0x000000071b300000|100%| E|  |TAMS 0x000000071b200000, 0x000000071b200000| Complete 
| 405|0x000000071b300000, 0x000000071b400000, 0x000000071b400000|100%| E|CS|TAMS 0x000000071b300000, 0x000000071b300000| Complete 
| 406|0x000000071b400000, 0x000000071b500000, 0x000000071b500000|100%| E|CS|TAMS 0x000000071b400000, 0x000000071b400000| Complete 
| 407|0x000000071b500000, 0x000000071b600000, 0x000000071b600000|100%| E|CS|TAMS 0x000000071b500000, 0x000000071b500000| Complete 
| 408|0x000000071b600000, 0x000000071b700000, 0x000000071b700000|100%| E|CS|TAMS 0x000000071b600000, 0x000000071b600000| Complete 
| 409|0x000000071b700000, 0x000000071b800000, 0x000000071b800000|100%| E|CS|TAMS 0x000000071b700000, 0x000000071b700000| Complete 
| 410|0x000000071b800000, 0x000000071b900000, 0x000000071b900000|100%| E|CS|TAMS 0x000000071b800000, 0x000000071b800000| Complete 
| 411|0x000000071b900000, 0x000000071ba00000, 0x000000071ba00000|100%| E|CS|TAMS 0x000000071b900000, 0x000000071b900000| Complete 
| 412|0x000000071ba00000, 0x000000071bb00000, 0x000000071bb00000|100%| E|CS|TAMS 0x000000071ba00000, 0x000000071ba00000| Complete 
| 413|0x000000071bb00000, 0x000000071bc00000, 0x000000071bc00000|100%| E|CS|TAMS 0x000000071bb00000, 0x000000071bb00000| Complete 
| 414|0x000000071bc00000, 0x000000071bd00000, 0x000000071bd00000|100%| E|CS|TAMS 0x000000071bc00000, 0x000000071bc00000| Complete 
| 415|0x000000071bd00000, 0x000000071be00000, 0x000000071be00000|100%| E|CS|TAMS 0x000000071bd00000, 0x000000071bd00000| Complete 
| 416|0x000000071be00000, 0x000000071bf00000, 0x000000071bf00000|100%| E|CS|TAMS 0x000000071be00000, 0x000000071be00000| Complete 
| 417|0x000000071bf00000, 0x000000071c000000, 0x000000071c000000|100%| E|CS|TAMS 0x000000071bf00000, 0x000000071bf00000| Complete 
| 418|0x000000071c000000, 0x000000071c100000, 0x000000071c100000|100%| E|CS|TAMS 0x000000071c000000, 0x000000071c000000| Complete 
| 419|0x000000071c100000, 0x000000071c200000, 0x000000071c200000|100%| E|CS|TAMS 0x000000071c100000, 0x000000071c100000| Complete 
| 420|0x000000071c200000, 0x000000071c300000, 0x000000071c300000|100%| E|CS|TAMS 0x000000071c200000, 0x000000071c200000| Complete 
| 421|0x000000071c300000, 0x000000071c400000, 0x000000071c400000|100%| E|CS|TAMS 0x000000071c300000, 0x000000071c300000| Complete 
| 422|0x000000071c400000, 0x000000071c500000, 0x000000071c500000|100%| E|CS|TAMS 0x000000071c400000, 0x000000071c400000| Complete 
| 423|0x000000071c500000, 0x000000071c600000, 0x000000071c600000|100%| E|CS|TAMS 0x000000071c500000, 0x000000071c500000| Complete 
| 424|0x000000071c600000, 0x000000071c700000, 0x000000071c700000|100%| E|CS|TAMS 0x000000071c600000, 0x000000071c600000| Complete 
| 425|0x000000071c700000, 0x000000071c800000, 0x000000071c800000|100%| E|CS|TAMS 0x000000071c700000, 0x000000071c700000| Complete 
| 426|0x000000071c800000, 0x000000071c900000, 0x000000071c900000|100%| E|CS|TAMS 0x000000071c800000, 0x000000071c800000| Complete 
| 427|0x000000071c900000, 0x000000071ca00000, 0x000000071ca00000|100%| E|CS|TAMS 0x000000071c900000, 0x000000071c900000| Complete 
| 428|0x000000071ca00000, 0x000000071cb00000, 0x000000071cb00000|100%| E|CS|TAMS 0x000000071ca00000, 0x000000071ca00000| Complete 
| 429|0x000000071cb00000, 0x000000071cc00000, 0x000000071cc00000|100%| E|CS|TAMS 0x000000071cb00000, 0x000000071cb00000| Complete 
| 430|0x000000071cc00000, 0x000000071cd00000, 0x000000071cd00000|100%| E|CS|TAMS 0x000000071cc00000, 0x000000071cc00000| Complete 
| 431|0x000000071cd00000, 0x000000071ce00000, 0x000000071ce00000|100%| E|CS|TAMS 0x000000071cd00000, 0x000000071cd00000| Complete 
| 432|0x000000071ce00000, 0x000000071cf00000, 0x000000071cf00000|100%| E|CS|TAMS 0x000000071ce00000, 0x000000071ce00000| Complete 
| 433|0x000000071cf00000, 0x000000071d000000, 0x000000071d000000|100%| E|CS|TAMS 0x000000071cf00000, 0x000000071cf00000| Complete 
| 434|0x000000071d000000, 0x000000071d100000, 0x000000071d100000|100%| E|CS|TAMS 0x000000071d000000, 0x000000071d000000| Complete 
| 435|0x000000071d100000, 0x000000071d200000, 0x000000071d200000|100%| E|CS|TAMS 0x000000071d100000, 0x000000071d100000| Complete 
| 436|0x000000071d200000, 0x000000071d300000, 0x000000071d300000|100%| E|CS|TAMS 0x000000071d200000, 0x000000071d200000| Complete 
| 437|0x000000071d300000, 0x000000071d400000, 0x000000071d400000|100%| E|CS|TAMS 0x000000071d300000, 0x000000071d300000| Complete 
| 438|0x000000071d400000, 0x000000071d500000, 0x000000071d500000|100%| E|CS|TAMS 0x000000071d400000, 0x000000071d400000| Complete 
| 439|0x000000071d500000, 0x000000071d600000, 0x000000071d600000|100%| E|CS|TAMS 0x000000071d500000, 0x000000071d500000| Complete 
| 440|0x000000071d600000, 0x000000071d700000, 0x000000071d700000|100%| E|CS|TAMS 0x000000071d600000, 0x000000071d600000| Complete 
| 441|0x000000071d700000, 0x000000071d800000, 0x000000071d800000|100%| E|CS|TAMS 0x000000071d700000, 0x000000071d700000| Complete 
| 442|0x000000071d800000, 0x000000071d900000, 0x000000071d900000|100%| E|CS|TAMS 0x000000071d800000, 0x000000071d800000| Complete 
| 443|0x000000071d900000, 0x000000071da00000, 0x000000071da00000|100%| E|CS|TAMS 0x000000071d900000, 0x000000071d900000| Complete 

Card table byte_map: [0x0000023871eb0000,0x00000238726b0000] _byte_map_base: 0x000002386e6a1000

Marking Bits (Prev, Next): (CMBitMap*) 0x000002386a029520, (CMBitMap*) 0x000002386a0294e8
 Prev Bits: [0x0000023876e40000, 0x000002387adc8000)
 Next Bits: [0x0000023872eb0000, 0x0000023876e38000)

Polling page: 0x00000238697b0000

Metaspace:

Usage:
  Non-class:    107.23 MB capacity,   103.60 MB ( 97%) used,     2.81 MB (  3%) free+waste,   838.50 KB ( <1%) overhead. 
      Class:     21.66 MB capacity,    18.03 MB ( 83%) used,     3.17 MB ( 15%) free+waste,   474.88 KB (  2%) overhead. 
       Both:    128.90 MB capacity,   121.64 MB ( 94%) used,     5.98 MB (  5%) free+waste,     1.28 MB ( <1%) overhead. 

Virtual space:
  Non-class space:      108.00 MB reserved,     107.35 MB (>99%) committed 
      Class space:        1.00 GB reserved,      21.70 MB (  2%) committed 
             Both:        1.11 GB reserved,     129.05 MB ( 11%) committed 

Chunk freelists:
   Non-Class:  6.62 KB
       Class:  3.25 KB
        Both:  9.88 KB

CodeHeap 'non-profiled nmethods': size=120064Kb used=6593Kb max_used=6593Kb free=113470Kb
 bounds [0x0000023807ac0000, 0x0000023808140000, 0x000002380f000000]
CodeHeap 'profiled nmethods': size=120000Kb used=24326Kb max_used=24326Kb free=95673Kb
 bounds [0x0000023800590000, 0x0000023801d60000, 0x0000023807ac0000]
CodeHeap 'non-nmethods': size=5696Kb used=1478Kb max_used=1546Kb free=4217Kb
 bounds [0x0000023800000000, 0x0000023800270000, 0x0000023800590000]
 total_blobs=12898 nmethods=11965 adapters=841
 compilation: enabled
              stopped_count=0, restarted_count=0
 full_count=0

Compilation events (10 events):
Event: 25.460 Thread 0x000002387dd0f800 12013       3       scala.collection.mutable.LinkedHashMap::initialSize (5 bytes)
Event: 25.460 Thread 0x000002387dd0f800 nmethod 12013 0x0000023801d30410 code [0x0000023801d305c0, 0x0000023801d30778]
Event: 25.460 Thread 0x000002387dd0f800 12012       1       scala.collection.mutable.LinkedHashMap::_loadFactor_$eq (6 bytes)
Event: 25.460 Thread 0x000002387dd0f800 nmethod 12012 0x0000023808128a10 code [0x0000023808128ba0, 0x0000023808128c58]
Event: 25.460 Thread 0x000002387dd0f800 12014       1       scala.collection.mutable.LinkedHashMap::sizemap_$eq (6 bytes)
Event: 25.461 Thread 0x000002387dd0f800 nmethod 12014 0x0000023808128d10 code [0x0000023808128ea0, 0x0000023808128fb8]
Event: 25.461 Thread 0x000002387dd0f800 12015       1       scala.collection.mutable.LinkedHashMap::seedvalue_$eq (6 bytes)
Event: 25.461 Thread 0x000002387dd0f800 nmethod 12015 0x0000023808129010 code [0x00000238081291a0, 0x0000023808129258]
Event: 25.462 Thread 0x000002387dd0f800 12017       3       java.io.Bits::putBoolean (14 bytes)
Event: 25.463 Thread 0x000002387dd0f800 nmethod 12017 0x0000023801d30890 code [0x0000023801d30a20, 0x0000023801d30b78]

GC Heap History (10 events):
Event: 23.013 GC heap before
{Heap before GC invocations=33 (full 0):
 garbage-first heap   total 315392K, used 190538K [0x0000000701e00000, 0x0000000800000000)
  region size 1024K, 9 young (9216K), 2 survivors (2048K)
 Metaspace       used 122206K, capacity 129087K, committed 129456K, reserved 1157120K
  class space    used 18077K, capacity 21636K, committed 21836K, reserved 1048576K
}
Event: 23.021 GC heap after
{Heap after GC invocations=34 (full 0):
 garbage-first heap   total 378880K, used 178120K [0x0000000701e00000, 0x0000000800000000)
  region size 1024K, 3 young (3072K), 3 survivors (3072K)
 Metaspace       used 122206K, capacity 129087K, committed 129456K, reserved 1157120K
  class space    used 18077K, capacity 21636K, committed 21836K, reserved 1048576K
}
Event: 23.329 GC heap before
{Heap before GC invocations=35 (full 0):
 garbage-first heap   total 378880K, used 193480K [0x0000000701e00000, 0x0000000800000000)
  region size 1024K, 17 young (17408K), 3 survivors (3072K)
 Metaspace       used 122413K, capacity 129352K, committed 129712K, reserved 1157120K
  class space    used 18091K, capacity 21652K, committed 21836K, reserved 1048576K
}
Event: 23.334 GC heap after
{Heap after GC invocations=36 (full 0):
 garbage-first heap   total 378880K, used 177535K [0x0000000701e00000, 0x0000000800000000)
  region size 1024K, 2 young (2048K), 2 survivors (2048K)
 Metaspace       used 122413K, capacity 129352K, committed 129712K, reserved 1157120K
  class space    used 18091K, capacity 21652K, committed 21836K, reserved 1048576K
}
Event: 23.518 GC heap before
{Heap before GC invocations=37 (full 0):
 garbage-first heap   total 378880K, used 187775K [0x0000000701e00000, 0x0000000800000000)
  region size 1024K, 11 young (11264K), 2 survivors (2048K)
 Metaspace       used 122487K, capacity 129484K, committed 129968K, reserved 1157120K
  class space    used 18104K, capacity 21674K, committed 21836K, reserved 1048576K
}
Event: 23.525 GC heap after
{Heap after GC invocations=38 (full 0):
 garbage-first heap   total 378880K, used 179838K [0x0000000701e00000, 0x0000000800000000)
  region size 1024K, 2 young (2048K), 2 survivors (2048K)
 Metaspace       used 122487K, capacity 129484K, committed 129968K, reserved 1157120K
  class space    used 18104K, capacity 21674K, committed 21836K, reserved 1048576K
}
Event: 23.779 GC heap before
{Heap before GC invocations=39 (full 0):
 garbage-first heap   total 378880K, used 200318K [0x0000000701e00000, 0x0000000800000000)
  region size 1024K, 16 young (16384K), 2 survivors (2048K)
 Metaspace       used 122860K, capacity 129942K, committed 130224K, reserved 1157120K
  class space    used 18167K, capacity 21759K, committed 21836K, reserved 1048576K
}
Event: 23.785 GC heap after
{Heap after GC invocations=40 (full 0):
 garbage-first heap   total 378880K, used 177986K [0x0000000701e00000, 0x0000000800000000)
  region size 1024K, 3 young (3072K), 3 survivors (3072K)
 Metaspace       used 122860K, capacity 129942K, committed 130224K, reserved 1157120K
  class space    used 18167K, capacity 21759K, committed 21836K, reserved 1048576K
}
Event: 24.136 GC heap before
{Heap before GC invocations=41 (full 0):
 garbage-first heap   total 378880K, used 189250K [0x0000000701e00000, 0x0000000800000000)
  region size 1024K, 13 young (13312K), 3 survivors (3072K)
 Metaspace       used 123077K, capacity 130228K, committed 130352K, reserved 1157120K
  class space    used 18232K, capacity 21852K, committed 21964K, reserved 1048576K
}
Event: 24.145 GC heap after
{Heap after GC invocations=42 (full 0):
 garbage-first heap   total 454656K, used 178004K [0x0000000701e00000, 0x0000000800000000)
  region size 1024K, 3 young (3072K), 3 survivors (3072K)
 Metaspace       used 123077K, capacity 130228K, committed 130352K, reserved 1157120K
  class space    used 18232K, capacity 21852K, committed 21964K, reserved 1048576K
}

Deoptimization events (10 events):
Event: 24.447 Thread 0x00000238155ff000 Uncommon trap: reason=profile_predicate action=maybe_recompile pc=0x0000023807fc6e8c method=org.apache.xbean.asm9.ClassReader.readCode(Lorg/apache/xbean/asm9/MethodVisitor;Lorg/apache/xbean/asm9/Context;I)V @ 2186 c2
Event: 24.447 Thread 0x00000238155ff000 Uncommon trap: reason=profile_predicate action=maybe_recompile pc=0x0000023807fc6e8c method=org.apache.xbean.asm9.ClassReader.readCode(Lorg/apache/xbean/asm9/MethodVisitor;Lorg/apache/xbean/asm9/Context;I)V @ 2186 c2
Event: 24.534 Thread 0x00000238110e8800 Uncommon trap: reason=class_check action=maybe_recompile pc=0x0000023807d01cc4 method=java.util.regex.Pattern$Curly.match1(Ljava/util/regex/Matcher;IILjava/lang/CharSequence;)Z @ 8 c2
Event: 24.534 Thread 0x00000238110e8800 Uncommon trap: reason=unstable_if action=reinterpret pc=0x0000023807d01a54 method=java.util.regex.Pattern$Curly.match1(Ljava/util/regex/Matcher;IILjava/lang/CharSequence;)Z @ 11 c2
Event: 24.534 Thread 0x00000238110e8800 Uncommon trap: reason=class_check action=maybe_recompile pc=0x0000023807d00234 method=java.util.regex.Pattern$Curly.match1(Ljava/util/regex/Matcher;IILjava/lang/CharSequence;)Z @ 8 c2
Event: 24.535 Thread 0x00000238110e8800 Uncommon trap: reason=unstable_if action=reinterpret pc=0x0000023807cfffa8 method=java.util.regex.Pattern$Curly.match1(Ljava/util/regex/Matcher;IILjava/lang/CharSequence;)Z @ 11 c2
Event: 24.654 Thread 0x00000238112b8800 Uncommon trap: reason=bimorphic_or_optimized_type_check action=maybe_recompile pc=0x0000023807ef22fc method=scala.collection.generic.Growable.loop$1(Lscala/collection/LinearSeq;)V @ 11 c2
Event: 25.312 Thread 0x0000023869fce800 Uncommon trap: reason=profile_predicate action=maybe_recompile pc=0x0000023808113d88 method=org.apache.xbean.asm9.ClassReader.readCode(Lorg/apache/xbean/asm9/MethodVisitor;Lorg/apache/xbean/asm9/Context;I)V @ 2190 c2
Event: 25.312 Thread 0x0000023869fce800 Uncommon trap: reason=profile_predicate action=maybe_recompile pc=0x0000023808113d88 method=org.apache.xbean.asm9.ClassReader.readCode(Lorg/apache/xbean/asm9/MethodVisitor;Lorg/apache/xbean/asm9/Context;I)V @ 2190 c2
Event: 25.313 Thread 0x0000023869fce800 Uncommon trap: reason=profile_predicate action=maybe_recompile pc=0x00000238080c822c method=org.apache.xbean.asm9.ClassReader.readCode(Lorg/apache/xbean/asm9/MethodVisitor;Lorg/apache/xbean/asm9/Context;I)V @ 2190 c2

Classes redefined (0 events):
No events

Internal exceptions (10 events):
Event: 25.405 Thread 0x0000023869fce800 Exception <a 'java/lang/NoSuchMethodError'{0x000000071a05aea0}: static Lorg/apache/spark/sql/catalyst/expressions/AggregateWindowFunction;.<clinit>()V> (0x000000071a05aea0) thrown at [./open/src/hotspot/share/prims/jni.cpp, line 1370]
Event: 25.406 Thread 0x0000023869fce800 Exception <a 'java/lang/NoSuchMethodError'{0x000000071a06f668}: static Lorg/apache/spark/sql/catalyst/expressions/SpecifiedWindowFrame;.<clinit>()V> (0x000000071a06f668) thrown at [./open/src/hotspot/share/prims/jni.cpp, line 1370]
Event: 25.408 Thread 0x0000023869fce800 Exception <a 'java/lang/NoSuchMethodError'{0x000000071a090da8}: static Lorg/apache/spark/sql/catalyst/expressions/LeafExpression;.<clinit>()V> (0x000000071a090da8) thrown at [./open/src/hotspot/share/prims/jni.cpp, line 1370]
Event: 25.409 Thread 0x0000023869fce800 Exception <a 'java/lang/NoSuchMethodError'{0x000000071a09fdb8}: static Lorg/apache/spark/sql/catalyst/expressions/LeafExpression;.<clinit>()V> (0x000000071a09fdb8) thrown at [./open/src/hotspot/share/prims/jni.cpp, line 1370]
Event: 25.410 Thread 0x0000023869fce800 Exception <a 'java/lang/NoSuchMethodError'{0x000000071a0b7c48}: static Lorg/apache/spark/sql/catalyst/expressions/And;.<clinit>()V> (0x000000071a0b7c48) thrown at [./open/src/hotspot/share/prims/jni.cpp, line 1370]
Event: 25.416 Thread 0x0000023869fce800 Exception <a 'java/lang/NoSuchMethodError'{0x0000000719f03228}: static Lorg/apache/spark/sql/catalyst/expressions/EqualNullSafe;.<clinit>()V> (0x0000000719f03228) thrown at [./open/src/hotspot/share/prims/jni.cpp, line 1370]
Event: 25.417 Thread 0x0000023869fce800 Exception <a 'java/lang/NoSuchMethodError'{0x0000000719f1b208}: static Lorg/apache/spark/sql/catalyst/expressions/Not;.<clinit>()V> (0x0000000719f1b208) thrown at [./open/src/hotspot/share/prims/jni.cpp, line 1370]
Event: 25.419 Thread 0x0000023869fce800 Exception <a 'java/lang/NoSuchMethodError'{0x0000000719f37088}: static Lorg/apache/spark/sql/catalyst/expressions/EqualTo;.<clinit>()V> (0x0000000719f37088) thrown at [./open/src/hotspot/share/prims/jni.cpp, line 1370]
Event: 25.420 Thread 0x0000023869fce800 Exception <a 'java/lang/NoSuchMethodError'{0x0000000719f4fd50}: static Lorg/apache/spark/sql/catalyst/expressions/WindowSpecDefinition;.<clinit>()V> (0x0000000719f4fd50) thrown at [./open/src/hotspot/share/prims/jni.cpp, line 1370]
Event: 25.422 Thread 0x0000023869fce800 Exception <a 'java/lang/NoSuchMethodError'{0x0000000719f63160}: static [Lscala/Function1;.<clinit>()V> (0x0000000719f63160) thrown at [./open/src/hotspot/share/prims/jni.cpp, line 1370]

Events (10 events):
Event: 25.375 loading class org/apache/spark/rdd/RDD
Event: 25.375 loading class org/apache/spark/rdd/RDD done
Event: 25.422 loading class scala/Function1
Event: 25.422 loading class scala/Function1 done
Event: 25.452 Executing VM operation: RevokeBias
Event: 25.453 Executing VM operation: RevokeBias done
Event: 25.462 Executing VM operation: RevokeBias
Event: 25.462 Executing VM operation: RevokeBias done
Event: 25.468 Executing VM operation: RevokeBias
Event: 25.468 Executing VM operation: RevokeBias done


Dynamic libraries:
0x00007ff69c600000 - 0x00007ff69c610000 	C:\Program Files\Java\jdk-11.0.32.1\bin\java.exe
0x00007ffad94e0000 - 0x00007ffad96ea000 	C:\Windows\SYSTEM32\ntdll.dll
0x00007ffad82d0000 - 0x00007ffad838d000 	C:\Windows\System32\KERNEL32.DLL
0x00007ffad6940000 - 0x00007ffad6cc5000 	C:\Windows\System32\KERNELBASE.dll
0x00007ffad6e70000 - 0x00007ffad6f81000 	C:\Windows\System32\ucrtbase.dll
0x00007ffa92d20000 - 0x00007ffa92d39000 	C:\Program Files\Java\jdk-11.0.32.1\bin\jli.dll
0x00007ffad8040000 - 0x00007ffad80f1000 	C:\Windows\System32\ADVAPI32.dll
0x00007ffad7cd0000 - 0x00007ffad7d73000 	C:\Windows\System32\msvcrt.dll
0x00007ffad8590000 - 0x00007ffad8631000 	C:\Windows\System32\sechost.dll
0x00007ffad6cd0000 - 0x00007ffad6cf7000 	C:\Windows\System32\bcrypt.dll
0x00007ffad7d80000 - 0x00007ffad7ea1000 	C:\Windows\System32\RPCRT4.dll
0x00007ffad89d0000 - 0x00007ffad8b7c000 	C:\Windows\System32\USER32.dll
0x00007ffad7080000 - 0x00007ffad70a6000 	C:\Windows\System32\win32u.dll
0x00007ffad7eb0000 - 0x00007ffad7ed9000 	C:\Windows\System32\GDI32.dll
0x00007ffad70b0000 - 0x00007ffad71cc000 	C:\Windows\System32\gdi32full.dll
0x00007ffad7290000 - 0x00007ffad732d000 	C:\Windows\System32\msvcp_win.dll
0x00007ffad5b60000 - 0x00007ffad5e05000 	C:\Windows\WinSxS\amd64_microsoft.windows.common-controls_6595b64144ccf1df_6.0.22000.2600_none_1b65155c6ae217ae\COMCTL32.dll
0x00007ffad4760000 - 0x00007ffad476a000 	C:\Windows\SYSTEM32\VERSION.dll
0x00007ffa9b900000 - 0x00007ffa9b91e000 	C:\Program Files\Java\jdk-11.0.32.1\bin\VCRUNTIME140.dll
0x00007ffad88b0000 - 0x00007ffad88e1000 	C:\Windows\System32\IMM32.DLL
0x00007ffac2650000 - 0x00007ffac265c000 	C:\Program Files\Java\jdk-11.0.32.1\bin\vcruntime140_1.dll
0x00007ffa83c30000 - 0x00007ffa83cbd000 	C:\Program Files\Java\jdk-11.0.32.1\bin\msvcp140.dll
0x00007ffa57f20000 - 0x00007ffa58a96000 	C:\Program Files\Java\jdk-11.0.32.1\bin\server\jvm.dll
0x00007ffad7fd0000 - 0x00007ffad7fd8000 	C:\Windows\System32\PSAPI.DLL
0x00007ffaafae0000 - 0x00007ffaafae9000 	C:\Windows\SYSTEM32\WSOCK32.dll
0x00007ffad88f0000 - 0x00007ffad895f000 	C:\Windows\System32\WS2_32.dll
0x00007ffac99a0000 - 0x00007ffac99d3000 	C:\Windows\SYSTEM32\WINMM.dll
0x00007ffad4ae0000 - 0x00007ffad4af8000 	C:\Windows\SYSTEM32\kernel.appcore.dll
0x00007ffab98a0000 - 0x00007ffab98b0000 	C:\Program Files\Java\jdk-11.0.32.1\bin\verify.dll
0x00007ffad61a0000 - 0x00007ffad63c1000 	C:\Windows\SYSTEM32\DBGHELP.DLL
0x00007ffad60e0000 - 0x00007ffad6111000 	C:\Windows\SYSTEM32\dbgcore.DLL
0x00007ffad6f90000 - 0x00007ffad700f000 	C:\Windows\System32\bcryptPrimitives.dll
0x00007ffa92c70000 - 0x00007ffa92c99000 	C:\Program Files\Java\jdk-11.0.32.1\bin\java.dll
0x00007ffab9830000 - 0x00007ffab983a000 	C:\Program Files\Java\jdk-11.0.32.1\bin\jimage.dll
0x00007ffac8ed0000 - 0x00007ffac8ede000 	C:\Program Files\Java\jdk-11.0.32.1\bin\instrument.dll
0x00007ffa91470000 - 0x00007ffa91487000 	C:\Program Files\Java\jdk-11.0.32.1\bin\zip.dll
0x00007ffad7330000 - 0x00007ffad7af6000 	C:\Windows\System32\SHELL32.dll
0x00007ffad3b40000 - 0x00007ffad43a4000 	C:\Windows\SYSTEM32\windows.storage.dll
0x00007ffad8c80000 - 0x00007ffad8ff6000 	C:\Windows\System32\combase.dll
0x00007ffad39d0000 - 0x00007ffad3b37000 	C:\Windows\SYSTEM32\wintypes.dll
0x00007ffad7ee0000 - 0x00007ffad7fca000 	C:\Windows\System32\SHCORE.dll
0x00007ffad7fe0000 - 0x00007ffad803d000 	C:\Windows\System32\shlwapi.dll
0x00007ffad6870000 - 0x00007ffad6891000 	C:\Windows\SYSTEM32\profapi.dll
0x00007ffad6170000 - 0x00007ffad618b000 	C:\Program Files\Java\jdk-11.0.32.1\bin\net.dll
0x00007ffaca030000 - 0x00007ffaca144000 	C:\Windows\SYSTEM32\WINHTTP.dll
0x00007ffad4f30000 - 0x00007ffad4f97000 	C:\Windows\system32\mswsock.dll
0x00007ffad6140000 - 0x00007ffad6153000 	C:\Program Files\Java\jdk-11.0.32.1\bin\nio.dll
0x00007ffac8ec0000 - 0x00007ffac8ec9000 	C:\Program Files\Java\jdk-11.0.32.1\bin\management.dll
0x00007ffac8070000 - 0x00007ffac807c000 	C:\Program Files\Java\jdk-11.0.32.1\bin\management_ext.dll
0x00007ffab4a50000 - 0x00007ffab4a67000 	C:\Windows\system32\napinsp.dll
0x00007ffaa4990000 - 0x00007ffaa49ab000 	C:\Windows\system32\pnrpnsp.dll
0x00007ffad4630000 - 0x00007ffad4717000 	C:\Windows\SYSTEM32\DNSAPI.dll
0x00007ffad4600000 - 0x00007ffad462d000 	C:\Windows\SYSTEM32\IPHLPAPI.DLL
0x00007ffad8100000 - 0x00007ffad8109000 	C:\Windows\System32\NSI.dll
0x00007ffa428b0000 - 0x00007ffa428c2000 	C:\Windows\System32\winrnr.dll
0x00007ffac46a0000 - 0x00007ffac46b5000 	C:\Windows\system32\wshbth.dll
0x00007ffab9fb0000 - 0x00007ffab9fcf000 	C:\Windows\system32\nlansp_c.dll
0x00000000760c0000 - 0x00000000760e6000 	C:\Program Files\Bonjour\mdnsNSP.dll
0x00007ffac31f0000 - 0x00007ffac31fa000 	C:\Windows\System32\rasadhlp.dll
0x00007ffac43e0000 - 0x00007ffac4461000 	C:\Windows\System32\fwpuclnt.dll
0x00007ffac7ff0000 - 0x00007ffac7ff9000 	C:\Program Files\Java\jdk-11.0.32.1\bin\jaas.dll
0x00007ffad64f0000 - 0x00007ffad6508000 	C:\Windows\SYSTEM32\CRYPTSP.dll
0x00007ffad4a40000 - 0x00007ffad4a75000 	C:\Windows\system32\rsaenh.dll
0x00007ffad4fd0000 - 0x00007ffad4ff9000 	C:\Windows\SYSTEM32\USERENV.dll
0x00007ffad5120000 - 0x00007ffad512c000 	C:\Windows\SYSTEM32\CRYPTBASE.dll
0x00007ffac9f90000 - 0x00007ffac9fa9000 	C:\Windows\SYSTEM32\dhcpcsvc6.DLL
0x00007ffaca3b0000 - 0x00007ffaca3ce000 	C:\Windows\SYSTEM32\dhcpcsvc.DLL
0x0000000066f40000 - 0x0000000066fc4000 	C:\Users\admin\AppData\Local\Temp\liblz4-java-14693265010241020314.so

dbghelp: loaded successfully - version: 4.0.5 - missing functions: none
symbol engine: initialized successfully - sym options: 0x614 - pdb path: .;C:\Program Files\Java\jdk-11.0.32.1\bin;C:\Windows\SYSTEM32;C:\Windows\WinSxS\amd64_microsoft.windows.common-controls_6595b64144ccf1df_6.0.22000.2600_none_1b65155c6ae217ae;C:\Program Files\Java\jdk-11.0.32.1\bin\server;C:\Program Files\Bonjour;C:\Users\admin\AppData\Local\Temp

VM Arguments:
jvm_args: -javaagent:C:\Program Files\JetBrains\IntelliJ IDEA 2026.2.0.1\lib\idea_rt.jar=55379 -Dfile.encoding=UTF-8 
java_command: com.ecommerce.analytics.MainApp
java_class_path (initial): C:\Users\admin\Desktop\projet_scala\EcommerceAnalytics\target\scala-2.12\classes;C:\Users\admin\.sbt\boot\scala-2.12.18\lib\scala-library.jar;C:\Users\admin\AppData\Local\Coursier\cache\v1\https\repo1.maven.org\maven2\org\apache\spark\spark-core_2.12\3.5.0\spark-core_2.12-3.5.0.jar;C:\Users\admin\AppData\Local\Coursier\cache\v1\https\repo1.maven.org\maven2\org\apache\spark\spark-sql_2.12\3.5.0\spark-sql_2.12-3.5.0.jar;C:\Users\admin\AppData\Local\Coursier\cache\v1\https\repo1.maven.org\maven2\org\apache\avro\avro\1.11.2\avro-1.11.2.jar;C:\Users\admin\AppData\Local\Coursier\cache\v1\https\repo1.maven.org\maven2\org\apache\avro\avro-mapred\1.11.2\avro-mapred-1.11.2.jar;C:\Users\admin\AppData\Local\Coursier\cache\v1\https\repo1.maven.org\maven2\com\twitter\chill_2.12\0.10.0\chill_2.12-0.10.0.jar;C:\Users\admin\AppData\Local\Coursier\cache\v1\https\repo1.maven.org\maven2\com\twitter\chill-java\0.10.0\chill-java-0.10.0.jar;C:\Users\admin\AppData\Local\Coursier\cache\v1\https\repo1.maven.org\maven2\org\apache\xbean\xbean-asm9-shaded\4.23\xbean-asm9-shaded-4.23.jar;C:\Users\admin\AppData\Local\Coursier\cache\v1\https\repo1.maven.org\maven2\org\apache\hadoop\hadoop-client-api\3.3.4\hadoop-client-api-3.3.4.jar;C:\Users\admin\AppData\Local\Coursier\cache\v1\https\repo1.maven.org\maven2\org\apache\hadoop\hadoop-client-runtime\3.3.4\hadoop-client-runtime-3.3.4.jar;C:\Users\admin\AppData\Local\Coursier\cache\v1\https\repo1.maven.org\maven2\org\apache\spark\spark-launcher_2.12\3.5.0\spark-launcher_2.12-3.5.0.jar;C:\Users\admin\AppData\Local\Coursier\cache\v1\https\repo1.maven.org\maven2\org\apache\spark\spark-kvstore_2.12\3.5.0\spark-kvstore_2.12-3.5.0.jar;C:\Users\admin\AppData\Local\Coursier\cache\v1\https\repo1.maven.org\maven2\org\apache\spark\spark-network-common_2.12\3.5.0\spark-network-common_2.12-3.5.0.jar;C:\Users\admin\AppData\Local\Coursier\cache\v1\https\repo1.maven.org\maven2\org\apache\spark\spark-network-shuffle_2.12\3.5.0\spark-network
Launcher Type: SUN_STANDARD

[Global flags]
     intx CICompilerCount                          = 3                                         {product} {ergonomic}
     uint ConcGCThreads                            = 1                                         {product} {ergonomic}
     uint G1ConcRefinementThreads                  = 4                                         {product} {ergonomic}
   size_t G1HeapRegionSize                         = 1048576                                   {product} {ergonomic}
    uintx GCDrainStackTargetSize                   = 64                                        {product} {ergonomic}
   size_t InitialHeapSize                          = 268435456                                 {product} {ergonomic}
   size_t MarkStackSize                            = 4194304                                   {product} {ergonomic}
   size_t MaxHeapSize                              = 4263510016                                {product} {ergonomic}
   size_t MaxNewSize                               = 2557476864                                {product} {ergonomic}
   size_t MinHeapDeltaBytes                        = 1048576                                   {product} {ergonomic}
    uintx NonNMethodCodeHeapSize                   = 5830732                                {pd product} {ergonomic}
    uintx NonProfiledCodeHeapSize                  = 122913754                              {pd product} {ergonomic}
    uintx ProfiledCodeHeapSize                     = 122913754                              {pd product} {ergonomic}
    uintx ReservedCodeCacheSize                    = 251658240                              {pd product} {ergonomic}
     bool SegmentedCodeCache                       = true                                      {product} {ergonomic}
     bool UseCompressedClassPointers               = true                                 {lp64_product} {ergonomic}
     bool UseCompressedOops                        = true                                 {lp64_product} {ergonomic}
     bool UseG1GC                                  = true                                      {product} {ergonomic}
     bool UseLargePagesIndividualAllocation        = false                                  {pd product} {ergonomic}

Logging:
Log output configuration:
 #0: stdout all=warning uptime,level,tags
 #1: stderr all=off uptime,level,tags

Environment Variables:
JAVA_HOME=C:\Program Files\Microsoft\jdk-17.0.17.10-hotspot
PATH=C:\Program Files\Zulu\zulu-11\bin\;C:\Program Files\Common Files\Oracle\Java\javapath;C:\Program Files (x86)\SPSS Clementine\11.1\bin\;C:\app\admin\product\21c\dbhomeXE\bin;C:\Program Files\Microsoft\jdk-17.0.17.10-hotspot\bin;C:\Program Files\Azure Data Studio\bin;C:\Program Files (x86)\Microsoft SQL Server\160\Tools\Binn\;C:\Program Files\Microsoft SQL Server\160\Tools\Binn\;C:\Program Files\Microsoft SQL Server\Client SDK\ODBC\170\Tools\Binn\;C:\Program Files\Microsoft SQL Server\160\DTS\Binn\;C:\Program Files\Microsoft SQL Server\170\DTS\Binn\;C:\Program Files (x86)\Common Files\Oracle\Java\javapath;C:\Windows\system32;C:\Windows;C:\Windows\System32\Wbem;C:\Windows\System32\WindowsPowerShell\v1.0\;C:\Windows\System32\OpenSSH\;C:\Program Files\apache-maven-3.9.12-bin\apache-maven-3.9.12\bin;C:\Program Files\curl-8.18.0_1-win64a-mingw\curl-8.18.0_1-win64a-mingw\bin;C:\Program Files\Git\cmd;C:\Program Files (x86)\scala\bin;C:\Users\admin\AppData\Local\Programs\Python\Python312\Scripts\;C:\Users\admin\AppData\Local\Programs\Python\Python312\;C:\Users\admin\AppData\Local\Programs\Python\Launcher\;C:\Users\admin\AppData\Local\Microsoft\WindowsApps;C:\Program Files\Azure Data Studio\bin;C:\Users\admin\AppData\Local\Programs\Microsoft VS Code\bin;C:\Program Files\Microsoft\jdk-17.0.17.10-hotspot;C:\Program Files\JetBrains\IntelliJ IDEA 2026.2.0.1\bin
USERNAME=admin
OS=Windows_NT
PROCESSOR_IDENTIFIER=Intel64 Family 6 Model 78 Stepping 3, GenuineIntel



---------------  S Y S T E M  ---------------

OS: Windows 11 , 64 bit Build 22000 (10.0.22000.2836)
Hyper-V role detected

CPU:total 4 (initial active 4) (2 cores per cpu, 2 threads per core) family 6 model 78 stepping 3 microcode 0xf0, cmov, cx8, fxsr, mmx, sse, sse2, sse3, ssse3, sse4.1, sse4.2, popcnt, avx, avx2, aes, clmul, erms, rtm, 3dnowpref, lzcnt, ht, tsc, tscinvbit, bmi1, bmi2, adx, fma

Memory: 4k page, system-wide physical 16263M (2641M free)
TotalPageFile size 19293M (AvailPageFile size 3581M)
current process WorkingSet (physical memory assigned to process): 703M, peak: 705M
current process commit charge ("private bytes"): 793M, peak: 796M

vm_info: Java HotSpot(TM) 64-Bit Server VM (11.0.32.1+1-LTS-5) for windows-amd64 JRE (11.0.32.1+1-LTS-5), built on Jul 15 2026 19:43:58 by "mach5run" with MS VC++ 17.13 (VS2022)

END.
