JvmtiExport can_access_local_variables 0
JvmtiExport can_hotswap_or_post_breakpoint 0
JvmtiExport can_post_on_exceptions 0
# 327 ciObject found
instanceKlass org/apache/spark/util/collection/unsafe/sort/UnsafeExternalSorter$$Lambda$3834
instanceKlass org/apache/spark/util/collection/unsafe/sort/UnsafeInMemorySorter$SortComparator
instanceKlass org/apache/spark/util/collection/SortDataFormat
instanceKlass org/apache/spark/util/collection/unsafe/sort/UnsafeInMemorySorter
instanceKlass org/apache/spark/util/collection/unsafe/sort/UnsafeSorterIterator
instanceKlass org/apache/spark/sql/execution/UnsafeExternalRowSorter$$Lambda$3833
instanceKlass org/apache/spark/util/collection/unsafe/sort/PrefixComparators$StringPrefixComparator
instanceKlass org/apache/spark/util/collection/unsafe/sort/PrefixComparators$DoublePrefixComparator
instanceKlass org/apache/spark/util/collection/unsafe/sort/PrefixComparators$BinaryPrefixComparator
instanceKlass org/apache/spark/util/collection/unsafe/sort/PrefixComparators
instanceKlass org/apache/spark/sql/execution/UnsafeExternalRowSorter$PrefixComputer$Prefix
instanceKlass org/apache/spark/sql/execution/SortPrefixUtils$
instanceKlass org/apache/spark/sql/catalyst/util/SQLOrderingUtil
instanceKlass java/util/function/ToDoubleFunction
instanceKlass java/util/function/ToLongFunction
instanceKlass scala/math/Ordering$Unit$
instanceKlass scala/math/Ordering$UnitOrdering
instanceKlass scala/math/Ordering$Tuple9Ordering
instanceKlass scala/math/Ordering$Tuple8Ordering
instanceKlass scala/math/Ordering$Tuple7Ordering
instanceKlass scala/math/Ordering$Tuple6Ordering
instanceKlass scala/math/Ordering$Tuple5Ordering
instanceKlass scala/math/Ordering$Tuple4Ordering
instanceKlass scala/math/Ordering$Tuple3Ordering
instanceKlass scala/math/Ordering$OptionOrdering
instanceKlass scala/math/Ordering$Ops
instanceKlass scala/math/Ordering$IterableOrdering
instanceKlass scala/math/Ordering$Implicits$
instanceKlass scala/math/Ordering$Float$
instanceKlass scala/math/Ordering$ExtraImplicits
instanceKlass scala/math/Ordering$Char$
instanceKlass scala/math/Ordering$CharOrdering
instanceKlass scala/math/Ordering$BigDecimal$
instanceKlass scala/math/Ordering$BigDecimalOrdering
instanceKlass org/apache/spark/sql/catalyst/expressions/codegen/GenerateOrdering$$$Lambda$3832
instanceKlass org/apache/spark/sql/catalyst/expressions/codegen/GenerateOrdering$$$Lambda$3831
instanceKlass org/apache/spark/sql/catalyst/expressions/codegen/GenerateOrdering$$$Lambda$3830
instanceKlass org/apache/spark/sql/catalyst/util/SQLOrderingUtil$
instanceKlass org/apache/spark/sql/catalyst/expressions/codegen/GenerateOrdering$$$Lambda$3829
instanceKlass org/apache/spark/sql/catalyst/expressions/codegen/GenerateOrdering$$$Lambda$3828
instanceKlass org/apache/spark/sql/catalyst/expressions/codegen/GenerateOrdering$$$Lambda$3827
instanceKlass org/apache/spark/rdd/RDD$$Lambda$3826
instanceKlass java/lang/invoke/LambdaForm$MH
instanceKlass java/lang/invoke/LambdaForm$MH
instanceKlass java/lang/invoke/LambdaForm$MH
instanceKlass java/lang/invoke/LambdaForm$MH
instanceKlass java/lang/invoke/LambdaForm$MH
instanceKlass java/lang/invoke/LambdaForm$BMH
instanceKlass org/apache/spark/sql/execution/window/WindowExec$$Lambda$3825
instanceKlass java/lang/invoke/LambdaForm$MH
instanceKlass java/lang/invoke/LambdaForm$MH
instanceKlass java/lang/invoke/LambdaForm$MH
instanceKlass java/lang/invoke/LambdaForm$MH
instanceKlass java/lang/invoke/LambdaForm$MH
instanceKlass java/lang/invoke/LambdaForm$MH
instanceKlass java/lang/invoke/LambdaForm$BMH
instanceKlass java/lang/invoke/LambdaForm$MH
instanceKlass org/apache/spark/sql/execution/window/WindowExecBase$$Lambda$3824
instanceKlass java/lang/invoke/LambdaForm$MH
instanceKlass java/lang/invoke/LambdaForm$MH
instanceKlass java/lang/invoke/LambdaForm$DMH
instanceKlass java/lang/invoke/LambdaForm$MH
instanceKlass java/lang/invoke/LambdaForm$MH
instanceKlass java/lang/invoke/LambdaForm$MH
instanceKlass java/lang/invoke/LambdaForm$MH
instanceKlass java/lang/invoke/LambdaForm$MH
instanceKlass java/lang/invoke/LambdaForm$MH
instanceKlass java/lang/invoke/LambdaForm$MH
instanceKlass java/lang/invoke/LambdaForm$DMH
instanceKlass java/lang/invoke/LambdaForm$MH
instanceKlass java/lang/invoke/LambdaForm$MH
instanceKlass java/lang/invoke/LambdaForm$MH
instanceKlass java/lang/invoke/LambdaForm$DMH
instanceKlass org/apache/spark/sql/execution/window/AggregateProcessor
instanceKlass org/apache/spark/rdd/RDD$$Lambda$3823
instanceKlass org/apache/spark/rdd/RDD$$Lambda$3822
instanceKlass java/lang/invoke/LambdaForm$MH
instanceKlass java/lang/invoke/LambdaForm$DMH
instanceKlass org/apache/spark/sql/execution/window/WindowExec$$Lambda$3821
instanceKlass java/lang/invoke/LambdaForm$DMH
instanceKlass org/apache/spark/util/collection/unsafe/sort/PrefixComparator
instanceKlass org/apache/spark/sql/execution/SortExec$$Lambda$3820
instanceKlass org/apache/spark/sql/execution/SortExec$$Lambda$3819
instanceKlass org/apache/spark/sql/execution/UnsafeExternalRowSorter
instanceKlass org/apache/spark/sql/execution/SortExec$$Lambda$3818
instanceKlass org/apache/spark/sql/execution/window/WindowExec$$Lambda$3817
instanceKlass org/apache/spark/sql/execution/window/WindowExec$$Lambda$3816
instanceKlass org/apache/spark/sql/execution/window/WindowExecBase$$Lambda$3815
instanceKlass org/apache/spark/sql/execution/window/WindowFunctionFrame
instanceKlass org/apache/spark/sql/execution/window/WindowExecBase$$Lambda$3814
instanceKlass org/apache/spark/sql/execution/window/WindowExecBase$$Lambda$3813
instanceKlass org/apache/spark/sql/execution/window/WindowExecBase$$Lambda$3812
instanceKlass org/apache/spark/sql/execution/window/WindowExecBase$$Lambda$3811
instanceKlass org/apache/spark/sql/catalyst/InternalRow$$$Lambda$3810
instanceKlass org/apache/spark/sql/catalyst/InternalRow$$$Lambda$3809
instanceKlass scala/collection/parallel/immutable/ParVector
instanceKlass scala/collection/parallel/immutable/ParSeq
instanceKlass org/apache/spark/sql/execution/ProjectEvaluatorFactory
instanceKlass org/apache/spark/sql/catalyst/util/TimestampFormatter
instanceKlass org/apache/spark/sql/catalyst/util/DateFormatter
instanceKlass org/apache/spark/sql/types/Decimal$DecimalIsFractional$
instanceKlass org/apache/spark/sql/types/Decimal$DecimalIsConflicted
instanceKlass org/apache/spark/sql/execution/joins/JoinCodegenSupport$$Lambda$3808
instanceKlass org/apache/spark/sql/execution/joins/JoinCodegenSupport$$Lambda$3807
instanceKlass org/apache/spark/sql/execution/joins/JoinCodegenSupport$$Lambda$3806
instanceKlass org/apache/spark/sql/execution/joins/EmptyHashedRelation$
instanceKlass org/apache/spark/sql/execution/joins/HashedRelationInfo
instanceKlass org/apache/spark/sql/execution/joins/BroadcastHashJoinExec$$Lambda$3805
instanceKlass org/apache/spark/sql/execution/SparkPlan$$Lambda$3804
instanceKlass org/apache/spark/sql/catalyst/expressions/Cast$$Lambda$3803
instanceKlass org/apache/spark/sql/execution/adaptive/CoalesceShufflePartitions$$Lambda$3802
instanceKlass org/apache/spark/sql/execution/joins/UnsafeHashedRelation$$Lambda$3801
instanceKlass org/apache/spark/sql/execution/joins/UnsafeHashedRelation$$Lambda$3800
instanceKlass org/apache/spark/sql/execution/joins/UnsafeHashedRelation$$Lambda$3799
instanceKlass org/apache/spark/sql/execution/joins/UnsafeHashedRelation$$Lambda$3798
instanceKlass org/apache/spark/sql/execution/joins/ValueRowWithKeyIndex
instanceKlass org/apache/spark/sql/execution/joins/UnsafeHashedRelation
instanceKlass org/apache/spark/sql/execution/joins/UnsafeHashedRelation$$$Lambda$3797
instanceKlass org/apache/spark/sql/execution/joins/UnsafeHashedRelation$$$Lambda$3796
instanceKlass org/apache/spark/sql/execution/joins/UnsafeHashedRelation$$$Lambda$3795
instanceKlass org/apache/spark/sql/execution/joins/UnsafeHashedRelation$
instanceKlass org/apache/spark/sql/execution/joins/HashedRelation$$$Lambda$3794
instanceKlass org/apache/spark/sql/execution/joins/HashedRelation
instanceKlass org/apache/spark/sql/execution/joins/HashedRelation$
instanceKlass org/apache/spark/sql/execution/SparkPlan$$Lambda$3793
instanceKlass org/apache/spark/sql/execution/SparkPlan$$Lambda$3792
instanceKlass org/apache/spark/sql/catalyst/expressions/aggregate/PivotFirst$$Lambda$3791
instanceKlass org/apache/spark/sql/catalyst/expressions/SpecializedGettersReader
instanceKlass org/apache/spark/sql/catalyst/expressions/aggregate/PivotFirst$$Lambda$3790
instanceKlass org/apache/spark/sql/execution/aggregate/AggregationIterator$$Lambda$3789
instanceKlass org/apache/spark/sql/catalyst/expressions/codegen/GenerateUnsafeProjection$$$Lambda$3788
instanceKlass org/apache/spark/sql/catalyst/expressions/SpecificInternalRow$$Lambda$3787
instanceKlass org/apache/spark/sql/execution/aggregate/AggregationIterator$$Lambda$3786
instanceKlass org/apache/spark/sql/catalyst/expressions/MutableValue
instanceKlass org/apache/spark/sql/execution/aggregate/AggregationIterator$$Lambda$3785
instanceKlass org/apache/spark/sql/execution/aggregate/AggregationIterator$$Lambda$3784
instanceKlass org/apache/spark/sql/execution/aggregate/AggregationIterator$$Lambda$3783
instanceKlass org/apache/spark/sql/execution/aggregate/AggregationIterator$$anonfun$1$$Lambda$3782
instanceKlass org/apache/spark/sql/execution/ProjectExec$$Lambda$3781
instanceKlass org/apache/spark/sql/execution/ProjectExec$$Lambda$3780
instanceKlass org/apache/spark/sql/catalyst/expressions/GetArrayItem$$Lambda$3779
instanceKlass org/apache/spark/sql/execution/ProjectExec$$Lambda$3778
instanceKlass org/apache/spark/sql/execution/ProjectExec$$Lambda$3777
instanceKlass org/apache/spark/sql/catalyst/expressions/AttributeSet$$Lambda$3776
instanceKlass org/apache/spark/sql/execution/ProjectExec$$Lambda$3775
instanceKlass org/apache/spark/sql/execution/ProjectExec$$Lambda$3774
instanceKlass org/apache/spark/sql/execution/ProjectExec$$Lambda$3773
instanceKlass org/apache/spark/sql/execution/ProjectExec$$Lambda$3772
instanceKlass org/apache/spark/sql/catalyst/InternalRow$$$Lambda$3771
instanceKlass org/apache/spark/sql/execution/SQLExecution$$$Lambda$3770
instanceKlass org/apache/spark/sql/execution/exchange/BroadcastExchangeExec$$Lambda$3769
instanceKlass org/apache/spark/sql/execution/exchange/BroadcastExchangeExec$
instanceKlass org/apache/spark/sql/execution/exchange/BroadcastExchangeLike$$Lambda$3768
instanceKlass org/apache/spark/sql/execution/aggregate/TungstenAggregationIterator$$Lambda$3767
instanceKlass org/apache/spark/sql/execution/aggregate/TungstenAggregationIterator$$Lambda$3766
instanceKlass org/apache/spark/sql/execution/aggregate/TungstenAggregationIterator$$Lambda$3765
instanceKlass org/apache/spark/sql/catalyst/expressions/aggregate/PivotFirst$$Lambda$3764
instanceKlass org/apache/spark/sql/execution/aggregate/TungstenAggregationIterator$$Lambda$3763
instanceKlass org/apache/spark/sql/execution/aggregate/TungstenAggregationIterator$$Lambda$3762
instanceKlass org/apache/spark/sql/execution/aggregate/TungstenAggregationIterator$$Lambda$3761
instanceKlass org/apache/spark/sql/catalyst/expressions/aggregate/PivotFirst$$Lambda$3760
instanceKlass org/apache/spark/sql/execution/aggregate/TungstenAggregationIterator$$Lambda$3759
instanceKlass org/apache/spark/sql/execution/aggregate/TungstenAggregationIterator$$Lambda$3758
instanceKlass org/apache/spark/sql/execution/aggregate/TungstenAggregationIterator$$Lambda$3757
instanceKlass org/apache/spark/sql/execution/aggregate/TungstenAggregationIterator$$Lambda$3756
instanceKlass org/apache/spark/sql/catalyst/expressions/codegen/GenerateUnsafeRowJoiner$$$Lambda$3755
instanceKlass org/apache/spark/sql/catalyst/expressions/codegen/GenerateUnsafeRowJoiner$$$Lambda$3754
instanceKlass java/lang/invoke/LambdaForm$MH
instanceKlass java/lang/invoke/LambdaForm$DMH
instanceKlass java/lang/invoke/LambdaForm$DMH
instanceKlass org/apache/spark/sql/catalyst/expressions/codegen/GenerateUnsafeRowJoiner$$$Lambda$3753
instanceKlass java/lang/invoke/LambdaForm$DMH
instanceKlass java/lang/invoke/LambdaForm$MH
instanceKlass java/lang/invoke/LambdaForm$DMH
instanceKlass java/lang/invoke/LambdaForm$DMH
instanceKlass org/apache/spark/sql/catalyst/expressions/codegen/GenerateUnsafeRowJoiner$$$Lambda$3752
instanceKlass java/lang/invoke/LambdaForm$DMH
instanceKlass org/apache/spark/sql/execution/aggregate/TungstenAggregationIterator$$Lambda$3751
instanceKlass org/apache/spark/sql/execution/aggregate/TungstenAggregationIterator$$Lambda$3750
instanceKlass org/apache/spark/sql/execution/aggregate/TungstenAggregationIterator$$Lambda$3749
instanceKlass org/apache/spark/sql/execution/aggregate/AggregationIterator$$Lambda$3748
instanceKlass org/apache/spark/sql/execution/aggregate/AggregationIterator$$Lambda$3747
instanceKlass org/apache/spark/sql/execution/aggregate/AggregationIterator$$Lambda$3746
instanceKlass org/apache/spark/sql/execution/aggregate/AggregationIterator$$anonfun$1$$Lambda$3745
instanceKlass org/apache/spark/sql/execution/aggregate/AggregationIterator$$Lambda$3744
instanceKlass org/apache/spark/sql/execution/aggregate/AggregationIterator$$Lambda$3743
instanceKlass org/apache/spark/sql/execution/aggregate/AggregationIterator$$Lambda$3742
instanceKlass org/apache/spark/sql/execution/aggregate/AggregationIterator$$Lambda$3741
instanceKlass org/apache/spark/sql/execution/aggregate/AggregationIterator$$Lambda$3740
instanceKlass org/apache/spark/sql/catalyst/expressions/codegen/GenerateMutableProjection$$$Lambda$3739
instanceKlass org/apache/spark/sql/catalyst/expressions/codegen/GenerateMutableProjection$$$Lambda$3738
instanceKlass org/apache/spark/sql/catalyst/expressions/codegen/GenerateMutableProjection$$$Lambda$3737
instanceKlass org/apache/spark/sql/catalyst/expressions/codegen/GenerateMutableProjection$$$Lambda$3736
instanceKlass org/apache/spark/sql/catalyst/expressions/codegen/GenerateMutableProjection$$$Lambda$3735
instanceKlass org/apache/spark/sql/catalyst/expressions/codegen/GenerateMutableProjection$$$Lambda$3734
instanceKlass org/apache/spark/sql/catalyst/expressions/codegen/GenerateMutableProjection$$$Lambda$3733
instanceKlass org/apache/spark/sql/execution/aggregate/AggregationIterator$$Lambda$3732
instanceKlass org/apache/spark/sql/execution/aggregate/AggregationIterator$$Lambda$3731
instanceKlass org/apache/spark/sql/execution/aggregate/AggregationIterator$$Lambda$3730
instanceKlass org/apache/spark/sql/execution/aggregate/AggregationIterator$$Lambda$3729
instanceKlass org/apache/spark/sql/execution/aggregate/AggregationIterator$$Lambda$3728
instanceKlass org/apache/spark/sql/execution/aggregate/AggregationIterator$$Lambda$3727
instanceKlass org/apache/spark/sql/execution/aggregate/HashAggregateExec$$Lambda$3726
instanceKlass org/apache/spark/sql/execution/aggregate/AggregationIterator
instanceKlass java/lang/invoke/LambdaForm$MH
instanceKlass java/lang/invoke/LambdaForm$MH
instanceKlass java/lang/invoke/LambdaForm$MH
instanceKlass java/lang/invoke/LambdaForm$MH
instanceKlass org/apache/spark/sql/execution/aggregate/HashAggregateExec$$Lambda$3725
instanceKlass java/lang/invoke/LambdaForm$MH
instanceKlass java/lang/invoke/LambdaForm$MH
instanceKlass java/lang/invoke/LambdaForm$DMH
instanceKlass java/lang/invoke/LambdaForm$MH
instanceKlass java/lang/invoke/LambdaForm$DMH
instanceKlass java/lang/invoke/LambdaForm$MH
instanceKlass java/lang/invoke/LambdaForm$MH
instanceKlass java/lang/invoke/LambdaForm$MH
instanceKlass java/lang/invoke/LambdaForm$MH
instanceKlass java/lang/invoke/LambdaForm$MH
instanceKlass java/lang/invoke/LambdaForm$MH
instanceKlass java/lang/invoke/LambdaForm$DMH
instanceKlass java/lang/invoke/LambdaForm$MH
instanceKlass java/lang/invoke/LambdaForm$MH
instanceKlass java/lang/invoke/LambdaForm$MH
instanceKlass java/lang/invoke/LambdaForm$DMH
instanceKlass java/lang/invoke/LambdaForm$MH
instanceKlass java/lang/invoke/LambdaForm$MH
instanceKlass java/lang/invoke/LambdaForm$MH
instanceKlass org/apache/spark/sql/catalyst/expressions/aggregate/PivotFirst$$anonfun$1$$Lambda$3724
instanceKlass java/lang/invoke/LambdaForm$MH
instanceKlass java/lang/invoke/LambdaForm$MH
instanceKlass java/lang/invoke/LambdaForm$MH
instanceKlass java/lang/invoke/LambdaForm$MH
instanceKlass java/lang/invoke/LambdaForm$MH
instanceKlass java/lang/invoke/LambdaForm$MH
instanceKlass java/lang/invoke/LambdaForm$MH
instanceKlass java/lang/invoke/LambdaForm$MH
instanceKlass java/lang/invoke/LambdaForm$MH
instanceKlass org/apache/spark/sql/catalyst/expressions/GeneratedClass$GeneratedIteratorForCodegenStage3$1
instanceKlass org/apache/spark/sql/execution/aggregate/HashAggregateExec$$Lambda$3723
instanceKlass org/apache/spark/sql/catalyst/expressions/GeneratedClass$GeneratedIteratorForCodegenStage3$hashAgg_FastHashMap_1
instanceKlass org/apache/spark/sql/catalyst/expressions/GeneratedClass$GeneratedIteratorForCodegenStage3$2
instanceKlass org/apache/spark/sql/execution/CodegenSupport$$Lambda$3722
instanceKlass org/apache/spark/sql/execution/CodegenSupport$$Lambda$3721
instanceKlass org/apache/spark/sql/execution/aggregate/HashAggregateExec$$Lambda$3720
instanceKlass org/apache/spark/sql/execution/aggregate/HashAggregateExec$$Lambda$3719
instanceKlass org/apache/spark/sql/execution/aggregate/HashAggregateExec$$Lambda$3718
instanceKlass org/apache/spark/sql/execution/aggregate/HashAggregateExec$$Lambda$3717
instanceKlass org/apache/spark/sql/execution/aggregate/HashAggregateExec$$Lambda$3716
instanceKlass org/apache/spark/sql/execution/aggregate/HashAggregateExec$$Lambda$3715
instanceKlass org/apache/spark/sql/catalyst/expressions/GeneratedClass$GeneratedIteratorForCodegenStage3$hashAgg_FastHashMap_0
instanceKlass org/apache/spark/storage/ShuffleBlockFetcherIterator$$$Lambda$3714
instanceKlass org/apache/spark/sql/execution/adaptive/AQEShuffleReadExec$$Lambda$3713
instanceKlass org/apache/spark/sql/execution/adaptive/AQEShuffleReadExec$$Lambda$3712
instanceKlass org/apache/spark/sql/execution/adaptive/AQEShuffleReadExec$$Lambda$3711
instanceKlass org/apache/spark/sql/execution/adaptive/AQEShuffleReadExec$$Lambda$3710
instanceKlass org/apache/spark/sql/execution/PartialReducerPartitionSpec
instanceKlass org/apache/spark/sql/execution/adaptive/AQEShuffleReadExec$$Lambda$3709
instanceKlass org/apache/spark/sql/execution/adaptive/AQEShuffleReadExec$$Lambda$3708
instanceKlass org/apache/spark/sql/execution/CoalescedMapperPartitionSpec
instanceKlass org/apache/spark/sql/execution/adaptive/AQEShuffleReadExec$$Lambda$3707
instanceKlass org/apache/spark/sql/execution/adaptive/AQEShuffleReadExec$$Lambda$3706
instanceKlass scala/collection/concurrent/CNode$
instanceKlass org/apache/spark/sql/execution/adaptive/AQEShuffleReadExec$$Lambda$3705
instanceKlass org/apache/spark/sql/execution/adaptive/AQEShuffleReadExec$$Lambda$3704
instanceKlass org/apache/spark/sql/execution/adaptive/AQEShuffleReadExec$$Lambda$3703
instanceKlass org/apache/spark/sql/execution/adaptive/CoalesceShufflePartitions$$Lambda$3702
instanceKlass org/apache/spark/sql/execution/PartialMapperPartitionSpec
instanceKlass org/apache/spark/sql/execution/adaptive/AQEShuffleReadExec$$Lambda$3701
instanceKlass org/apache/spark/sql/execution/adaptive/AQEShuffleReadExec$$Lambda$3700
instanceKlass org/apache/spark/sql/execution/adaptive/CoalesceShufflePartitions$$Lambda$3699
instanceKlass org/apache/spark/sql/execution/adaptive/CoalesceShufflePartitions$$Lambda$3698
instanceKlass org/apache/spark/sql/execution/adaptive/CoalesceShufflePartitions$$Lambda$3697
instanceKlass org/apache/spark/sql/execution/adaptive/ShufflePartitionsUtil$$$Lambda$3696
instanceKlass org/apache/spark/sql/execution/adaptive/ShufflePartitionsUtil$$$Lambda$3695
instanceKlass org/apache/spark/sql/execution/adaptive/ShufflePartitionsUtil$$$Lambda$3694
instanceKlass org/apache/spark/sql/execution/adaptive/ShufflePartitionsUtil$$$Lambda$3693
instanceKlass org/apache/spark/sql/execution/adaptive/ShufflePartitionsUtil$$$Lambda$3692
instanceKlass java/lang/invoke/LambdaForm$MH
instanceKlass java/lang/invoke/LambdaForm$DMH
instanceKlass org/apache/spark/sql/execution/adaptive/ShufflePartitionsUtil$$$Lambda$3691
instanceKlass java/lang/invoke/LambdaForm$DMH
instanceKlass org/apache/spark/sql/execution/adaptive/ShufflePartitionsUtil$$$Lambda$3690
instanceKlass org/apache/spark/sql/execution/adaptive/ShufflePartitionsUtil$$$Lambda$3689
instanceKlass org/apache/spark/sql/execution/adaptive/ShufflePartitionsUtil$$$Lambda$3688
instanceKlass org/apache/spark/sql/execution/adaptive/ShufflePartitionsUtil$$$Lambda$3687
instanceKlass org/apache/spark/sql/execution/adaptive/CoalesceShufflePartitions$$Lambda$3686
instanceKlass org/apache/spark/sql/execution/adaptive/ShuffleQueryStageExec$$Lambda$3685
instanceKlass org/apache/spark/sql/execution/adaptive/CoalesceShufflePartitions$$Lambda$3684
instanceKlass org/apache/spark/sql/execution/adaptive/ShufflePartitionsUtil$
instanceKlass org/apache/spark/sql/execution/adaptive/CoalesceShufflePartitions$$Lambda$3683
instanceKlass org/apache/spark/sql/catalyst/optimizer/JoinSelectionHelper$$Lambda$3682
instanceKlass org/apache/spark/sql/catalyst/expressions/GeneratedClass$GeneratedIteratorForCodegenStage2$1
instanceKlass org/apache/spark/sql/catalyst/expressions/GeneratedClass$GeneratedIteratorForCodegenStage2$hashAgg_FastHashMap_0
instanceKlass org/apache/spark/unsafe/memory/HeapMemoryAllocator$$Lambda$3681
instanceKlass org/apache/spark/unsafe/map/BytesToBytesMap$MapIterator
instanceKlass org/apache/spark/sql/execution/metric/SQLMetrics$$$Lambda$3680
instanceKlass org/apache/spark/sql/execution/aggregate/HashAggregateExec$$Lambda$3679
instanceKlass org/apache/spark/sql/execution/aggregate/HashAggregateExec$$Lambda$3678
instanceKlass org/apache/spark/unsafe/UnsafeAlignedOffset
instanceKlass org/apache/spark/sql/execution/columnar/compression/RunLengthEncoding$Decoder
instanceKlass org/apache/spark/sql/execution/columnar/compression/PassThrough$Decoder
instanceKlass org/apache/spark/sql/execution/columnar/compression/CompressionScheme$$$Lambda$3677
instanceKlass org/apache/spark/sql/execution/columnar/ByteBufferHelper$
instanceKlass org/apache/spark/sql/execution/UnsafeFixedWidthAggregationMap$$Lambda$3676
instanceKlass org/apache/spark/unsafe/map/BytesToBytesMap$Location
instanceKlass org/apache/spark/unsafe/map/HashMapGrowthStrategy$Doubling
instanceKlass org/apache/spark/unsafe/map/HashMapGrowthStrategy
instanceKlass org/apache/spark/shuffle/sort/SortShuffleManager$$Lambda$3675
instanceKlass java/lang/invoke/LambdaForm$DMH
instanceKlass org/apache/spark/util/collection/OpenHashSet$$anon$1
instanceKlass org/apache/spark/shuffle/sort/SortShuffleManager$$Lambda$3674
instanceKlass org/apache/spark/ContextCleaner$$Lambda$3673
instanceKlass org/apache/spark/ContextCleaner$$Lambda$3672
instanceKlass org/apache/spark/ShuffleStatus$$Lambda$3671
instanceKlass org/apache/spark/MapOutputTrackerMaster$$Lambda$3670
instanceKlass org/apache/spark/storage/BlockManagerMaster$$Lambda$3669
instanceKlass org/apache/spark/storage/BlockManagerStorageEndpoint$$anonfun$receiveAndReply$1$$Lambda$3668
instanceKlass org/apache/spark/sql/execution/aggregate/HashAggregateExec$$Lambda$3667
instanceKlass org/apache/spark/sql/catalyst/expressions/GeneratedClass$GeneratedIteratorForCodegenStage1$1
instanceKlass org/apache/spark/storage/BlockManagerMasterEndpoint$$Lambda$3666
instanceKlass org/apache/spark/storage/BlockManagerMasterEndpoint$$Lambda$3665
instanceKlass org/apache/spark/storage/BlockManagerMasterEndpoint$$Lambda$3664
instanceKlass org/apache/spark/storage/BlockManagerMasterEndpoint$$Lambda$3663
instanceKlass org/apache/spark/storage/BlockManagerMasterEndpoint$$Lambda$3662
instanceKlass org/apache/spark/ContextCleaner$$Lambda$3661
instanceKlass org/apache/spark/sql/catalyst/expressions/UnsafeProjection$$$Lambda$3660
instanceKlass org/apache/spark/sql/catalyst/expressions/UnsafeProjection$$$Lambda$3659
instanceKlass org/apache/spark/memory/ExecutionMemoryPool$$Lambda$3658
instanceKlass java/lang/invoke/LambdaForm$MH
instanceKlass java/lang/invoke/LambdaForm$DMH
instanceKlass java/lang/invoke/LambdaForm$DMH
instanceKlass org/apache/spark/memory/UnifiedMemoryManager$$Lambda$3657
instanceKlass java/lang/invoke/LambdaForm$DMH
instanceKlass org/apache/spark/memory/UnifiedMemoryManager$$Lambda$3656
instanceKlass java/lang/invoke/LambdaForm$DMH
instanceKlass org/apache/spark/sql/execution/aggregate/HashAggregateExec$$Lambda$3655
instanceKlass org/apache/spark/sql/catalyst/expressions/GeneratedClass$GeneratedIteratorForCodegenStage1$hashAgg_FastHashMap_0
instanceKlass org/apache/spark/sql/execution/exchange/ShuffleExchangeExec$$$Lambda$3654
instanceKlass org/apache/spark/sql/catalyst/expressions/HashExpression$$Lambda$3653
instanceKlass org/apache/spark/sql/catalyst/expressions/HashExpression$$Lambda$3652
instanceKlass org/apache/spark/sql/catalyst/expressions/HashExpression$$Lambda$3651
instanceKlass org/apache/spark/sql/catalyst/expressions/HashExpression$$Lambda$3650
instanceKlass org/apache/spark/sql/vectorized/ColumnVector
instanceKlass org/apache/spark/sql/execution/columnar/BasicColumnAccessor
instanceKlass org/apache/spark/sql/execution/columnar/compression/CompressibleColumnAccessor
instanceKlass org/apache/spark/sql/execution/columnar/NullableColumnAccessor
instanceKlass org/apache/spark/sql/execution/columnar/ColumnAccessor
instanceKlass org/apache/spark/sql/catalyst/expressions/BinaryExpression$$Lambda$3649
instanceKlass org/apache/spark/sql/catalyst/expressions/BinaryComparison$$Lambda$3648
instanceKlass org/apache/spark/sql/catalyst/InternalRow$$$Lambda$3647
instanceKlass java/lang/invoke/LambdaForm$MH
instanceKlass java/lang/invoke/LambdaForm$MH
instanceKlass java/lang/invoke/LambdaForm$DMH
instanceKlass java/lang/invoke/LambdaForm$MH
instanceKlass java/lang/invoke/LambdaForm$DMH
instanceKlass java/lang/invoke/LambdaForm$MH
instanceKlass java/lang/invoke/LambdaForm$MH
instanceKlass java/lang/invoke/LambdaForm$MH
instanceKlass java/lang/invoke/LambdaForm$MH
instanceKlass java/lang/invoke/LambdaForm$MH
instanceKlass java/lang/invoke/LambdaForm$MH
instanceKlass java/lang/invoke/LambdaForm$MH
instanceKlass java/lang/invoke/LambdaForm$MH
instanceKlass java/lang/invoke/LambdaForm$MH
instanceKlass java/lang/invoke/LambdaForm$DMH
instanceKlass java/lang/invoke/LambdaForm$MH
instanceKlass java/lang/invoke/LambdaForm$DMH
instanceKlass org/apache/spark/sql/execution/exchange/REPARTITION_BY_NUM$
instanceKlass org/apache/spark/sql/execution/FilterEvaluatorFactory
instanceKlass org/apache/spark/sql/catalyst/trees/SQLQueryContext
instanceKlass org/apache/spark/QueryContext
instanceKlass scala/collection/script/Message
instanceKlass org/apache/spark/sql/execution/columnar/DefaultCachedBatchSerializer$$Lambda$3646
instanceKlass org/apache/spark/sql/columnar/SimpleMetricsCachedBatchSerializer$$Lambda$3645
instanceKlass org/apache/spark/sql/columnar/SimpleMetricsCachedBatchSerializer$$Lambda$3644
instanceKlass org/apache/spark/sql/columnar/SimpleMetricsCachedBatchSerializer$$Lambda$3643
instanceKlass org/apache/spark/sql/columnar/SimpleMetricsCachedBatchSerializer$$Lambda$3642
instanceKlass org/apache/spark/sql/columnar/SimpleMetricsCachedBatchSerializer$$Lambda$3641
instanceKlass java/util/function/IntToLongFunction
instanceKlass java/util/function/IntToDoubleFunction
instanceKlass java/util/function/DoubleBinaryOperator
instanceKlass java/util/stream/DoubleStream
instanceKlass java/util/stream/LongStream
instanceKlass org/codehaus/commons/compiler/util/Numbers
instanceKlass org/apache/spark/unsafe/array/LongArray
instanceKlass org/codehaus/janino/ReflectionIClass$3
instanceKlass org/apache/spark/util/collection/unsafe/sort/RecordComparator
instanceKlass org/apache/spark/memory/MemoryConsumer
instanceKlass org/apache/spark/sql/catalyst/expressions/codegen/UnsafeRowJoiner
instanceKlass org/codehaus/janino/Java$AbstractAnnotation
instanceKlass org/apache/spark/sql/execution/aggregate/HashAggregateExec$$Lambda$3640
instanceKlass org/apache/spark/sql/execution/aggregate/HashAggregateExec$$Lambda$3639
instanceKlass org/apache/spark/sql/execution/aggregate/HashAggregateExec$$Lambda$3638
instanceKlass org/apache/spark/sql/execution/aggregate/HashAggregateExec$$Lambda$3637
instanceKlass org/apache/spark/sql/execution/aggregate/HashAggregateExec$$Lambda$3636
instanceKlass org/apache/spark/sql/execution/aggregate/AggregateCodegenSupport$$Lambda$3635
instanceKlass org/apache/spark/sql/execution/aggregate/AggregateCodegenSupport$$Lambda$3634
instanceKlass org/apache/spark/sql/execution/aggregate/AggregateCodegenSupport$$Lambda$3633
instanceKlass org/apache/spark/sql/execution/aggregate/AggregateCodegenSupport$$Lambda$3632
instanceKlass org/apache/spark/sql/execution/aggregate/AggregateCodegenSupport$$Lambda$3631
instanceKlass org/apache/spark/sql/execution/aggregate/AggregateCodegenSupport$$Lambda$3630
instanceKlass org/apache/spark/sql/catalyst/expressions/codegen/CodeGenerator$$$Lambda$3629
instanceKlass org/apache/spark/sql/execution/aggregate/AggregateCodegenSupport$$Lambda$3628
instanceKlass scala/collection/mutable/Stack$$Lambda$3627
instanceKlass scala/collection/mutable/Stack$StackBuilder
instanceKlass org/apache/spark/sql/catalyst/expressions/codegen/CodeGenerator$$$Lambda$3626
instanceKlass org/apache/spark/sql/execution/aggregate/AggregateCodegenSupport$$Lambda$3625
instanceKlass org/apache/spark/sql/execution/aggregate/AggregateCodegenSupport$$Lambda$3624
instanceKlass org/apache/spark/sql/execution/aggregate/AggregateCodegenSupport$$Lambda$3623
instanceKlass org/apache/spark/sql/execution/aggregate/AggregateCodegenSupport$$Lambda$3622
instanceKlass org/apache/spark/sql/catalyst/util/UnsafeRowUtils$
instanceKlass org/apache/spark/sql/execution/aggregate/HashAggregateExec$$Lambda$3621
instanceKlass org/apache/spark/sql/execution/aggregate/HashAggregateExec$$Lambda$3620
instanceKlass org/apache/spark/sql/execution/aggregate/HashAggregateExec$$Lambda$3619
instanceKlass org/apache/spark/sql/execution/aggregate/HashAggregateExec$$Lambda$3618
instanceKlass org/apache/spark/sql/catalyst/expressions/Coalesce$$Lambda$3617
instanceKlass org/apache/spark/sql/catalyst/expressions/Coalesce$$Lambda$3616
instanceKlass org/apache/spark/sql/catalyst/expressions/Coalesce$$Lambda$3615
instanceKlass org/apache/spark/sql/execution/aggregate/HashAggregateExec$$Lambda$3614
instanceKlass org/apache/spark/sql/execution/aggregate/HashAggregateExec$$Lambda$3613
instanceKlass org/apache/spark/sql/execution/aggregate/HashAggregateExec$$Lambda$3612
instanceKlass org/apache/spark/sql/catalyst/expressions/EquivalentExpressions$$Lambda$3611
instanceKlass org/apache/spark/sql/catalyst/expressions/EquivalentExpressions$$Lambda$3610
instanceKlass org/apache/spark/sql/catalyst/expressions/EquivalentExpressions$$Lambda$3609
instanceKlass org/apache/spark/sql/catalyst/expressions/EquivalentExpressions$$Lambda$3608
instanceKlass org/apache/spark/sql/catalyst/expressions/EquivalentExpressions$$Lambda$3607
instanceKlass org/apache/spark/sql/execution/aggregate/HashAggregateExec$$Lambda$3606
instanceKlass org/apache/spark/sql/execution/aggregate/HashAggregateExec$$Lambda$3605
instanceKlass org/apache/spark/sql/execution/aggregate/HashAggregateExec$$Lambda$3604
instanceKlass org/apache/spark/sql/execution/aggregate/HashAggregateExec$$Lambda$3603
instanceKlass org/apache/spark/sql/execution/aggregate/HashAggregateExec$$Lambda$3602
instanceKlass org/apache/spark/sql/execution/aggregate/HashAggregateExec$$Lambda$3601
instanceKlass org/apache/spark/sql/execution/aggregate/HashAggregateExec$$Lambda$3600
instanceKlass org/apache/spark/sql/execution/FilterExec$$Lambda$3599
instanceKlass org/apache/spark/sql/execution/GeneratePredicateHelper$$Lambda$3598
instanceKlass org/apache/spark/sql/execution/GeneratePredicateHelper$$Lambda$3597
instanceKlass org/apache/spark/sql/execution/UnsafeKVExternalSorter
instanceKlass org/apache/spark/sql/execution/UnsafeFixedWidthAggregationMap
instanceKlass org/apache/spark/sql/execution/aggregate/HashMapGenerator$$Lambda$3596
instanceKlass org/apache/spark/sql/execution/aggregate/RowBasedHashMapGenerator$$Lambda$3595
instanceKlass org/apache/spark/sql/execution/aggregate/RowBasedHashMapGenerator$$Lambda$3594
instanceKlass org/apache/spark/sql/execution/aggregate/RowBasedHashMapGenerator$$Lambda$3593
instanceKlass org/apache/spark/sql/execution/aggregate/RowBasedHashMapGenerator$$Lambda$3592
instanceKlass org/apache/spark/sql/execution/aggregate/RowBasedHashMapGenerator$$Lambda$3591
instanceKlass org/apache/spark/sql/execution/aggregate/RowBasedHashMapGenerator$$Lambda$3590
instanceKlass org/apache/spark/sql/execution/aggregate/RowBasedHashMapGenerator$$Lambda$3589
instanceKlass org/apache/spark/sql/execution/aggregate/RowBasedHashMapGenerator$$Lambda$3588
instanceKlass org/apache/spark/sql/execution/aggregate/HashMapGenerator$$Lambda$3587
instanceKlass org/apache/spark/sql/execution/aggregate/HashMapGenerator$$Lambda$3586
instanceKlass org/apache/spark/sql/execution/aggregate/HashMapGenerator$$Lambda$3585
instanceKlass org/apache/spark/sql/execution/aggregate/HashMapGenerator$$Lambda$3584
instanceKlass org/apache/spark/sql/execution/aggregate/HashMapGenerator$$Lambda$3583
instanceKlass org/apache/spark/sql/execution/aggregate/HashMapGenerator$$Lambda$3582
instanceKlass org/apache/spark/sql/execution/aggregate/HashMapGenerator$Buffer
instanceKlass org/apache/spark/sql/execution/aggregate/HashMapGenerator
instanceKlass org/apache/spark/sql/execution/aggregate/HashAggregateExec$$Lambda$3581
instanceKlass org/apache/spark/sql/execution/aggregate/HashAggregateExec$$Lambda$3580
instanceKlass org/apache/spark/sql/execution/aggregate/HashAggregateExec$$Lambda$3579
instanceKlass org/apache/spark/sql/execution/aggregate/HashAggregateExec$$Lambda$3578
instanceKlass org/apache/spark/sql/execution/aggregate/HashAggregateExec$$Lambda$3577
instanceKlass org/apache/spark/sql/execution/adaptive/AdaptiveSparkPlanExec$$Lambda$3576
instanceKlass org/apache/spark/sql/execution/adaptive/AdaptiveSparkPlanExec$$Lambda$3575
instanceKlass org/apache/spark/sql/execution/adaptive/LogicalQueryStage$$Lambda$3574
instanceKlass org/apache/spark/sql/execution/adaptive/DynamicJoinSelection$$anonfun$apply$1$$Lambda$3573
instanceKlass org/apache/spark/sql/execution/adaptive/DynamicJoinSelection$$anonfun$apply$1$$Lambda$3572
instanceKlass org/apache/spark/sql/execution/adaptive/DynamicJoinSelection$$anonfun$apply$1$$Lambda$3571
instanceKlass org/apache/spark/sql/execution/adaptive/DynamicJoinSelection$$anonfun$apply$1$$Lambda$3570
instanceKlass org/apache/spark/sql/catalyst/optimizer/PropagateEmptyRelationBase$$anonfun$commonApplyFunc$1$$Lambda$3569
instanceKlass org/apache/spark/sql/execution/joins/HashedRelationBroadcastMode$$Lambda$3568
instanceKlass org/apache/spark/sql/catalyst/encoders/ExpressionEncoder$Deserializer
instanceKlass org/apache/spark/sql/catalyst/expressions/Alias$$Lambda$3567
instanceKlass org/apache/spark/sql/catalyst/expressions/Alias$$Lambda$3566
instanceKlass org/apache/spark/sql/execution/CollectLimitExec$$Lambda$3565
instanceKlass org/apache/spark/sql/execution/CollectLimitExec$$Lambda$3564
instanceKlass org/apache/spark/sql/catalyst/expressions/PredicateHelper$$Lambda$3563
instanceKlass org/apache/spark/sql/execution/ExplainUtils$$$Lambda$3562
instanceKlass org/apache/spark/sql/execution/ExplainUtils$$$Lambda$3561
instanceKlass org/apache/spark/sql/catalyst/expressions/SortOrder$$Lambda$3560
instanceKlass org/apache/spark/sql/catalyst/expressions/SortOrder$$$Lambda$3559
instanceKlass org/apache/spark/sql/catalyst/plans/AliasAwareQueryOutputOrdering$$Lambda$3558
instanceKlass org/apache/spark/sql/catalyst/plans/AliasAwareQueryOutputOrdering$$Lambda$3557
instanceKlass org/apache/spark/sql/execution/exchange/ValidateRequirements$$$Lambda$3556
instanceKlass org/apache/spark/sql/catalyst/plans/physical/BroadcastPartitioning
instanceKlass org/apache/spark/sql/catalyst/plans/AliasAwareQueryOutputOrdering$$Lambda$3555
instanceKlass org/apache/spark/sql/catalyst/plans/AliasAwareQueryOutputOrdering$$Lambda$3554
instanceKlass org/apache/spark/sql/catalyst/plans/AliasAwareQueryOutputOrdering$$Lambda$3553
instanceKlass org/apache/spark/sql/catalyst/plans/AliasAwareQueryOutputOrdering$$Lambda$3552
instanceKlass scala/collection/TraversableOnce$
instanceKlass org/apache/spark/sql/catalyst/plans/AliasAwareQueryOutputOrdering$$Lambda$3551
instanceKlass org/apache/spark/sql/catalyst/plans/physical/HashPartitioning$$Lambda$3550
instanceKlass org/apache/spark/sql/catalyst/plans/physical/HashPartitioning$$Lambda$3549
instanceKlass org/apache/spark/sql/catalyst/plans/physical/StatefulOpClusteredDistribution
instanceKlass org/apache/spark/sql/execution/PartitioningPreservingUnaryExecNode$$Lambda$3548
instanceKlass scala/collection/SeqLike$$Lambda$3547
instanceKlass org/apache/spark/sql/execution/window/WindowExecBase$$Lambda$3546
instanceKlass org/apache/spark/sql/catalyst/plans/physical/PartitioningCollection$$Lambda$3545
instanceKlass org/apache/spark/sql/catalyst/plans/physical/PartitioningCollection$$Lambda$3544
instanceKlass org/apache/spark/sql/catalyst/plans/physical/PartitioningCollection$$Lambda$3543
instanceKlass scala/collection/immutable/Stream$$Lambda$3542
instanceKlass org/apache/spark/sql/catalyst/plans/physical/PartitioningCollection$$Lambda$3541
instanceKlass org/apache/spark/sql/catalyst/trees/TreeNode$$Lambda$3540
instanceKlass org/apache/spark/sql/execution/joins/BroadcastHashJoinExec$$Lambda$3539
instanceKlass org/apache/spark/sql/execution/joins/HashJoin$$$Lambda$3538
instanceKlass org/apache/spark/sql/execution/joins/HashJoin$$Lambda$3537
instanceKlass org/apache/spark/sql/execution/joins/HashJoin$$Lambda$3536
instanceKlass org/apache/spark/sql/execution/joins/HashJoin$$Lambda$3535
instanceKlass org/apache/spark/sql/execution/joins/HashJoin$$Lambda$3534
instanceKlass org/apache/spark/sql/execution/joins/HashJoin$
instanceKlass org/apache/spark/sql/execution/joins/HashedRelationBroadcastMode
instanceKlass scala/collection/immutable/Stream$$Lambda$3533
instanceKlass org/apache/spark/sql/execution/PartitioningPreservingUnaryExecNode$$Lambda$3532
instanceKlass org/apache/spark/sql/catalyst/trees/TreeNode$$Lambda$3531
instanceKlass org/apache/spark/sql/catalyst/trees/MultiTransform$$$Lambda$3530
instanceKlass org/apache/spark/sql/catalyst/trees/MultiTransform$$$Lambda$3529
instanceKlass org/apache/spark/sql/catalyst/trees/MultiTransform$$$Lambda$3528
instanceKlass org/apache/spark/sql/catalyst/trees/TreeNode$$Lambda$3527
instanceKlass org/apache/spark/sql/catalyst/trees/TreeNode$$Lambda$3526
instanceKlass org/apache/spark/sql/catalyst/trees/MultiTransform$
instanceKlass org/apache/spark/sql/catalyst/trees/TreeNode$$Lambda$3525
instanceKlass org/apache/spark/sql/catalyst/trees/TreeNode$$Lambda$3524
instanceKlass org/apache/spark/sql/catalyst/trees/TreeNode$$Lambda$3523
instanceKlass org/apache/spark/sql/catalyst/plans/AliasAwareOutputExpression$$Lambda$3522
instanceKlass org/apache/spark/sql/catalyst/plans/physical/ClusteredDistribution$$Lambda$3521
instanceKlass org/apache/spark/sql/internal/SQLConf$$Lambda$3520
instanceKlass org/apache/spark/sql/execution/RemoveRedundantProjects$$$Lambda$3519
instanceKlass org/apache/spark/sql/execution/RemoveRedundantProjects$$$Lambda$3518
instanceKlass org/apache/spark/sql/execution/RemoveRedundantProjects$$$Lambda$3517
instanceKlass org/apache/spark/sql/execution/RemoveRedundantProjects$$$Lambda$3516
instanceKlass org/apache/spark/sql/execution/RemoveRedundantProjects$$$Lambda$3515
instanceKlass org/apache/spark/sql/execution/RemoveRedundantProjects$$$Lambda$3514
instanceKlass org/apache/spark/sql/execution/window/WindowExecBase$$Lambda$3513
instanceKlass org/apache/spark/sql/execution/RemoveRedundantProjects$$$Lambda$3512
instanceKlass org/apache/spark/sql/catalyst/plans/physical/ClusteredDistribution$$Lambda$3511
instanceKlass org/apache/spark/sql/execution/ProjectExec$$Lambda$3510
instanceKlass org/apache/spark/sql/execution/FilterExec$$Lambda$3509
instanceKlass org/apache/spark/sql/execution/FilterExec$$Lambda$3508
instanceKlass org/apache/spark/sql/catalyst/expressions/PredicateHelper$$Lambda$3507
instanceKlass org/apache/spark/sql/execution/FilterExec$$Lambda$3506
instanceKlass org/apache/spark/sql/execution/aggregate/AggUtils$$$Lambda$3505
instanceKlass org/apache/spark/sql/execution/aggregate/AggUtils$$$Lambda$3504
instanceKlass org/apache/spark/sql/execution/aggregate/AggUtils$$$Lambda$3503
instanceKlass org/apache/spark/sql/execution/aggregate/AggUtils$$$Lambda$3502
instanceKlass org/apache/spark/sql/execution/aggregate/AggUtils$$$Lambda$3501
instanceKlass org/apache/spark/sql/execution/aggregate/AggUtils$$$Lambda$3500
instanceKlass org/apache/spark/sql/execution/aggregate/AggUtils$$$Lambda$3499
instanceKlass org/apache/spark/sql/execution/aggregate/AggUtils$$$Lambda$3498
instanceKlass org/apache/spark/sql/execution/aggregate/AggUtils$$$Lambda$3497
instanceKlass org/apache/spark/sql/execution/aggregate/AggUtils$$$Lambda$3496
instanceKlass org/apache/spark/util/collection/Utils$
instanceKlass org/apache/spark/sql/catalyst/util/SparkCollectionUtils
instanceKlass org/apache/spark/sql/execution/aggregate/AggUtils$$$Lambda$3495
instanceKlass org/apache/spark/sql/execution/aggregate/AggUtils$$$Lambda$3494
instanceKlass org/apache/spark/sql/execution/aggregate/AggUtils$$$Lambda$3493
instanceKlass org/apache/spark/sql/execution/aggregate/AggUtils$$$Lambda$3492
instanceKlass org/apache/spark/sql/execution/aggregate/AggUtils$$$Lambda$3491
instanceKlass org/apache/spark/sql/execution/aggregate/AggUtils$$$Lambda$3490
instanceKlass org/apache/spark/sql/execution/aggregate/AggUtils$$$Lambda$3489
instanceKlass org/apache/spark/sql/execution/aggregate/AggUtils$$$Lambda$3488
instanceKlass org/apache/spark/sql/catalyst/expressions/SessionWindow$
instanceKlass org/apache/spark/sql/execution/aggregate/AggUtils$$$Lambda$3487
instanceKlass org/apache/spark/sql/execution/SparkStrategies$Aggregation$$$Lambda$3486
instanceKlass org/apache/spark/sql/execution/SparkStrategies$Aggregation$$$Lambda$3485
instanceKlass org/apache/spark/sql/execution/SparkStrategies$Aggregation$$$Lambda$3484
instanceKlass org/apache/spark/sql/catalyst/expressions/aggregate/Average$$Lambda$3483
instanceKlass org/apache/spark/sql/execution/SparkStrategies$JoinSelection$$$Lambda$3482
instanceKlass org/apache/spark/sql/execution/SparkStrategies$JoinSelection$$$Lambda$3481
instanceKlass org/apache/spark/sql/execution/SparkStrategies$JoinSelection$$$Lambda$3480
instanceKlass java/lang/invoke/LambdaForm$MH
instanceKlass java/lang/invoke/LambdaForm$DMH
instanceKlass org/apache/spark/sql/execution/SparkStrategies$JoinSelection$$$Lambda$3479
instanceKlass org/apache/spark/ContextCleaner$$Lambda$3478
instanceKlass org/apache/spark/ContextCleaner$$Lambda$3477
instanceKlass org/apache/spark/storage/BlockManagerStorageEndpoint$$Lambda$3476
instanceKlass org/apache/spark/storage/BlockManagerStorageEndpoint$$Lambda$3475
instanceKlass org/apache/spark/storage/BlockManagerInfo$$Lambda$3474
instanceKlass org/apache/spark/storage/BlockManagerInfo$$Lambda$3473
instanceKlass org/apache/spark/util/io/ChunkedByteBuffer$$Lambda$3472
instanceKlass org/apache/spark/sql/execution/SparkStrategies$JoinSelection$$$Lambda$3471
instanceKlass org/apache/spark/storage/BlockInfoManager$$Lambda$3470
instanceKlass org/apache/spark/sql/catalyst/optimizer/JoinSelectionHelper$$Lambda$3469
instanceKlass org/apache/spark/sql/catalyst/optimizer/JoinSelectionHelper$$Lambda$3468
instanceKlass org/apache/spark/storage/BlockStatus$
instanceKlass org/apache/spark/storage/BlockInfoManager$$Lambda$3467
instanceKlass org/apache/spark/storage/BlockInfoManager$$Lambda$3466
instanceKlass org/apache/spark/sql/catalyst/optimizer/JoinSelectionHelper$$Lambda$3465
instanceKlass org/apache/spark/sql/catalyst/optimizer/JoinSelectionHelper$$Lambda$3464
instanceKlass org/apache/spark/storage/BlockInfoManager$$Lambda$3463
instanceKlass org/apache/spark/storage/memory/MemoryStore$$Lambda$3462
instanceKlass org/apache/spark/storage/memory/MemoryStore$$Lambda$3461
instanceKlass org/apache/spark/storage/BlockManager$$Lambda$3460
instanceKlass org/apache/spark/sql/catalyst/planning/ExtractSingleColumnNullAwareAntiJoin$
instanceKlass org/apache/spark/storage/BlockManager$$Lambda$3459
instanceKlass org/apache/spark/storage/BlockManager$$Lambda$3458
instanceKlass org/apache/spark/storage/BlockInfoManager$$Lambda$3457
instanceKlass scala/collection/convert/DecorateAsScala$$Lambda$3456
instanceKlass org/apache/spark/storage/BlockManager$$Lambda$3455
instanceKlass org/apache/spark/storage/BlockManagerStorageEndpoint$$Lambda$3454
instanceKlass org/apache/spark/sql/execution/window/BoundOrdering
instanceKlass org/apache/spark/sql/catalyst/planning/PhysicalWindow$$$Lambda$3453
instanceKlass org/apache/spark/sql/catalyst/planning/PhysicalWindow$$$Lambda$3452
instanceKlass org/apache/spark/sql/execution/UnsafeRowSerializer$
instanceKlass org/apache/spark/sql/catalyst/optimizer/InjectRuntimeFilter$$anonfun$tryInjectRuntimeFilter$1$$Lambda$3451
instanceKlass org/apache/spark/sql/catalyst/optimizer/InjectRuntimeFilter$$anonfun$tryInjectRuntimeFilter$1$$Lambda$3450
instanceKlass scala/math/Ordering$BigInt$
instanceKlass scala/math/Ordering$BigIntOrdering
instanceKlass org/apache/spark/sql/catalyst/optimizer/InjectRuntimeFilter$$$Lambda$3449
instanceKlass org/apache/spark/storage/BlockManagerStorageEndpoint$$Lambda$3448
instanceKlass scala/concurrent/Future$$Lambda$3447
instanceKlass org/apache/spark/sql/catalyst/optimizer/InjectRuntimeFilter$$$Lambda$3446
instanceKlass org/apache/spark/storage/BlockManagerMaster$$Lambda$3444
instanceKlass org/apache/spark/storage/BlockManagerStorageEndpoint$$Lambda$3445
instanceKlass org/apache/spark/sql/catalyst/optimizer/JoinSelectionHelper$$Lambda$3443
instanceKlass scala/concurrent/Future$$Lambda$3442
instanceKlass scala/concurrent/Future$$$Lambda$3441
instanceKlass org/apache/spark/sql/catalyst/optimizer/JoinSelectionHelper$$Lambda$3440
instanceKlass org/apache/spark/storage/BlockManagerStorageEndpoint$$Lambda$3439
instanceKlass scala/concurrent/Future$$$Lambda$3438
instanceKlass org/apache/spark/storage/BlockManagerStorageEndpoint$$anonfun$receiveAndReply$1$$Lambda$3437
instanceKlass org/apache/spark/sql/catalyst/optimizer/InjectRuntimeFilter$$$Lambda$3436
instanceKlass scala/concurrent/Future$$Lambda$3435
instanceKlass org/apache/spark/storage/BlockManagerMessages$DecommissionBlockManager$
instanceKlass org/apache/spark/sql/catalyst/optimizer/InjectRuntimeFilter$$$Lambda$3434
instanceKlass scala/concurrent/Future$$Lambda$3433
instanceKlass org/apache/spark/storage/BlockManagerMessages$RemoveBlock
instanceKlass scala/runtime/Tuple2Zipped$$$Lambda$3432
instanceKlass scala/concurrent/Future$$$Lambda$3431
instanceKlass org/apache/spark/sql/catalyst/optimizer/InjectRuntimeFilter$$anonfun$tryInjectRuntimeFilter$1$$Lambda$3429
instanceKlass scala/concurrent/Future$$$Lambda$3430
instanceKlass scala/runtime/Tuple2Zipped$Ops$
instanceKlass scala/runtime/Tuple2Zipped$
instanceKlass org/apache/spark/storage/BlockManagerMasterEndpoint$$Lambda$3428
instanceKlass scala/collection/concurrent/TrieMapIterator$
instanceKlass org/apache/spark/sql/execution/dynamicpruning/PartitionPruning$$$Lambda$3427
instanceKlass scala/collection/concurrent/TrieMapIterator
instanceKlass org/apache/spark/sql/catalyst/expressions/PredicateHelper$$Lambda$3426
instanceKlass org/apache/spark/sql/execution/dynamicpruning/PartitionPruning$$anonfun$prune$1$$Lambda$3425
instanceKlass org/apache/spark/sql/catalyst/optimizer/NormalizeFloatingNumbers$$anonfun$apply$2$$Lambda$3424
instanceKlass org/apache/spark/sql/catalyst/planning/ExtractEquiJoinKeys$$$Lambda$3423
instanceKlass org/apache/spark/storage/BlockManagerMasterEndpoint$$Lambda$3422
instanceKlass org/apache/spark/sql/catalyst/planning/ExtractEquiJoinKeys$$$Lambda$3421
instanceKlass scala/collection/concurrent/RDCSS_Descriptor
instanceKlass org/apache/spark/sql/catalyst/planning/ExtractEquiJoinKeys$$$Lambda$3420
instanceKlass org/apache/spark/storage/BlockManagerMessages$RemoveShuffle
instanceKlass org/apache/spark/sql/catalyst/planning/ExtractEquiJoinKeys$$$Lambda$3419
instanceKlass org/apache/spark/storage/BlockManagerMessages$RemoveRdd
instanceKlass org/apache/spark/sql/catalyst/planning/ExtractEquiJoinKeys$$$Lambda$3418
instanceKlass org/apache/spark/storage/BlockManagerMessages$GetMatchingBlockIds
instanceKlass org/apache/spark/sql/catalyst/planning/ExtractEquiJoinKeys$$$Lambda$3417
instanceKlass org/apache/spark/storage/BlockManagerMessages$IsExecutorAlive
instanceKlass org/apache/spark/storage/BlockManagerMessages$RemoveShufflePushMergerLocation
instanceKlass org/apache/spark/storage/BlockManagerMessages$GetShufflePushMergerLocations
instanceKlass org/apache/spark/sql/catalyst/planning/ExtractEquiJoinKeys$
instanceKlass org/apache/spark/storage/BlockManagerMessages$GetBlockStatus
instanceKlass org/apache/spark/storage/BlockManagerMessages$GetStorageStatus$
instanceKlass org/apache/spark/storage/BlockManagerMessages$GetMemoryStatus$
instanceKlass org/apache/spark/sql/catalyst/optimizer/NormalizeFloatingNumbers$$anonfun$apply$2$$Lambda$3416
instanceKlass org/apache/spark/storage/BlockManagerMessages$GetExecutorEndpointRef
instanceKlass org/apache/spark/storage/BlockManagerMessages$GetPeers
instanceKlass org/apache/spark/storage/BlockManagerMessages$RemoveBroadcast
instanceKlass org/apache/spark/storage/BlockManagerMessages$ToBlockManagerMasterStorageEndpoint
instanceKlass org/apache/spark/broadcast/TorrentBroadcast$$$Lambda$3415
instanceKlass org/apache/spark/ContextCleaner$$Lambda$3414
instanceKlass org/apache/spark/ContextCleaner$$Lambda$3413
instanceKlass org/apache/spark/ContextCleaner$$Lambda$3412
instanceKlass org/apache/spark/CleanerListener
instanceKlass org/apache/spark/ContextCleaner$$Lambda$3411
instanceKlass org/apache/spark/ContextCleaner$$Lambda$3410
instanceKlass org/apache/spark/sql/catalyst/optimizer/DecimalAggregates$$anonfun$apply$45$$Lambda$3409
instanceKlass org/apache/spark/sql/catalyst/plans/logical/OffsetAndLimit$
instanceKlass org/apache/spark/sql/catalyst/planning/ScanOperation$$$Lambda$3408
instanceKlass org/apache/spark/sql/catalyst/planning/ScanOperation$$$Lambda$3407
instanceKlass org/apache/spark/sql/catalyst/planning/ScanOperation$$$Lambda$3406
instanceKlass org/apache/spark/sql/catalyst/planning/ScanOperation$$$Lambda$3405
instanceKlass org/apache/spark/sql/catalyst/planning/OperationHelper$$Lambda$3404
instanceKlass org/apache/spark/sql/catalyst/optimizer/PushExtraPredicateThroughJoin$$anonfun$apply$2$$Lambda$3403
instanceKlass org/apache/spark/sql/catalyst/optimizer/PushExtraPredicateThroughJoin$$anonfun$apply$2$$Lambda$3402
instanceKlass org/apache/spark/sql/catalyst/optimizer/PushExtraPredicateThroughJoin$$anonfun$apply$2$$Lambda$3401
instanceKlass org/apache/spark/sql/catalyst/optimizer/PushExtraPredicateThroughJoin$$anonfun$apply$2$$Lambda$3400
instanceKlass org/apache/spark/sql/catalyst/optimizer/PruneFilters$$anonfun$apply$37$$Lambda$3399
instanceKlass org/apache/spark/sql/catalyst/optimizer/NullDownPropagation$$anonfun$apply$21$$Lambda$3398
instanceKlass org/apache/spark/sql/catalyst/optimizer/ColumnPruning$$$Lambda$3397
instanceKlass org/apache/spark/sql/catalyst/optimizer/ColumnPruning$$anonfun$removeProjectBeforeFilter$1$$Lambda$3396
instanceKlass org/apache/spark/sql/catalyst/optimizer/ColumnPruning$$anonfun$apply$17$$Lambda$3395
instanceKlass org/apache/spark/sql/catalyst/optimizer/PushPredicateThroughNonJoin$$$Lambda$3394
instanceKlass org/apache/spark/sql/catalyst/optimizer/PushPredicateThroughNonJoin$$anonfun$6$$Lambda$3393
instanceKlass org/apache/spark/sql/catalyst/expressions/AliasHelper$$anonfun$replaceAlias$1$$Lambda$3392
instanceKlass org/apache/spark/sql/catalyst/optimizer/PushPredicateThroughNonJoin$$anonfun$6$$Lambda$3391
instanceKlass org/apache/spark/sql/catalyst/optimizer/PushPredicateThroughNonJoin$$anonfun$6$$Lambda$3390
instanceKlass org/apache/spark/sql/catalyst/expressions/AliasHelper$$anonfun$1$$Lambda$3389
instanceKlass org/apache/spark/sql/catalyst/optimizer/PushPredicateThroughNonJoin$$anonfun$6$$Lambda$3388
instanceKlass org/apache/spark/sql/catalyst/expressions/SubqueryExpression$$$Lambda$3387
instanceKlass org/apache/spark/sql/catalyst/expressions/SubqueryExpression$
instanceKlass org/apache/spark/sql/catalyst/plans/logical/Filter$$Lambda$3386
instanceKlass org/apache/spark/sql/catalyst/optimizer/InferFiltersFromConstraints$$$Lambda$3385
instanceKlass org/apache/spark/sql/catalyst/plans/logical/ConstraintHelper$$Lambda$3384
instanceKlass org/apache/spark/sql/catalyst/plans/logical/ConstraintHelper$$Lambda$3383
instanceKlass org/apache/spark/sql/catalyst/optimizer/InferFiltersFromConstraints$$$Lambda$3382
instanceKlass org/apache/spark/sql/catalyst/optimizer/InferFiltersFromConstraints$$$Lambda$3381
instanceKlass org/apache/spark/sql/catalyst/plans/logical/ConstraintHelper$$Lambda$3380
instanceKlass org/apache/spark/sql/catalyst/expressions/ExpressionSet$$Lambda$3379
instanceKlass org/apache/spark/sql/catalyst/plans/logical/UnaryNode$$Lambda$3378
instanceKlass org/apache/spark/sql/catalyst/expressions/ExpressionSet$$Lambda$3377
instanceKlass org/apache/spark/sql/catalyst/plans/logical/ConstraintHelper$$Lambda$3376
instanceKlass org/apache/spark/sql/catalyst/expressions/ExpressionSet$$Lambda$3375
instanceKlass org/apache/spark/sql/catalyst/plans/logical/UnaryNode$$Lambda$3374
instanceKlass org/apache/spark/sql/catalyst/expressions/ExpressionSet$$Lambda$3373
instanceKlass org/apache/spark/sql/catalyst/expressions/ExpressionSet$$Lambda$3372
instanceKlass org/apache/spark/sql/catalyst/plans/logical/QueryPlanConstraints$$Lambda$3371
instanceKlass org/apache/spark/sql/catalyst/plans/logical/ConstraintHelper$$Lambda$3370
instanceKlass org/apache/spark/sql/catalyst/expressions/ExpressionSet$$Lambda$3369
instanceKlass org/apache/spark/sql/catalyst/plans/logical/ConstraintHelper$$Lambda$3368
instanceKlass scala/collection/generic/Subtractable$$Lambda$3367
instanceKlass org/apache/spark/sql/catalyst/plans/logical/ConstraintHelper$$Lambda$3366
instanceKlass org/apache/spark/sql/catalyst/expressions/ExpressionSet$$Lambda$3365
instanceKlass org/apache/spark/sql/catalyst/expressions/ExpressionSet$$Lambda$3364
instanceKlass org/apache/spark/sql/catalyst/plans/logical/ConstraintHelper$$Lambda$3363
instanceKlass org/apache/spark/sql/catalyst/plans/logical/Aggregate$$Lambda$3362
instanceKlass org/apache/spark/sql/catalyst/plans/logical/Aggregate$$Lambda$3361
instanceKlass org/apache/spark/sql/catalyst/optimizer/OptimizeCsvJsonExprs$$anonfun$apply$2$$Lambda$3360
instanceKlass org/apache/spark/sql/catalyst/optimizer/OptimizeCsvJsonExprs$$anonfun$apply$2$$Lambda$3359
instanceKlass org/apache/spark/sql/catalyst/optimizer/SimplifyExtractValueOps$$anonfun$apply$2$$Lambda$3358
instanceKlass org/apache/spark/sql/catalyst/optimizer/UnwrapCastInBinaryComparison$$anonfun$apply$2$$anonfun$applyOrElse$2$$Lambda$3357
instanceKlass org/apache/spark/sql/catalyst/optimizer/UnwrapCastInBinaryComparison$$anonfun$apply$2$$Lambda$3356
instanceKlass org/apache/spark/sql/catalyst/optimizer/RemoveRedundantAggregates$$$Lambda$3355
instanceKlass org/apache/spark/sql/catalyst/optimizer/RemoveRedundantAggregates$$$Lambda$3354
instanceKlass org/apache/spark/sql/catalyst/plans/logical/Aggregate$$Lambda$3353
instanceKlass org/apache/spark/sql/catalyst/plans/logical/Aggregate$$Lambda$3352
instanceKlass org/apache/spark/sql/catalyst/plans/logical/Aggregate$$Lambda$3351
instanceKlass org/apache/spark/sql/catalyst/optimizer/RemoveRedundantAliases$$$Lambda$3350
instanceKlass org/apache/spark/sql/catalyst/optimizer/RemoveRedundantAliases$$$Lambda$3349
instanceKlass org/apache/spark/sql/catalyst/optimizer/RemoveRedundantAliases$$anonfun$$nestedInanonfun$removeRedundantAliases$1$1$$Lambda$3348
instanceKlass org/apache/spark/sql/catalyst/optimizer/RemoveRedundantAliases$$$Lambda$3347
instanceKlass org/apache/spark/sql/catalyst/optimizer/RemoveRedundantAliases$$$Lambda$3346
instanceKlass org/apache/spark/sql/catalyst/optimizer/RemoveRedundantAliases$$anonfun$$nestedInanonfun$removeRedundantAliases$8$1$$Lambda$3345
instanceKlass org/apache/spark/sql/catalyst/optimizer/RemoveRedundantAliases$$anonfun$$nestedInanonfun$removeRedundantAliases$8$1$$Lambda$3344
instanceKlass org/apache/spark/sql/catalyst/optimizer/ReplaceNullWithFalseInPredicate$$anonfun$apply$2$$Lambda$3343
instanceKlass org/apache/spark/sql/catalyst/optimizer/SimplifyBinaryComparison$$anonfun$apply$11$$anonfun$applyOrElse$29$$Lambda$3342
instanceKlass org/apache/spark/sql/catalyst/optimizer/SimplifyBinaryComparison$$anonfun$apply$11$$Lambda$3341
instanceKlass org/apache/spark/sql/catalyst/optimizer/ReorderAssociativeOperator$$anonfun$apply$5$$Lambda$3340
instanceKlass org/apache/spark/sql/catalyst/expressions/Cast$$Lambda$3339
instanceKlass org/apache/spark/sql/catalyst/types/PhysicalNumericType$
instanceKlass org/apache/spark/sql/catalyst/optimizer/ConstantFolding$$$Lambda$3338
instanceKlass org/apache/spark/sql/catalyst/optimizer/FoldablePropagation$$$Lambda$3337
instanceKlass org/apache/spark/sql/catalyst/expressions/AttributeMap$$$Lambda$3336
instanceKlass org/apache/spark/sql/catalyst/optimizer/FoldablePropagation$$$Lambda$3335
instanceKlass org/apache/spark/sql/catalyst/expressions/ConditionalExpression$$Lambda$3334
instanceKlass org/apache/spark/sql/catalyst/optimizer/FoldablePropagation$$$Lambda$3333
instanceKlass scala/collection/IndexedSeqOptimized$$Lambda$3332
instanceKlass org/apache/spark/sql/catalyst/optimizer/NullPropagation$$anonfun$apply$19$$anonfun$applyOrElse$61$$Lambda$3331
instanceKlass org/apache/spark/sql/catalyst/optimizer/NullPropagation$$anonfun$apply$19$$anonfun$applyOrElse$61$$Lambda$3330
instanceKlass org/apache/spark/sql/catalyst/optimizer/NullPropagation$$anonfun$apply$19$$anonfun$applyOrElse$61$$Lambda$3329
instanceKlass org/apache/spark/sql/catalyst/optimizer/TransposeWindow$$$Lambda$3328
instanceKlass org/apache/spark/sql/catalyst/optimizer/TransposeWindow$$$Lambda$3327
instanceKlass org/apache/spark/sql/catalyst/optimizer/EliminateLimits$$$Lambda$3326
instanceKlass org/apache/spark/sql/catalyst/optimizer/CollapseWindow$$$Lambda$3325
instanceKlass org/apache/spark/sql/catalyst/expressions/AliasHelper$$anonfun$$nestedInanonfun$replaceAliasButKeepName$3$1$$Lambda$3324
instanceKlass org/apache/spark/sql/catalyst/expressions/AliasHelper$$anonfun$$nestedInanonfun$replaceAliasButKeepName$3$1$$Lambda$3323
instanceKlass org/apache/spark/sql/catalyst/expressions/AliasHelper$$Lambda$3322
instanceKlass org/apache/spark/sql/catalyst/expressions/AliasHelper$$Lambda$3321
instanceKlass org/apache/spark/sql/catalyst/expressions/AliasHelper$$Lambda$3320
instanceKlass org/apache/spark/sql/catalyst/optimizer/CollapseProject$$$Lambda$3319
instanceKlass org/apache/spark/sql/catalyst/optimizer/CollapseProject$$$Lambda$3318
instanceKlass org/apache/spark/sql/catalyst/optimizer/CollapseProject$$$Lambda$3317
instanceKlass org/apache/spark/sql/catalyst/expressions/AttributeSet$$Lambda$3316
instanceKlass org/apache/spark/sql/catalyst/optimizer/CollapseProject$$$Lambda$3315
instanceKlass org/apache/spark/sql/catalyst/expressions/IntegerLiteral$
instanceKlass org/apache/spark/sql/catalyst/optimizer/PushPredicateThroughJoin$$anonfun$8$$Lambda$3314
instanceKlass org/apache/spark/sql/catalyst/optimizer/PushPredicateThroughJoin$$anonfun$8$$Lambda$3313
instanceKlass org/apache/spark/sql/catalyst/optimizer/PushPredicateThroughJoin$$anonfun$8$$Lambda$3312
instanceKlass org/apache/spark/sql/catalyst/optimizer/PushPredicateThroughJoin$$anonfun$8$$Lambda$3311
instanceKlass org/apache/spark/sql/catalyst/optimizer/PushPredicateThroughJoin$$$Lambda$3310
instanceKlass org/apache/spark/sql/catalyst/optimizer/PushPredicateThroughJoin$$$Lambda$3309
instanceKlass org/apache/spark/sql/catalyst/optimizer/PushPredicateThroughJoin$$$Lambda$3308
instanceKlass org/apache/spark/sql/catalyst/optimizer/PushPredicateThroughJoin$$anonfun$8$$Lambda$3307
instanceKlass org/apache/spark/sql/catalyst/optimizer/PushPredicateThroughJoin$$anonfun$8$$Lambda$3306
instanceKlass org/apache/spark/sql/catalyst/planning/ExtractFiltersAndInnerJoins$$$Lambda$3305
instanceKlass org/apache/spark/sql/catalyst/planning/ExtractFiltersAndInnerJoins$
instanceKlass org/apache/spark/sql/catalyst/expressions/ExpressionSet$$$Lambda$3304
instanceKlass org/apache/spark/sql/catalyst/expressions/ExpressionSet$
instanceKlass org/apache/spark/sql/catalyst/optimizer/RemoveLiteralFromGroupExpressions$$anonfun$apply$60$$Lambda$3303
instanceKlass org/apache/spark/sql/catalyst/optimizer/RemoveNoopOperators$$anonfun$apply$10$$Lambda$3302
instanceKlass org/apache/spark/sql/util/SchemaUtils$$$Lambda$3301
instanceKlass org/apache/spark/sql/catalyst/optimizer/RemoveNoopOperators$$anonfun$apply$10$$Lambda$3300
instanceKlass org/apache/spark/sql/catalyst/plans/logical/LogicalPlan$$Lambda$3299
instanceKlass org/apache/spark/sql/catalyst/optimizer/EliminateDistinct$$anonfun$apply$6$$anonfun$applyOrElse$2$$Lambda$3298
instanceKlass org/apache/spark/sql/catalyst/plans/logical/DistinctKeyVisitor$
instanceKlass org/apache/spark/sql/catalyst/optimizer/EliminateResolvedHint$$$Lambda$3297
instanceKlass org/apache/spark/sql/catalyst/expressions/BinaryComparison$$Lambda$3296
instanceKlass org/apache/spark/sql/Dataset$$Lambda$3295
instanceKlass org/apache/spark/sql/catalyst/analysis/PullOutNondeterministic$$anonfun$1$$Lambda$3294
instanceKlass org/apache/spark/sql/catalyst/plans/logical/Limit$
instanceKlass org/apache/spark/sql/catalyst/analysis/Analyzer$ResolveAliases$$$Lambda$3293
instanceKlass org/apache/spark/sql/catalyst/analysis/Analyzer$ResolveAliases$$$Lambda$3292
instanceKlass org/apache/spark/sql/catalyst/analysis/Analyzer$ResolveAliases$$$Lambda$3291
instanceKlass org/apache/spark/sql/catalyst/analysis/Analyzer$ResolveAliases$$$Lambda$3290
instanceKlass org/apache/spark/sql/Column$$Lambda$3289
instanceKlass org/apache/spark/sql/Dataset$$Lambda$3288
instanceKlass org/apache/spark/sql/Dataset$$Lambda$3287
instanceKlass org/apache/spark/sql/catalyst/analysis/CheckAnalysis$$Lambda$3286
instanceKlass org/apache/spark/sql/catalyst/analysis/CleanupAliases$$anonfun$apply$64$$Lambda$3285
instanceKlass org/apache/spark/sql/catalyst/analysis/CleanupAliases$$anonfun$apply$64$$Lambda$3284
instanceKlass org/apache/spark/sql/catalyst/analysis/CleanupAliases$$anonfun$apply$64$$Lambda$3283
instanceKlass org/apache/spark/sql/catalyst/analysis/Analyzer$ResolveWindowOrder$$anonfun$apply$46$$Lambda$3282
instanceKlass org/apache/spark/sql/catalyst/plans/logical/Window$$Lambda$3281
instanceKlass org/apache/spark/sql/catalyst/analysis/Analyzer$ExtractWindowExpressions$$anonfun$apply$36$$Lambda$3280
instanceKlass org/apache/spark/sql/catalyst/plans/logical/Window$$Lambda$3279
instanceKlass org/apache/spark/sql/catalyst/analysis/Analyzer$ExtractWindowExpressions$$$Lambda$3278
instanceKlass org/apache/spark/sql/catalyst/analysis/Analyzer$ExtractWindowExpressions$$$Lambda$3277
instanceKlass org/apache/spark/sql/catalyst/expressions/WindowFunctionType$$$Lambda$3276
instanceKlass org/apache/spark/sql/catalyst/expressions/WindowFunctionType$SQL$
instanceKlass org/apache/spark/sql/catalyst/expressions/WindowFunctionType
instanceKlass org/apache/spark/sql/catalyst/expressions/WindowFunctionType$
instanceKlass org/apache/spark/sql/catalyst/analysis/Analyzer$ExtractWindowExpressions$$$Lambda$3275
instanceKlass org/apache/spark/sql/catalyst/analysis/Analyzer$ExtractWindowExpressions$$$Lambda$3274
instanceKlass org/apache/spark/sql/catalyst/analysis/Analyzer$ExtractWindowExpressions$$anonfun$$nestedInanonfun$extract$3$1$$Lambda$3273
instanceKlass org/apache/spark/sql/catalyst/expressions/AttributeSet$$Lambda$3272
instanceKlass org/apache/spark/sql/catalyst/analysis/Analyzer$ExtractWindowExpressions$$anonfun$$nestedInanonfun$extract$3$1$$Lambda$3271
instanceKlass org/apache/spark/sql/catalyst/analysis/Analyzer$ExtractWindowExpressions$$anonfun$$nestedInanonfun$extract$3$1$$Lambda$3270
instanceKlass org/apache/spark/sql/catalyst/analysis/Analyzer$ExtractWindowExpressions$$$Lambda$3269
instanceKlass org/apache/spark/sql/catalyst/analysis/Analyzer$ExtractWindowExpressions$$$Lambda$3268
instanceKlass org/apache/spark/sql/catalyst/analysis/Analyzer$ExtractWindowExpressions$$anonfun$apply$36$$Lambda$3267
instanceKlass org/apache/spark/sql/catalyst/expressions/RangeFrame$
instanceKlass org/apache/spark/sql/catalyst/analysis/Analyzer$ExtractWindowExpressions$$anonfun$apply$36$$Lambda$3266
instanceKlass org/apache/spark/sql/catalyst/analysis/Analyzer$ExtractWindowExpressions$$$Lambda$3265
instanceKlass org/apache/spark/sql/catalyst/analysis/Analyzer$ExtractWindowExpressions$$$Lambda$3264
instanceKlass org/apache/spark/sql/Dataset$$Lambda$3263
instanceKlass org/apache/spark/sql/Dataset$$Lambda$3262
instanceKlass org/apache/spark/sql/Dataset$$Lambda$3261
instanceKlass org/apache/spark/sql/Dataset$$Lambda$3260
instanceKlass org/apache/spark/sql/Dataset$$Lambda$3259
instanceKlass org/apache/spark/sql/util/SchemaUtils$$$Lambda$3258
instanceKlass org/apache/spark/sql/util/SchemaUtils$
instanceKlass org/apache/spark/sql/Dataset$$Lambda$3257
instanceKlass org/apache/spark/sql/catalyst/expressions/RankLike$$Lambda$3256
instanceKlass org/apache/spark/sql/catalyst/expressions/RankLike$$Lambda$3255
instanceKlass org/apache/spark/sql/catalyst/expressions/RankLike$$Lambda$3254
instanceKlass org/apache/spark/sql/catalyst/expressions/RowFrame$
instanceKlass org/apache/spark/sql/expressions/WindowSpec$$Lambda$3253
instanceKlass org/apache/spark/sql/expressions/WindowSpec$$Lambda$3252
instanceKlass org/apache/spark/sql/expressions/WindowSpec$$Lambda$3251
instanceKlass org/apache/spark/sql/expressions/WindowSpec
instanceKlass org/apache/spark/sql/expressions/Window$
instanceKlass org/apache/spark/sql/catalyst/util/CharVarcharUtils$$$Lambda$3250
instanceKlass org/apache/spark/sql/catalyst/util/CharVarcharUtils$$$Lambda$3249
instanceKlass org/apache/spark/sql/catalyst/util/CharVarcharUtils$$$Lambda$3248
instanceKlass org/apache/spark/sql/execution/datasources/ApplyCharTypePadding$AttrOrOuterRef$
instanceKlass org/apache/spark/sql/execution/datasources/ApplyCharTypePadding$$anonfun$paddingForStringComparison$2$$Lambda$3247
instanceKlass org/apache/spark/sql/types/NumericTypeExpression$
instanceKlass org/apache/spark/sql/types/DecimalExpression$
instanceKlass org/apache/spark/sql/catalyst/expressions/BinaryComparison$
instanceKlass org/apache/spark/sql/catalyst/expressions/Equality$
instanceKlass org/apache/spark/sql/catalyst/analysis/Analyzer$$Lambda$3246
instanceKlass org/apache/spark/sql/catalyst/plans/logical/Join$$Lambda$3245
instanceKlass org/apache/spark/sql/catalyst/analysis/Analyzer$$Lambda$3244
instanceKlass org/apache/spark/sql/catalyst/analysis/Analyzer$$Lambda$3243
instanceKlass org/apache/spark/sql/catalyst/plans/LeftExistence$
instanceKlass org/apache/spark/sql/catalyst/analysis/Analyzer$$Lambda$3242
instanceKlass org/apache/spark/sql/catalyst/analysis/Analyzer$$Lambda$3241
instanceKlass scala/Function2$$Lambda$3240
instanceKlass org/apache/spark/sql/catalyst/analysis/Analyzer$$Lambda$3239
instanceKlass org/apache/spark/sql/catalyst/analysis/Analyzer$$Lambda$3238
instanceKlass org/apache/spark/sql/catalyst/analysis/Analyzer$$Lambda$3237
instanceKlass org/apache/spark/sql/catalyst/analysis/Analyzer$$Lambda$3236
instanceKlass org/apache/spark/sql/catalyst/analysis/Analyzer$$Lambda$3235
instanceKlass org/apache/spark/sql/catalyst/analysis/Analyzer$$Lambda$3234
instanceKlass org/apache/spark/sql/catalyst/plans/LeftSemiOrAnti$
instanceKlass org/apache/spark/sql/catalyst/plans/UsingJoin$$Lambda$3233
instanceKlass org/apache/spark/sql/catalyst/analysis/CleanupAliases$$anonfun$apply$64$$Lambda$3232
instanceKlass org/apache/spark/sql/execution/analysis/DetectAmbiguousSelfJoin$$$Lambda$3231
instanceKlass org/apache/spark/sql/catalyst/analysis/Analyzer$ResolveReferences$$$Lambda$3230
instanceKlass org/apache/spark/sql/catalyst/analysis/Analyzer$ResolveReferences$$$Lambda$3229
instanceKlass org/apache/spark/sql/catalyst/analysis/Analyzer$ResolveReferences$$$Lambda$3228
instanceKlass org/apache/spark/sql/catalyst/plans/logical/Join$$Lambda$3227
instanceKlass org/apache/spark/sql/catalyst/analysis/DeduplicateRelations$$$Lambda$3226
instanceKlass org/apache/spark/sql/catalyst/analysis/DeduplicateRelations$$$Lambda$3225
instanceKlass org/apache/spark/sql/catalyst/analysis/DeduplicateRelations$$$Lambda$3224
instanceKlass org/apache/spark/sql/catalyst/plans/logical/LocalRelation$$Lambda$3223
instanceKlass org/apache/spark/sql/catalyst/plans/logical/Join$$Lambda$3222
instanceKlass org/apache/spark/sql/catalyst/plans/logical/JoinHint
instanceKlass org/apache/spark/sql/catalyst/plans/logical/JoinHint$
instanceKlass org/apache/spark/sql/catalyst/plans/JoinType$
instanceKlass org/apache/spark/sql/Dataset$$Lambda$3221
instanceKlass org/apache/spark/sql/Dataset$$Lambda$3220
instanceKlass org/apache/spark/sql/catalyst/expressions/Coalesce$$Lambda$3219
instanceKlass org/apache/spark/sql/catalyst/plans/logical/Project$$Lambda$3218
instanceKlass org/apache/spark/sql/catalyst/plans/logical/Project$
instanceKlass org/apache/spark/sql/catalyst/expressions/Coalesce$$Lambda$3217
instanceKlass org/apache/spark/sql/catalyst/expressions/ComplexTypeMergingExpression$$Lambda$3216
instanceKlass org/apache/spark/sql/errors/DataTypeErrorsBase$$Lambda$3215
instanceKlass org/apache/spark/sql/catalyst/analysis/TypeCheckResult$DataTypeMismatch
instanceKlass org/apache/spark/sql/Dataset$$Lambda$3214
instanceKlass org/apache/spark/sql/Dataset$$Lambda$3213
instanceKlass org/apache/spark/sql/functions$$$Lambda$3212
instanceKlass org/apache/spark/sql/DataFrameNaFunctions$$Lambda$3211
instanceKlass org/apache/spark/sql/DataFrameNaFunctions$$Lambda$3210
instanceKlass org/apache/spark/sql/DataFrameNaFunctions
instanceKlass org/apache/spark/sql/catalyst/expressions/GetArrayItem$$Lambda$3209
instanceKlass org/apache/spark/sql/catalyst/analysis/CheckAnalysis$$Lambda$3208
instanceKlass org/apache/spark/sql/catalyst/analysis/CheckAnalysis$$Lambda$3207
instanceKlass org/apache/spark/sql/catalyst/analysis/CheckAnalysis$$Lambda$3206
instanceKlass org/apache/spark/sql/catalyst/analysis/CheckAnalysis$$Lambda$3205
instanceKlass org/apache/spark/sql/catalyst/analysis/CleanupAliases$$anonfun$apply$64$$Lambda$3204
instanceKlass org/apache/spark/sql/catalyst/analysis/Analyzer$ResolveReferences$$anonfun$apply$16$$Lambda$3203
instanceKlass org/apache/spark/sql/catalyst/analysis/Analyzer$ResolveReferences$$anonfun$apply$16$$Lambda$3202
instanceKlass org/apache/spark/sql/catalyst/analysis/Analyzer$ResolveReferences$$anonfun$apply$16$$Lambda$3201
instanceKlass org/apache/spark/sql/catalyst/analysis/Analyzer$GlobalAggregates$$$Lambda$3200
instanceKlass org/apache/spark/sql/catalyst/analysis/Analyzer$GlobalAggregates$$$Lambda$3199
instanceKlass org/apache/spark/sql/catalyst/analysis/Analyzer$GlobalAggregates$$$Lambda$3198
instanceKlass org/apache/spark/sql/catalyst/analysis/Analyzer$ResolvePivot$$anonfun$apply$10$$Lambda$3197
instanceKlass org/apache/spark/sql/catalyst/analysis/Analyzer$ResolvePivot$$anonfun$apply$10$$Lambda$3196
instanceKlass org/apache/spark/sql/catalyst/expressions/ExtractValue$
instanceKlass java/lang/invoke/LambdaForm$MH
instanceKlass java/lang/invoke/LambdaForm$DMH
instanceKlass java/lang/invoke/LambdaForm$DMH
instanceKlass org/apache/spark/sql/catalyst/analysis/Analyzer$ResolvePivot$$anonfun$apply$10$$Lambda$3195
instanceKlass java/lang/invoke/LambdaForm$DMH
instanceKlass org/apache/spark/sql/catalyst/analysis/Analyzer$ResolvePivot$$anonfun$apply$10$$Lambda$3194
instanceKlass org/apache/spark/sql/catalyst/analysis/Analyzer$ResolvePivot$$anonfun$apply$10$$Lambda$3193
instanceKlass org/apache/spark/sql/catalyst/analysis/Analyzer$ResolvePivot$$anonfun$apply$10$$Lambda$3192
instanceKlass org/apache/spark/sql/catalyst/expressions/aggregate/PivotFirst$$Lambda$3191
instanceKlass org/apache/spark/sql/catalyst/expressions/aggregate/PivotFirst$$Lambda$3190
instanceKlass org/apache/spark/sql/catalyst/expressions/aggregate/PivotFirst$$Lambda$3189
instanceKlass org/apache/spark/sql/catalyst/expressions/aggregate/PivotFirst$$Lambda$3188
instanceKlass org/apache/spark/sql/catalyst/expressions/aggregate/PivotFirst$$anonfun$1$$Lambda$3187
instanceKlass org/apache/spark/sql/catalyst/analysis/Analyzer$ResolvePivot$$anonfun$apply$10$$Lambda$3186
instanceKlass org/apache/spark/sql/catalyst/analysis/Analyzer$ResolvePivot$$anonfun$apply$10$$Lambda$3185
instanceKlass org/apache/spark/sql/catalyst/expressions/aggregate/PivotFirst$
instanceKlass org/apache/spark/sql/catalyst/analysis/Analyzer$ResolvePivot$$anonfun$apply$10$$Lambda$3184
instanceKlass org/apache/spark/sql/catalyst/analysis/Analyzer$ResolvePivot$$anonfun$apply$10$$Lambda$3183
instanceKlass org/apache/spark/sql/catalyst/expressions/Cast$$Lambda$3182
instanceKlass org/apache/spark/sql/catalyst/analysis/Analyzer$ResolvePivot$$anonfun$apply$10$$Lambda$3181
instanceKlass org/apache/spark/sql/catalyst/analysis/Analyzer$ResolvePivot$$$Lambda$3180
instanceKlass org/apache/spark/sql/catalyst/analysis/Analyzer$ResolvePivot$$anonfun$apply$10$$Lambda$3179
instanceKlass org/apache/spark/sql/catalyst/analysis/Analyzer$ResolvePivot$$anonfun$apply$10$$Lambda$3178
instanceKlass org/apache/spark/sql/catalyst/analysis/Analyzer$ResolvePivot$$anonfun$apply$10$$Lambda$3177
instanceKlass org/apache/spark/sql/catalyst/analysis/Analyzer$ResolvePivot$$anonfun$apply$10$$Lambda$3176
instanceKlass org/apache/spark/sql/RelationalGroupedDataset$$Lambda$3175
instanceKlass org/apache/spark/sql/RelationalGroupedDataset$CubeType$
instanceKlass org/apache/spark/sql/RelationalGroupedDataset$RollupType$
instanceKlass org/apache/spark/sql/catalyst/expressions/aggregate/AggregateFunction$$Lambda$3174
instanceKlass org/apache/spark/sql/catalyst/expressions/Expression$$Lambda$3173
instanceKlass org/apache/spark/sql/catalyst/analysis/UnresolvedAttribute$$Lambda$3172
instanceKlass org/apache/spark/sql/RelationalGroupedDataset$PivotType
instanceKlass org/apache/spark/sql/RelationalGroupedDataset$$Lambda$3171
instanceKlass org/apache/spark/sql/catalyst/expressions/Multiply$$Lambda$3170
instanceKlass org/apache/spark/sql/catalyst/trees/BinaryLike$$Lambda$3169
instanceKlass org/apache/spark/sql/catalyst/analysis/CheckAnalysis$$Lambda$3168
instanceKlass org/apache/spark/sql/catalyst/expressions/OrderUtils$
instanceKlass org/apache/spark/sql/catalyst/expressions/BaseOrdering
instanceKlass org/apache/spark/sql/catalyst/analysis/CheckAnalysis$$Lambda$3167
instanceKlass org/apache/spark/sql/catalyst/analysis/ResolveReferencesInAggregate$$$Lambda$3166
instanceKlass org/apache/spark/sql/catalyst/analysis/TypeCoercionBase$ImplicitTypeCasts$$anonfun$11$$Lambda$3165
instanceKlass org/apache/spark/sql/catalyst/expressions/BinaryOperator$
instanceKlass org/apache/spark/sql/catalyst/expressions/BinaryArithmetic$
instanceKlass org/apache/spark/sql/catalyst/analysis/TypeCoercionBase$ImplicitTypeCasts$$anonfun$11$$Lambda$3164
instanceKlass org/apache/spark/sql/catalyst/analysis/TypeCoercion$$$Lambda$3163
instanceKlass org/apache/spark/sql/catalyst/analysis/TypeCoercionBase$ImplicitTypeCasts$$anonfun$11$$Lambda$3162
instanceKlass org/apache/spark/sql/types/DataTypeExpression
instanceKlass org/apache/spark/sql/catalyst/analysis/Analyzer$ResolveBinaryArithmetic$$anonfun$apply$2$$Lambda$3161
instanceKlass org/apache/spark/sql/catalyst/analysis/Analyzer$ResolveFunctions$$anonfun$apply$22$$anonfun$applyOrElse$154$$Lambda$3160
instanceKlass org/apache/spark/sql/catalyst/analysis/Analyzer$ResolveFunctions$$$Lambda$3159
instanceKlass org/apache/spark/sql/catalyst/analysis/FunctionRegistry$$$Lambda$3158
instanceKlass org/apache/spark/sql/catalyst/analysis/SimpleFunctionRegistryBase$$Lambda$3157
instanceKlass org/apache/spark/sql/catalyst/analysis/SimpleFunctionRegistryBase$$Lambda$3156
instanceKlass org/apache/spark/sql/catalyst/catalog/SessionCatalog$$Lambda$3155
instanceKlass org/apache/spark/sql/catalyst/catalog/SessionCatalog$$Lambda$3154
instanceKlass org/apache/spark/sql/catalyst/analysis/Analyzer$ResolveFunctions$$anonfun$apply$22$$anonfun$applyOrElse$154$$Lambda$3153
instanceKlass org/apache/spark/sql/catalyst/analysis/Analyzer$ResolveFunctions$$$Lambda$3152
instanceKlass org/apache/spark/sql/catalyst/analysis/Analyzer$ResolveFunctions$$anonfun$apply$22$$Lambda$3151
instanceKlass org/apache/spark/sql/catalyst/util/TypeUtils$
instanceKlass org/apache/spark/sql/catalyst/plans/logical/LogicalPlan$$Lambda$3150
instanceKlass org/apache/spark/sql/catalyst/plans/logical/LogicalPlan$$Lambda$3149
instanceKlass org/apache/spark/sql/catalyst/analysis/SimpleFunctionRegistryBase$$Lambda$3148
instanceKlass org/apache/spark/sql/catalyst/catalog/SessionCatalog$$Lambda$3147
instanceKlass org/apache/spark/sql/catalyst/catalog/SessionCatalog$$Lambda$3146
instanceKlass org/apache/spark/sql/catalyst/catalog/SessionCatalog$$Lambda$3145
instanceKlass org/apache/spark/sql/execution/aggregate/TypedAggregateExpression
instanceKlass org/apache/spark/sql/internal/TypedAggUtils$
instanceKlass org/apache/spark/sql/RelationalGroupedDataset$$Lambda$3144
instanceKlass org/apache/spark/sql/functions$$$Lambda$3143
instanceKlass org/apache/spark/sql/catalyst/analysis/UnresolvedFunction$
instanceKlass org/apache/spark/sql/functions$$$Lambda$3142
instanceKlass org/apache/spark/sql/Column$
instanceKlass org/apache/spark/sql/functions$
instanceKlass org/apache/spark/sql/execution/ui/SQLAppStatusListener$$Lambda$3141
instanceKlass org/apache/spark/sql/execution/ui/SQLAppStatusListener$$Lambda$3140
instanceKlass org/apache/spark/sql/execution/ui/SQLAppStatusListener$$Lambda$3139
instanceKlass org/apache/spark/sql/execution/metric/SQLMetrics$$$Lambda$3138
instanceKlass org/apache/spark/sql/execution/metric/SQLMetrics$$$Lambda$3137
instanceKlass org/apache/spark/sql/execution/metric/SQLMetrics$$$Lambda$3136
instanceKlass org/apache/spark/sql/execution/metric/SQLMetrics$$$Lambda$3135
instanceKlass org/apache/spark/sql/Dataset$$Lambda$3129
instanceKlass org/apache/spark/sql/execution/metric/SQLMetrics$$$Lambda$3134
instanceKlass org/apache/spark/sql/execution/ui/SQLAppStatusListener$$Lambda$3133
instanceKlass org/apache/spark/sql/execution/ui/SQLAppStatusListener$$Lambda$3132
instanceKlass org/apache/spark/sql/execution/ui/SQLAppStatusListener$$Lambda$3131
instanceKlass org/apache/spark/sql/execution/ui/SQLAppStatusListener$$Lambda$3130
instanceKlass java/lang/invoke/LambdaForm$MH
instanceKlass org/apache/spark/sql/Dataset$$Lambda$3128
instanceKlass java/lang/invoke/LambdaForm$DMH
instanceKlass org/apache/spark/sql/execution/ui/SQLAppStatusListener$$Lambda$3127
instanceKlass java/lang/invoke/LambdaForm$DMH
instanceKlass org/apache/spark/sql/execution/ui/SQLAppStatusListener$$Lambda$3126
instanceKlass org/apache/spark/sql/execution/ui/SQLAppStatusListener$$Lambda$3125
instanceKlass org/apache/spark/sql/execution/ui/SQLAppStatusListener$$Lambda$3124
instanceKlass org/apache/spark/sql/execution/ui/SQLAppStatusListener$$Lambda$3123
instanceKlass org/apache/spark/sql/execution/ui/SQLAppStatusListener$$Lambda$3122
instanceKlass org/apache/spark/sql/execution/ui/LiveStageMetrics$$Lambda$3121
instanceKlass org/apache/spark/sql/execution/ui/SQLAppStatusListener$$Lambda$3120
instanceKlass org/apache/spark/sql/execution/ui/SQLAppStatusListener$$Lambda$3119
instanceKlass org/apache/spark/sql/execution/ui/SQLAppStatusListener$$Lambda$3118
instanceKlass scala/collection/SetLike$$Lambda$3117
instanceKlass org/apache/spark/sql/execution/ui/SQLAppStatusListener$$Lambda$3116
instanceKlass org/apache/spark/sql/execution/ui/SQLAppStatusListener$$Lambda$3115
instanceKlass org/apache/spark/sql/execution/ui/SQLAppStatusListener$$Lambda$3114
instanceKlass org/apache/spark/sql/execution/metric/CustomMetrics$
instanceKlass com/ecommerce/analytics/Analytics$
instanceKlass org/apache/spark/sql/execution/ui/SQLAppStatusListener$$Lambda$3113
instanceKlass org/apache/spark/sql/execution/ui/SQLAppStatusListener$$Lambda$3112
instanceKlass org/apache/spark/sql/execution/ui/SQLAppStatusListener$$Lambda$3111
instanceKlass org/apache/spark/sql/execution/SQLExecution$$$Lambda$3110
instanceKlass org/apache/spark/sql/execution/ui/SQLAppStatusListener$$Lambda$3109
instanceKlass org/apache/spark/sql/execution/SQLExecution$$$Lambda$3108
instanceKlass org/apache/spark/sql/execution/SQLExecution$$$Lambda$3107
instanceKlass org/apache/spark/sql/execution/SQLExecution$$$Lambda$3106
instanceKlass org/apache/spark/sql/execution/adaptive/AdaptiveSparkPlanExec$$Lambda$3105
instanceKlass org/apache/spark/sql/execution/adaptive/AdaptiveSparkPlanExec$$Lambda$3104
instanceKlass org/apache/spark/status/AppStatusListener$$Lambda$3095
instanceKlass org/apache/spark/sql/execution/SparkPlan$$Lambda$3103
instanceKlass org/apache/spark/sql/execution/SparkPlan$$Lambda$3102
instanceKlass scala/Array$$$Lambda$3101
instanceKlass scala/Array$$$Lambda$3100
instanceKlass org/apache/spark/rdd/RDD$$Lambda$3099
instanceKlass org/apache/spark/rdd/RDD$$Lambda$3098
instanceKlass org/apache/spark/SparkContext$$Lambda$3097
instanceKlass org/apache/spark/scheduler/DAGScheduler$$Lambda$3096
instanceKlass io/netty/util/AbstractReferenceCounted
instanceKlass io/netty/channel/FileRegion
instanceKlass org/apache/spark/executor/ShuffleReadMetrics$$Lambda$3094
instanceKlass org/apache/spark/storage/ShuffleBlockFetcherIterator$$Lambda$3093
instanceKlass org/apache/spark/storage/BufferReleasingInputStream$$Lambda$3092
instanceKlass java/lang/invoke/LambdaForm$DMH
instanceKlass org/apache/spark/sql/execution/UnsafeRowSerializerInstance$$anon$2$$anon$3
instanceKlass org/apache/spark/serializer/SerializerManager$$Lambda$3091
instanceKlass org/apache/spark/serializer/SerializerManager$$Lambda$3090
instanceKlass org/sparkproject/guava/io/ByteSink
instanceKlass org/sparkproject/guava/io/OutputSupplier
instanceKlass org/sparkproject/guava/io/ByteArrayDataOutput
instanceKlass org/sparkproject/guava/io/ByteSource
instanceKlass org/sparkproject/guava/io/ByteArrayDataInput
instanceKlass org/sparkproject/guava/io/InputSupplier
instanceKlass org/sparkproject/guava/io/ByteProcessor
instanceKlass org/sparkproject/guava/io/ByteStreams
instanceKlass org/apache/spark/sql/execution/SparkPlan$$Lambda$3089
instanceKlass org/apache/spark/sql/execution/ShuffledRowRDD$$Lambda$3088
instanceKlass org/apache/spark/shuffle/BlockStoreShuffleReader$$Lambda$3087
instanceKlass org/apache/spark/shuffle/BlockStoreShuffleReader$$Lambda$3086
instanceKlass org/apache/spark/shuffle/BlockStoreShuffleReader$$Lambda$3085
instanceKlass org/apache/spark/storage/ShuffleBlockFetcherIterator$$Lambda$3084
instanceKlass org/apache/spark/storage/ShuffleBlockFetcherIterator$$Lambda$3083
instanceKlass org/apache/spark/storage/ShuffleBlockFetcherIterator$SuccessFetchResult
instanceKlass java/nio/channels/Channels
instanceKlass sun/nio/ch/FileChannelImpl$Closer
instanceKlass org/apache/spark/storage/BlockManager$$Lambda$3082
instanceKlass org/apache/spark/storage/ShuffleBlockFetcherIterator$$Lambda$3081
instanceKlass org/apache/spark/storage/ShuffleBlockFetcherIterator$$Lambda$3080
instanceKlass org/apache/spark/storage/ShuffleBlockFetcherIterator$$Lambda$3079
instanceKlass org/apache/spark/storage/ShuffleBlockFetcherIterator$$Lambda$3078
instanceKlass org/apache/spark/util/Utils$$$Lambda$3077
instanceKlass org/apache/spark/storage/ShuffleBlockFetcherIterator$$Lambda$3076
instanceKlass java/lang/invoke/LambdaForm$MH
instanceKlass java/lang/invoke/LambdaForm$DMH
instanceKlass org/apache/spark/storage/ShuffleBlockFetcherIterator$$Lambda$3075
instanceKlass java/lang/invoke/LambdaForm$DMH
instanceKlass org/apache/spark/storage/ShuffleBlockFetcherIterator$$Lambda$3074
instanceKlass org/apache/spark/storage/ShuffleBlockFetcherIterator$$Lambda$3073
instanceKlass org/apache/spark/storage/ShuffleBlockFetcherIterator$FetchRequest
instanceKlass org/apache/spark/storage/ShuffleBlockFetcherIterator$$Lambda$3072
instanceKlass org/apache/spark/storage/ShuffleBlockFetcherIterator$$Lambda$3071
instanceKlass org/apache/spark/storage/ShuffleBlockFetcherIterator$$Lambda$3070
instanceKlass org/apache/spark/storage/ShuffleBlockFetcherIterator$FetchBlockInfo
instanceKlass org/apache/spark/storage/ShuffleBlockFetcherIterator$$Lambda$3069
instanceKlass org/apache/spark/storage/ShuffleBlockFetcherIterator$$Lambda$3068
instanceKlass org/apache/spark/storage/ShuffleBlockFetcherIterator$$Lambda$3067
instanceKlass org/apache/spark/storage/ShuffleBlockFetcherIterator$$Lambda$3066
instanceKlass org/apache/spark/network/shuffle/MergedBlocksMetaListener
instanceKlass org/apache/spark/storage/ShuffleBlockFetcherIterator$FetchResult
instanceKlass org/apache/spark/storage/PushBasedFetchHelper
instanceKlass org/apache/spark/storage/ShuffleFetchCompletionListener
instanceKlass org/apache/spark/storage/ShuffleBlockFetcherIterator$
instanceKlass org/apache/spark/shuffle/BlockStoreShuffleReader$$Lambda$3065
instanceKlass org/apache/spark/storage/ShuffleBlockFetcherIterator
instanceKlass org/apache/spark/shuffle/BlockStoreShuffleReader
instanceKlass org/apache/spark/shuffle/BlockStoreShuffleReader$
instanceKlass org/apache/spark/MapOutputTracker$$$Lambda$3064
instanceKlass org/apache/spark/MapOutputTracker$$$Lambda$3063
instanceKlass java/lang/invoke/LambdaForm$MH
instanceKlass java/lang/invoke/LambdaForm$DMH
instanceKlass java/lang/invoke/LambdaForm$DMH
instanceKlass org/apache/spark/MapOutputTracker$$$Lambda$3062
instanceKlass java/lang/invoke/LambdaForm$DMH
instanceKlass org/apache/spark/MapOutputTracker$$$Lambda$3061
instanceKlass org/apache/spark/MapOutputTracker$$$Lambda$3060
instanceKlass java/lang/invoke/LambdaForm$MH
instanceKlass java/lang/invoke/LambdaForm$DMH
instanceKlass org/apache/spark/MapOutputTrackerMaster$$Lambda$3059
instanceKlass java/lang/invoke/LambdaForm$DMH
instanceKlass java/lang/invoke/LambdaForm$MH
instanceKlass java/lang/invoke/LambdaForm$DMH
instanceKlass java/lang/invoke/LambdaForm$DMH
instanceKlass org/apache/spark/MapOutputTrackerMaster$$Lambda$3058
instanceKlass java/lang/invoke/LambdaForm$DMH
instanceKlass org/apache/spark/MapSizesByExecutorId
instanceKlass org/apache/spark/MapOutputTrackerMaster$$Lambda$3057
instanceKlass org/apache/spark/SparkContext$$Lambda$3056
instanceKlass org/apache/spark/rdd/RDD$$Lambda$3055
instanceKlass java/lang/invoke/LambdaForm$MH
instanceKlass java/lang/invoke/LambdaForm$MH
instanceKlass org/apache/spark/sql/execution/SparkPlan$$Lambda$3054
instanceKlass java/lang/invoke/LambdaForm$MH
instanceKlass java/lang/invoke/LambdaForm$MH
instanceKlass java/lang/invoke/LambdaForm$DMH
instanceKlass java/lang/invoke/LambdaForm$MH
instanceKlass java/lang/invoke/LambdaForm$DMH
instanceKlass java/lang/invoke/LambdaForm$MH
instanceKlass java/lang/invoke/LambdaForm$MH
instanceKlass java/lang/invoke/LambdaForm$MH
instanceKlass java/lang/invoke/LambdaForm$MH
instanceKlass java/lang/invoke/LambdaForm$MH
instanceKlass java/lang/invoke/LambdaForm$MH
instanceKlass java/lang/invoke/LambdaForm$DMH
instanceKlass java/lang/invoke/LambdaForm$MH
instanceKlass java/lang/invoke/LambdaForm$MH
instanceKlass java/lang/invoke/LambdaForm$MH
instanceKlass java/lang/invoke/LambdaForm$MH
instanceKlass java/lang/invoke/LambdaForm$MH
instanceKlass org/apache/spark/scheduler/HDFSCacheTaskLocation
instanceKlass org/apache/spark/scheduler/HostTaskLocation
instanceKlass org/apache/spark/scheduler/DAGScheduler$$Lambda$3053
instanceKlass org/apache/spark/scheduler/DAGScheduler$$Lambda$3052
instanceKlass org/apache/spark/MapOutputTrackerMaster$$Lambda$3051
instanceKlass java/lang/invoke/LambdaForm$MH
instanceKlass java/lang/invoke/LambdaForm$DMH
instanceKlass java/lang/invoke/LambdaForm$DMH
instanceKlass org/apache/spark/MapOutputTrackerMaster$$Lambda$3050
instanceKlass java/lang/invoke/LambdaForm$DMH
instanceKlass org/apache/spark/MapOutputTrackerMaster$$Lambda$3049
instanceKlass java/lang/invoke/LambdaForm$MH
instanceKlass java/lang/invoke/LambdaForm$DMH
instanceKlass java/lang/invoke/LambdaForm$DMH
instanceKlass org/apache/spark/MapOutputTrackerMaster$$Lambda$3048
instanceKlass java/lang/invoke/LambdaForm$DMH
instanceKlass org/apache/spark/sql/execution/ShuffledRowRDD$$Lambda$3047
instanceKlass org/apache/spark/rdd/RDD$$Lambda$3046
instanceKlass org/apache/spark/SparkContext$$Lambda$3045
instanceKlass org/apache/spark/SparkContext$$Lambda$3044
instanceKlass org/apache/spark/SparkContext$$Lambda$3043
instanceKlass scala/collection/immutable/HashMap$SerializationProxy$$Lambda$3042
instanceKlass scala/collection/immutable/HashMap$SerializationProxy$$Lambda$3041
instanceKlass scala/collection/immutable/HashMap$SerializationProxy
instanceKlass scala/collection/parallel/immutable/ParHashMap
instanceKlass scala/collection/parallel/immutable/ParMap
instanceKlass scala/collection/parallel/immutable/ParIterable
instanceKlass org/apache/spark/sql/execution/ShuffledRowRDD$$Lambda$3040
instanceKlass org/apache/spark/sql/execution/ShuffledRowRDDPartition
instanceKlass org/apache/spark/rdd/RDD$$Lambda$3039
instanceKlass org/apache/spark/rdd/RDD$$Lambda$3038
instanceKlass org/apache/spark/sql/execution/SparkPlan$$Lambda$3037
instanceKlass org/apache/spark/sql/execution/ShuffledRowRDD$$Lambda$3036
instanceKlass org/apache/spark/sql/execution/ShuffledRowRDD$$Lambda$3035
instanceKlass org/apache/spark/sql/execution/CoalescedPartitionSpec$
instanceKlass org/apache/spark/sql/execution/CoalescedPartitionSpec
instanceKlass org/apache/spark/sql/execution/ShufflePartitionSpec
instanceKlass org/apache/spark/sql/catalyst/expressions/aggregate/DeclarativeAggregate$RichAttribute
instanceKlass org/apache/spark/sql/execution/aggregate/AggregateCodegenSupport$$Lambda$3034
instanceKlass org/apache/spark/sql/execution/aggregate/AggregateCodegenSupport$$Lambda$3033
instanceKlass org/apache/spark/sql/execution/aggregate/AggregateCodegenSupport$$Lambda$3032
instanceKlass org/apache/spark/sql/execution/adaptive/AdaptiveSparkPlanExec$$Lambda$3031
instanceKlass org/apache/spark/sql/execution/adaptive/CoalesceShufflePartitions$$Lambda$3030
instanceKlass org/apache/spark/sql/execution/adaptive/ShuffleStageInfo
instanceKlass org/apache/spark/sql/execution/adaptive/ShuffleStageInfo$
instanceKlass org/apache/spark/scheduler/DAGScheduler$$Lambda$3029
instanceKlass org/apache/spark/scheduler/DAGScheduler$$Lambda$3028
instanceKlass org/apache/spark/scheduler/DAGScheduler$$Lambda$3027
instanceKlass org/apache/spark/scheduler/DAGScheduler$$Lambda$3026
instanceKlass org/apache/spark/scheduler/DAGScheduler$$Lambda$3025
instanceKlass org/apache/spark/scheduler/DAGScheduler$$Lambda$3024
instanceKlass org/apache/spark/scheduler/DAGScheduler$$Lambda$3023
instanceKlass org/apache/spark/scheduler/ShuffleMapStage$$Lambda$3022
instanceKlass org/apache/spark/scheduler/DAGScheduler$$Lambda$3021
instanceKlass org/apache/spark/MapOutputTrackerMaster$$Lambda$3020
instanceKlass org/apache/spark/MapOutputTrackerMaster$$Lambda$3019
instanceKlass org/apache/spark/MapOutputTrackerMaster$$Lambda$3018
instanceKlass org/apache/spark/ShuffleStatus$$Lambda$3017
instanceKlass org/apache/spark/MapOutputTrackerMaster$$Lambda$3016
instanceKlass org/apache/spark/MapOutputTrackerMaster$$Lambda$3015
instanceKlass org/apache/spark/scheduler/DAGScheduler$$Lambda$3014
instanceKlass org/apache/spark/scheduler/DAGScheduler$$Lambda$3013
instanceKlass org/apache/spark/scheduler/DAGScheduler$$Lambda$3012
instanceKlass org/apache/spark/scheduler/DAGScheduler$$Lambda$3011
instanceKlass org/apache/spark/sql/execution/ui/LiveStageMetrics$$Lambda$3010
instanceKlass java/lang/invoke/LambdaForm$DMH
instanceKlass org/apache/spark/ShuffleStatus$$Lambda$3009
instanceKlass org/apache/spark/ShuffleStatus$$Lambda$3008
instanceKlass org/apache/spark/scheduler/DAGScheduler$$Lambda$3007
instanceKlass org/apache/spark/storage/BlockManagerId$$Lambda$3006
instanceKlass org/apache/spark/scheduler/CompressedMapStatus$$Lambda$3005
instanceKlass org/apache/spark/storage/BlockManagerId$$Lambda$3004
instanceKlass org/apache/spark/storage/BlockManagerId$$Lambda$3003
instanceKlass org/apache/spark/scheduler/CompressedMapStatus$$Lambda$3001
instanceKlass org/apache/spark/scheduler/CompressedMapStatus
instanceKlass org/apache/spark/scheduler/MapStatus$$$Lambda$2999
instanceKlass org/apache/spark/scheduler/MapStatus$$$Lambda$2998
instanceKlass org/apache/spark/scheduler/MapStatus$
instanceKlass org/apache/spark/shuffle/api/metadata/MapOutputCommitMessage
instanceKlass org/apache/spark/shuffle/IndexShuffleBlockResolver$$Lambda$2997
instanceKlass org/apache/spark/shuffle/IndexShuffleBlockResolver$$Lambda$2996
instanceKlass org/apache/spark/shuffle/IndexShuffleBlockResolver$$Lambda$2995
instanceKlass org/apache/spark/shuffle/IndexShuffleBlockResolver$$Lambda$2994
instanceKlass org/apache/spark/shuffle/IndexShuffleBlockResolver$$Lambda$2993
instanceKlass org/apache/spark/shuffle/IndexShuffleBlockResolver$$Lambda$2992
instanceKlass scala/collection/TraversableLike$$Lambda$2991
instanceKlass org/apache/spark/shuffle/IndexShuffleBlockResolver$$Lambda$2990
instanceKlass org/apache/spark/shuffle/IndexShuffleBlockResolver$$Lambda$2989
instanceKlass org/apache/spark/shuffle/IndexShuffleBlockResolver$$Lambda$2988
instanceKlass org/apache/spark/shuffle/IndexShuffleBlockResolver$$Lambda$2987
instanceKlass org/apache/spark/shuffle/IndexShuffleBlockResolver$$Lambda$2986
instanceKlass org/apache/spark/shuffle/IndexShuffleBlockResolver$$Lambda$2985
instanceKlass org/sparkproject/guava/io/Closeables
instanceKlass java/lang/invoke/LambdaForm$MH
instanceKlass java/lang/invoke/LambdaForm$DMH
instanceKlass org/apache/spark/util/Utils$$$Lambda$2984
instanceKlass java/lang/invoke/LambdaForm$DMH
instanceKlass org/apache/spark/util/Utils$$$Lambda$2983
instanceKlass org/apache/spark/util/Utils$$$Lambda$2982
instanceKlass sun/nio/ch/Util$4
instanceKlass java/nio/channels/FileChannel$MapMode
instanceKlass org/apache/spark/util/Utils
instanceKlass org/apache/spark/shuffle/sort/io/LocalDiskShuffleMapOutputWriter$PartitionWriterChannel
instanceKlass org/apache/spark/shuffle/api/WritableByteChannelWrapper
instanceKlass org/apache/spark/shuffle/sort/io/LocalDiskShuffleMapOutputWriter$LocalDiskShufflePartitionWriter
instanceKlass org/apache/spark/storage/DiskBlockObjectWriter$$Lambda$2980
instanceKlass org/apache/spark/storage/DiskBlockObjectWriter$$Lambda$2977
instanceKlass org/apache/spark/storage/DiskBlockObjectWriter$$Lambda$2975
instanceKlass org/apache/spark/storage/DiskBlockObjectWriter$$Lambda$2972
instanceKlass org/apache/spark/storage/FileSegment$$Lambda$2970
instanceKlass org/apache/spark/storage/FileSegment$$Lambda$2968
instanceKlass org/apache/spark/io/MutableCheckedOutputStream$$Lambda$2965
instanceKlass org/apache/spark/serializer/SerializerManager$$Lambda$2962
instanceKlass org/apache/spark/serializer/SerializerManager$$Lambda$2961
instanceKlass org/apache/spark/storage/DiskBlockObjectWriter$$Lambda$2958
instanceKlass sun/nio/ch/NativeThreadSet
instanceKlass org/apache/spark/storage/DiskBlockObjectWriter$ManualCloseOutputStream
instanceKlass org/apache/spark/storage/FileSegment
instanceKlass org/apache/spark/util/collection/PairsWriter
instanceKlass org/apache/spark/shuffle/IndexShuffleBlockResolver$$Lambda$2957
instanceKlass org/apache/spark/shuffle/IndexShuffleBlockResolver$$Lambda$2954
instanceKlass org/apache/spark/shuffle/IndexShuffleBlockResolver$$Lambda$2950
instanceKlass org/apache/spark/shuffle/api/ShufflePartitionWriter
instanceKlass org/apache/spark/shuffle/sort/io/LocalDiskShuffleMapOutputWriter
instanceKlass org/apache/spark/sql/execution/exchange/ShuffleExchangeExec$$$Lambda$2946
instanceKlass org/apache/spark/sql/execution/exchange/ShuffleExchangeExec$$$Lambda$2945
instanceKlass org/apache/spark/sql/execution/WholeStageCodegenEvaluatorFactory$WholeStageCodegenPartitionEvaluator$$anon$1
instanceKlass org/apache/spark/sql/execution/WholeStageCodegenEvaluatorFactory$WholeStageCodegenPartitionEvaluator
instanceKlass org/codehaus/janino/UnitCompiler$21
instanceKlass org/apache/spark/sql/execution/columnar/GenerateColumnAccessor$$$Lambda$2943
instanceKlass org/apache/spark/sql/execution/columnar/GenerateColumnAccessor$$$Lambda$2941
instanceKlass org/apache/spark/sql/execution/columnar/InMemoryTableScanExec$$Lambda$2940
instanceKlass org/apache/spark/sql/columnar/SimpleMetricsCachedBatchSerializer$$Lambda$2939
instanceKlass java/net/URLClassLoader$1
instanceKlass org/apache/spark/sql/catalyst/expressions/codegen/GeneratePredicate$$$Lambda$2938
instanceKlass org/apache/spark/sql/internal/TaskContextConfigProvider
instanceKlass org/apache/spark/sql/columnar/SimpleMetricsCachedBatchSerializer$$Lambda$2935
instanceKlass org/apache/spark/storage/BlockManager$$Lambda$2933
instanceKlass org/apache/spark/network/shuffle/checksum/ShuffleChecksumHelper
instanceKlass org/apache/spark/shuffle/api/ShuffleMapOutputWriter
instanceKlass org/apache/spark/shuffle/sort/io/LocalDiskShuffleExecutorComponents
instanceKlass org/apache/spark/status/AppStatusListener$$Lambda$2932
instanceKlass org/apache/spark/executor/TaskMetrics$$$Lambda$2931
instanceKlass org/apache/spark/executor/TaskMetrics$$$Lambda$2930
instanceKlass org/apache/spark/shuffle/sort/PackedRecordPointer
instanceKlass org/apache/spark/shuffle/sort/SortShuffleManager$
instanceKlass org/apache/spark/shuffle/sort/SortShuffleManager$$Lambda$2929
instanceKlass java/lang/invoke/LambdaForm$MH
instanceKlass java/lang/invoke/LambdaForm$DMH
instanceKlass org/apache/spark/sql/execution/metric/SQLShuffleWriteMetricsReporter
instanceKlass java/lang/invoke/LambdaForm$DMH
instanceKlass org/apache/spark/status/AppStatusListener$$Lambda$2928
instanceKlass java/lang/invoke/LambdaForm$DMH
instanceKlass org/apache/spark/storage/BlockManagerMessages$BlockManagerHeartbeat
instanceKlass java/lang/invoke/LambdaForm$MH
instanceKlass java/lang/invoke/LambdaForm$MH
instanceKlass org/apache/spark/scheduler/TaskSchedulerImpl$$Lambda$2927
instanceKlass java/lang/invoke/LambdaForm$MH
instanceKlass org/apache/spark/sql/execution/exchange/ShuffleExchangeExec$$$Lambda$2926
instanceKlass org/apache/spark/scheduler/TaskSchedulerImpl$$Lambda$2925
instanceKlass java/lang/invoke/LambdaForm$MH
instanceKlass org/apache/spark/scheduler/TaskSchedulerImpl$$Lambda$2924
instanceKlass java/lang/invoke/LambdaForm$MH
instanceKlass org/apache/spark/HeartbeatReceiver$$anonfun$receiveAndReply$1$$anon$1$$Lambda$2923
instanceKlass java/lang/invoke/LambdaForm$DMH
instanceKlass java/lang/invoke/LambdaForm$MH
instanceKlass org/apache/spark/HeartbeatReceiver$$anonfun$receiveAndReply$1$$anon$1
instanceKlass java/lang/invoke/LambdaForm$MH
instanceKlass java/lang/invoke/LambdaForm$MH
instanceKlass org/apache/spark/HeartbeatResponse
instanceKlass org/apache/spark/Heartbeat
instanceKlass java/lang/invoke/LambdaForm$MH
instanceKlass java/lang/invoke/LambdaForm$MH
instanceKlass java/lang/invoke/LambdaForm$MH
instanceKlass java/lang/invoke/LambdaForm$MH
instanceKlass java/lang/invoke/LambdaForm$MH
instanceKlass java/lang/invoke/LambdaForm$MH
instanceKlass java/lang/invoke/LambdaForm$MH
instanceKlass org/apache/spark/rdd/RDD$$Lambda$2922
instanceKlass org/apache/spark/sql/execution/WholeStageCodegenExec$$Lambda$2921
instanceKlass java/lang/invoke/LambdaForm$MH
instanceKlass java/lang/invoke/LambdaForm$MH
instanceKlass java/lang/invoke/LambdaForm$MH
instanceKlass java/lang/invoke/LambdaForm$DMH
instanceKlass java/lang/invoke/LambdaForm$MH
instanceKlass java/lang/invoke/LambdaForm$MH
instanceKlass java/lang/invoke/LambdaForm$MH
instanceKlass java/lang/invoke/LambdaForm$MH
instanceKlass java/lang/invoke/LambdaForm$MH
instanceKlass java/lang/invoke/LambdaForm$MH
instanceKlass org/apache/spark/sql/execution/columnar/DefaultCachedBatchSerializer$$Lambda$2920
instanceKlass java/lang/invoke/LambdaForm$MH
instanceKlass java/lang/invoke/LambdaForm$MH
instanceKlass org/apache/spark/executor/Executor$$Lambda$2919
instanceKlass org/apache/spark/sql/execution/ui/SQLAppStatusListener$$Lambda$2918
instanceKlass org/apache/spark/executor/Executor$$Lambda$2917
instanceKlass org/apache/spark/executor/ExecutorMetricsPoller$$Lambda$2916
instanceKlass org/apache/spark/status/AppStatusListener$$Lambda$2915
instanceKlass org/apache/spark/executor/ExecutorMetricsPoller$$Lambda$2914
instanceKlass org/apache/spark/executor/ExecutorMetricsPoller$$Lambda$2913
instanceKlass org/apache/spark/status/AppStatusListener$$Lambda$2912
instanceKlass org/apache/spark/executor/ExecutorMetrics$$Lambda$2911
instanceKlass java/lang/invoke/LambdaForm$MH
instanceKlass org/apache/spark/executor/ExecutorMetricsPoller$$Lambda$2910
instanceKlass java/lang/invoke/LambdaForm$DMH
instanceKlass org/apache/spark/executor/ExecutorMetricsPoller$$Lambda$2909
instanceKlass java/lang/invoke/LambdaForm$MH
instanceKlass org/apache/spark/executor/ExecutorMetricsPoller$$Lambda$2908
instanceKlass org/apache/spark/status/AppStatusListener$$Lambda$2907
instanceKlass org/apache/spark/executor/ExecutorMetricsPoller$$Lambda$2906
instanceKlass java/lang/invoke/LambdaForm$DMH
instanceKlass org/apache/spark/status/AppStatusListener$$Lambda$2905
instanceKlass java/util/concurrent/ForkJoinTask
instanceKlass org/apache/spark/status/AppStatusListener$$Lambda$2904
instanceKlass org/apache/spark/status/AppStatusListener$$Lambda$2903
instanceKlass org/apache/spark/executor/ExecutorMetricsPoller$$Lambda$2902
instanceKlass org/apache/spark/executor/ExecutorMetricsPoller$$Lambda$2901
instanceKlass org/apache/spark/sql/execution/columnar/InMemoryTableScanExec$$Lambda$2900
instanceKlass org/apache/spark/SparkContext$$Lambda$2899
instanceKlass java/lang/invoke/LambdaForm$MH
instanceKlass org/apache/spark/metrics/GarbageCollectionMetrics$$$Lambda$2898
instanceKlass java/lang/invoke/LambdaForm$MH
instanceKlass org/apache/spark/metrics/GarbageCollectionMetrics$$$Lambda$2897
instanceKlass org/apache/spark/executor/ProcfsMetrics
instanceKlass sun/nio/fs/WindowsChannelFactory$Flags
instanceKlass sun/nio/fs/WindowsChannelFactory$1
instanceKlass sun/nio/fs/WindowsChannelFactory
instanceKlass sun/nio/fs/ExtendedFileSystemProvider
instanceKlass java/lang/invoke/LambdaForm$MH
instanceKlass java/lang/invoke/LambdaForm$MH
instanceKlass java/lang/invoke/LambdaForm$MH
instanceKlass org/apache/spark/rdd/RDD$$Lambda$2896
instanceKlass java/lang/invoke/LambdaForm$MH
instanceKlass java/lang/invoke/LambdaForm$MH
instanceKlass org/apache/spark/sql/columnar/SimpleMetricsCachedBatchSerializer$$Lambda$2895
instanceKlass java/lang/invoke/LambdaForm$MH
instanceKlass java/lang/invoke/LambdaForm$MH
instanceKlass java/lang/invoke/LambdaForm$DMH
instanceKlass java/lang/invoke/LambdaForm$MH
instanceKlass java/lang/invoke/LambdaForm$DMH
instanceKlass java/lang/invoke/LambdaForm$MH
instanceKlass java/lang/invoke/LambdaForm$MH
instanceKlass java/lang/invoke/LambdaForm$MH
instanceKlass java/lang/invoke/LambdaForm$MH
instanceKlass java/lang/invoke/LambdaForm$MH
instanceKlass java/lang/invoke/LambdaForm$MH
instanceKlass java/lang/invoke/LambdaForm$DMH
instanceKlass java/lang/invoke/LambdaForm$MH
instanceKlass org/apache/spark/executor/ProcfsMetricsGetter$$Lambda$2894
instanceKlass org/apache/spark/executor/ProcfsMetricsGetter$$Lambda$2893
instanceKlass org/apache/spark/scheduler/TaskSetManager$$Lambda$2892
instanceKlass org/apache/spark/MapOutputTrackerMaster$$Lambda$2891
instanceKlass org/apache/spark/scheduler/TaskSetManager$$Lambda$2890
instanceKlass org/apache/spark/ShuffleStatus$$Lambda$2889
instanceKlass org/apache/spark/MapOutputTrackerMaster$$Lambda$2888
instanceKlass org/apache/spark/scheduler/TaskSchedulerImpl$$Lambda$2887
instanceKlass org/apache/spark/scheduler/TaskSchedulerImpl$$Lambda$2886
instanceKlass org/apache/spark/scheduler/TaskSetManager$$Lambda$2885
instanceKlass org/apache/spark/scheduler/TaskSchedulerImpl$$Lambda$2884
instanceKlass org/apache/spark/scheduler/TaskSetManager$$Lambda$2883
instanceKlass org/apache/spark/scheduler/TaskSetManager$$Lambda$2882
instanceKlass org/apache/spark/scheduler/TaskSetManager$$Lambda$2881
instanceKlass org/apache/spark/scheduler/DAGScheduler$$Lambda$2880
instanceKlass java/lang/Process
instanceKlass org/apache/spark/util/Utils$$$Lambda$2879
instanceKlass org/apache/spark/util/Utils$$$Lambda$2878
instanceKlass java/lang/ProcessBuilder
instanceKlass org/apache/spark/executor/ProcfsMetricsGetter
instanceKlass org/apache/spark/util/MutablePair
instanceKlass org/apache/spark/executor/ProcfsMetricsGetter$
instanceKlass sun/nio/ch/FileChannelImpl$Unmapper
instanceKlass org/apache/spark/executor/ExecutorMetrics$$$Lambda$2877
instanceKlass org/apache/spark/executor/ExecutorMetrics$
instanceKlass org/apache/spark/scheduler/DAGScheduler$$Lambda$2876
instanceKlass org/apache/spark/scheduler/ShuffleMapStage$$Lambda$2875
instanceKlass org/apache/spark/ShuffleStatus$$Lambda$2874
instanceKlass org/apache/spark/ShuffleStatus$$Lambda$2873
instanceKlass org/apache/spark/ShuffleStatus$$Lambda$2872
instanceKlass org/apache/spark/MapOutputTrackerMaster$$Lambda$2871
instanceKlass org/apache/spark/SparkContext$$Lambda$2861
instanceKlass org/apache/spark/scheduler/DAGScheduler$$Lambda$2870
instanceKlass org/apache/spark/scheduler/DAGScheduler$$Lambda$2869
instanceKlass org/apache/spark/scheduler/ExecutorCacheTaskLocation
instanceKlass org/apache/spark/scheduler/TaskLocation$
instanceKlass org/apache/spark/scheduler/DAGScheduler$$Lambda$2868
instanceKlass org/apache/spark/scheduler/DAGScheduler$$Lambda$2867
instanceKlass org/apache/spark/scheduler/DAGScheduler$$Lambda$2866
instanceKlass org/apache/spark/scheduler/DAGScheduler$$Lambda$2865
instanceKlass org/apache/spark/scheduler/MergeStatus
instanceKlass org/apache/spark/scheduler/MapStatus
instanceKlass org/apache/spark/ShuffleStatus$
instanceKlass org/apache/spark/ShuffleStatus
instanceKlass org/apache/spark/scheduler/DAGScheduler$$Lambda$2864
instanceKlass org/apache/spark/scheduler/StageInfo$$$Lambda$2863
instanceKlass org/apache/spark/scheduler/DAGScheduler$$Lambda$2862
instanceKlass org/apache/spark/scheduler/DAGScheduler$$Lambda$2860
instanceKlass org/apache/spark/scheduler/DAGScheduler$$Lambda$2858
instanceKlass org/apache/spark/sql/execution/ui/SQLAppStatusListener$$Lambda$2859
instanceKlass org/apache/spark/sql/execution/ui/SparkListenerSQLExecutionEnd
instanceKlass org/apache/spark/SparkContext$$Lambda$2857
instanceKlass org/apache/spark/sql/execution/ui/SparkListenerSQLAdaptiveSQLMetricUpdates
instanceKlass org/apache/spark/sql/execution/metric/SQLMetrics$$$Lambda$2856
instanceKlass org/apache/spark/sql/execution/ui/SparkListenerDriverAccumUpdates
instanceKlass org/apache/spark/CleanShuffle
instanceKlass org/apache/spark/ShuffleDependency$$Lambda$2855
instanceKlass org/roaringbitmap/ContainerPointer
instanceKlass org/roaringbitmap/RoaringArray
instanceKlass org/roaringbitmap/BatchIterator
instanceKlass org/roaringbitmap/PeekableIntIterator
instanceKlass org/roaringbitmap/Container
instanceKlass org/roaringbitmap/WordStorage
instanceKlass org/roaringbitmap/RelativeRangeConsumer
instanceKlass org/roaringbitmap/IntIterator
instanceKlass java/util/PrimitiveIterator$OfInt
instanceKlass java/util/PrimitiveIterator
instanceKlass org/roaringbitmap/RoaringBitmap
instanceKlass org/roaringbitmap/AppendableStorage
instanceKlass org/roaringbitmap/BitmapDataProvider
instanceKlass org/roaringbitmap/ImmutableBitmapDataProvider
instanceKlass org/apache/spark/shuffle/sort/SortShuffleWriter$
instanceKlass org/apache/spark/ShuffleDependency$$Lambda$2854
instanceKlass org/apache/spark/ShuffleDependency$
instanceKlass org/apache/spark/sql/execution/exchange/ShuffleExchangeExec$$$Lambda$2853
instanceKlass org/apache/spark/sql/catalyst/plans/physical/RoundRobinPartitioning
instanceKlass org/apache/spark/rdd/RDD$$Lambda$2852
instanceKlass org/apache/spark/rdd/RDD$$Lambda$2851
instanceKlass org/apache/spark/sql/execution/WholeStageCodegenExec$$Lambda$2850
instanceKlass org/apache/spark/PartitionEvaluator
instanceKlass org/apache/spark/sql/execution/WholeStageCodegenEvaluatorFactory
instanceKlass org/apache/spark/sql/execution/WholeStageCodegenExec$$Lambda$2849
instanceKlass org/apache/spark/sql/execution/columnar/DefaultCachedBatchSerializer$$Lambda$2848
instanceKlass org/apache/spark/sql/execution/columnar/DefaultCachedBatchSerializer$$Lambda$2847
instanceKlass org/apache/spark/sql/execution/columnar/DefaultCachedBatchSerializer$$Lambda$2846
instanceKlass org/apache/spark/sql/execution/columnar/InMemoryTableScanExec$$Lambda$2845
instanceKlass org/apache/spark/rdd/RDD$$Lambda$2844
instanceKlass org/apache/spark/rdd/RDD$$Lambda$2843
instanceKlass org/apache/spark/sql/columnar/SimpleMetricsCachedBatchSerializer$$Lambda$2842
instanceKlass org/apache/spark/sql/columnar/SimpleMetricsCachedBatchSerializer$$Lambda$2841
instanceKlass scala/collection/TraversableOnce$FlattenOps
instanceKlass scala/collection/TraversableOnce$ForceImplicitAmbiguity
instanceKlass scala/collection/TraversableOnce$MonadOps
instanceKlass org/apache/spark/sql/execution/WholeStageCodegenExec$$Lambda$2840
instanceKlass org/apache/spark/sql/catalyst/expressions/codegen/CodeFormatter$$$Lambda$2839
instanceKlass org/apache/spark/sql/execution/BufferedRowIterator
instanceKlass org/apache/spark/sql/execution/WholeStageCodegenExec$$Lambda$2838
instanceKlass org/apache/spark/sql/execution/WholeStageCodegenExec$$Lambda$2837
instanceKlass org/apache/spark/sql/execution/CodegenSupport$$Lambda$2836
instanceKlass org/apache/spark/sql/execution/CodegenSupport$$Lambda$2835
instanceKlass org/apache/spark/sql/execution/CodegenSupport$$Lambda$2834
instanceKlass org/apache/spark/sql/execution/aggregate/AggregateCodegenSupport$$Lambda$2833
instanceKlass org/apache/spark/sql/execution/aggregate/AggregateCodegenSupport$$Lambda$2832
instanceKlass org/apache/spark/sql/execution/aggregate/AggregateCodegenSupport$$Lambda$2831
instanceKlass org/apache/spark/sql/execution/aggregate/AggregateCodegenSupport$$Lambda$2830
instanceKlass org/apache/spark/sql/execution/aggregate/AggregateCodegenSupport$$Lambda$2829
instanceKlass org/apache/spark/sql/execution/aggregate/AggregateCodegenSupport$$Lambda$2828
instanceKlass org/apache/spark/sql/execution/aggregate/AggregateCodegenSupport$$Lambda$2827
instanceKlass org/apache/spark/sql/execution/aggregate/AggregateCodegenSupport$$Lambda$2826
instanceKlass org/apache/spark/sql/execution/aggregate/AggregateCodegenSupport$$Lambda$2825
instanceKlass org/apache/spark/sql/execution/aggregate/AggregateCodegenSupport$$Lambda$2824
instanceKlass org/apache/spark/sql/catalyst/expressions/BinaryArithmetic$$Lambda$2823
instanceKlass org/apache/spark/sql/execution/aggregate/AggregateCodegenSupport$$Lambda$2822
instanceKlass org/apache/spark/sql/execution/aggregate/AggregateCodegenSupport$$Lambda$2821
instanceKlass org/apache/spark/sql/execution/aggregate/AggregateCodegenSupport$$Lambda$2820
instanceKlass org/apache/spark/sql/catalyst/expressions/codegen/CodegenContext$$Lambda$2819
instanceKlass org/apache/spark/sql/catalyst/expressions/codegen/SubExprCodes
instanceKlass org/apache/spark/sql/catalyst/expressions/codegen/CodegenContext$$Lambda$2818
instanceKlass org/apache/spark/sql/catalyst/expressions/codegen/CodegenContext$$Lambda$2817
instanceKlass org/apache/spark/sql/catalyst/expressions/codegen/CodegenContext$$Lambda$2816
instanceKlass org/apache/spark/sql/types/TypeCollection$$Lambda$2815
instanceKlass org/apache/spark/sql/types/TypeCollection$$Lambda$2814
instanceKlass org/apache/spark/sql/types/TypeCollection$
instanceKlass org/apache/spark/sql/catalyst/expressions/CommutativeExpression$$Lambda$2813
instanceKlass org/apache/spark/sql/catalyst/expressions/CommutativeExpression$$Lambda$2812
instanceKlass org/apache/spark/sql/catalyst/expressions/Add$$Lambda$2811
instanceKlass org/apache/spark/sql/catalyst/expressions/codegen/CodegenContext$$Lambda$2810
instanceKlass org/apache/spark/sql/catalyst/trees/BinaryLike$$Lambda$2809
instanceKlass org/apache/spark/sql/catalyst/InternalRow$$$Lambda$2808
instanceKlass org/apache/spark/sql/execution/aggregate/AggregateCodegenSupport$$Lambda$2807
instanceKlass org/apache/spark/sql/catalyst/dsl/package$ExpressionConversions$DslExpression
instanceKlass org/apache/spark/sql/catalyst/dsl/package$ImplicitOperators
instanceKlass org/apache/spark/sql/catalyst/dsl/package$expressions$
instanceKlass org/apache/spark/sql/catalyst/dsl/package$ExpressionConversions
instanceKlass org/apache/spark/sql/catalyst/expressions/aggregate/Count$$Lambda$2806
instanceKlass org/apache/spark/sql/execution/aggregate/AggregateCodegenSupport$$Lambda$2805
instanceKlass org/apache/spark/sql/execution/aggregate/BaseAggregateExec$$Lambda$2804
instanceKlass org/apache/spark/sql/execution/aggregate/AggregateCodegenSupport$$Lambda$2803
instanceKlass org/apache/spark/sql/execution/aggregate/AggregateCodegenSupport$$Lambda$2802
instanceKlass org/apache/spark/sql/execution/CodegenSupport$$Lambda$2801
instanceKlass org/apache/spark/sql/catalyst/expressions/codegen/CodeGenerator$$$Lambda$2800
instanceKlass org/apache/spark/sql/execution/CodegenSupport$$Lambda$2799
instanceKlass org/apache/spark/sql/execution/CodegenSupport$$Lambda$2798
instanceKlass org/apache/spark/sql/execution/CodegenSupport$$Lambda$2797
instanceKlass org/apache/spark/sql/execution/CodegenSupport$$Lambda$2796
instanceKlass org/apache/spark/sql/execution/InputRDDCodegen$$Lambda$2795
instanceKlass org/apache/spark/sql/execution/CodegenSupport$$Lambda$2794
instanceKlass org/apache/spark/sql/execution/CodegenSupport$$Lambda$2793
instanceKlass org/apache/spark/sql/execution/CodegenSupport$$Lambda$2792
instanceKlass org/apache/spark/sql/execution/aggregate/AggregateCodegenSupport$$Lambda$2791
instanceKlass org/apache/spark/sql/execution/aggregate/AggregateCodegenSupport$$Lambda$2790
instanceKlass org/apache/spark/sql/execution/aggregate/AggregateCodegenSupport$$Lambda$2789
instanceKlass org/apache/spark/sql/execution/aggregate/AggregateCodegenSupport$$Lambda$2788
instanceKlass org/apache/spark/sql/execution/CodegenSupport$$Lambda$2787
instanceKlass org/apache/spark/sql/execution/CodegenSupport$$Lambda$2786
instanceKlass org/apache/spark/sql/execution/ui/SparkPlanGraphClusterWrapper
instanceKlass org/apache/spark/sql/execution/ui/SparkPlanGraph$$$Lambda$2784
instanceKlass org/apache/spark/sql/execution/exchange/ShuffleExchangeLike$$Lambda$2785
instanceKlass org/apache/spark/sql/catalyst/plans/logical/Statistics$$Lambda$2783
instanceKlass scala/collection/immutable/Vector$$Lambda$2782
instanceKlass org/apache/spark/sql/execution/adaptive/AdaptiveSparkPlanExec$$Lambda$2781
instanceKlass org/apache/spark/sql/execution/CollapseCodegenStages$$Lambda$2780
instanceKlass org/apache/spark/sql/execution/CollapseCodegenStages$$Lambda$2779
instanceKlass org/apache/spark/sql/execution/CollapseCodegenStages$$Lambda$2778
instanceKlass org/apache/spark/sql/execution/CollapseCodegenStages$$Lambda$2777
instanceKlass org/apache/spark/sql/execution/aggregate/AggregateCodegenSupport$$Lambda$2776
instanceKlass org/apache/spark/sql/execution/aggregate/AggregateCodegenSupport$$Lambda$2775
instanceKlass org/apache/spark/sql/catalyst/plans/QueryPlan$$Lambda$2774
instanceKlass org/apache/spark/sql/execution/adaptive/SimpleCost
instanceKlass org/apache/spark/sql/execution/adaptive/LogicalQueryStage$$Lambda$2773
instanceKlass org/apache/spark/sql/execution/adaptive/LogicalQueryStage$$Lambda$2772
instanceKlass org/apache/spark/sql/execution/adaptive/LogicalQueryStage$$Lambda$2771
instanceKlass org/apache/spark/sql/execution/adaptive/QueryStageExec$$Lambda$2770
instanceKlass org/apache/spark/sql/catalyst/optimizer/PropagateEmptyRelationBase$$anonfun$commonApplyFunc$1$$Lambda$2769
instanceKlass org/apache/spark/sql/execution/ui/SQLAppStatusListener$$Lambda$2768
instanceKlass org/apache/spark/status/AppStatusListener$$Lambda$2767
instanceKlass org/apache/spark/status/AppStatusListener$$Lambda$2766
instanceKlass org/apache/spark/status/AppStatusListener$$Lambda$2765
instanceKlass org/apache/spark/sql/execution/adaptive/AQEPropagateEmptyRelation$$$Lambda$2764
instanceKlass org/apache/spark/status/AppStatusListener$$Lambda$2763
instanceKlass org/apache/spark/sql/execution/adaptive/AQEOptimizer$$Lambda$2762
instanceKlass scala/collection/mutable/MapLike$$Lambda$2761
instanceKlass org/apache/spark/sql/execution/adaptive/AQEOptimizer$$Lambda$2759
instanceKlass scala/collection/mutable/MapLike$$Lambda$2760
instanceKlass org/apache/spark/status/AppStatusListener$$Lambda$2758
instanceKlass org/apache/spark/sql/execution/adaptive/AQEOptimizer$$Lambda$2757
instanceKlass org/apache/spark/status/AppStatusListener$$Lambda$2756
instanceKlass org/apache/spark/sql/catalyst/plans/logical/statsEstimation/LogicalPlanStats$$Lambda$2755
instanceKlass org/apache/spark/status/AppStatusListener$$Lambda$2754
instanceKlass org/apache/spark/status/AppStatusListener$$Lambda$2753
instanceKlass org/apache/spark/status/AppStatusListener$$Lambda$2752
instanceKlass org/apache/spark/sql/execution/adaptive/AdaptiveSparkPlanExec$$Lambda$2751
instanceKlass org/apache/spark/status/AppStatusListener$$Lambda$2750
instanceKlass org/apache/spark/sql/catalyst/trees/TreeNode$$Lambda$2749
instanceKlass org/apache/spark/sql/catalyst/trees/TreeNode$$Lambda$2748
instanceKlass org/apache/spark/sql/catalyst/trees/TreeNode$$Lambda$2747
instanceKlass org/apache/spark/sql/execution/adaptive/AdaptiveSparkPlanExec$$anonfun$1$$Lambda$2746
instanceKlass org/apache/spark/sql/execution/adaptive/AdaptiveSparkPlanExec$$anonfun$1$$Lambda$2745
instanceKlass org/apache/spark/sql/execution/ui/LiveStageMetrics$$Lambda$2744
instanceKlass java/lang/invoke/LambdaForm$MH
instanceKlass java/lang/invoke/LambdaForm$DMH
instanceKlass org/apache/spark/sql/execution/adaptive/AdaptiveSparkPlanExec$$Lambda$2743
instanceKlass java/lang/invoke/LambdaForm$DMH
instanceKlass org/apache/spark/sql/execution/adaptive/AdaptiveSparkPlanExec$$Lambda$2742
instanceKlass org/apache/spark/sql/execution/ui/LiveStageMetrics$$Lambda$2741
instanceKlass org/apache/spark/sql/execution/adaptive/AdaptiveSparkPlanExec$$Lambda$2740
instanceKlass java/lang/invoke/LambdaForm$DMH
instanceKlass org/apache/spark/sql/execution/ui/LiveStageMetrics$$Lambda$2739
instanceKlass org/apache/spark/sql/execution/adaptive/AdaptiveSparkPlanExec$$Lambda$2738
instanceKlass org/apache/spark/sql/execution/SparkPlan$$Lambda$2737
instanceKlass org/apache/spark/sql/execution/ui/SQLAppStatusListener$
instanceKlass org/apache/spark/sql/execution/adaptive/StageSuccess
instanceKlass org/apache/spark/sql/execution/adaptive/StageMaterializationEvent
instanceKlass java/lang/invoke/LambdaForm$MH
instanceKlass java/lang/invoke/LambdaForm$DMH
instanceKlass java/lang/invoke/LambdaForm$DMH
instanceKlass org/apache/spark/sql/execution/ui/SQLAppStatusListener$$Lambda$2736
instanceKlass org/apache/spark/SimpleFutureAction$$Lambda$2735
instanceKlass java/lang/invoke/LambdaForm$DMH
instanceKlass org/apache/spark/SimpleFutureAction$$Lambda$2734
instanceKlass org/apache/spark/sql/execution/ui/SQLAppStatusListener$$Lambda$2733
instanceKlass org/apache/spark/Resubmitted$
instanceKlass java/lang/invoke/LambdaForm$MH
instanceKlass java/lang/invoke/LambdaForm$DMH
instanceKlass java/lang/invoke/LambdaForm$DMH
instanceKlass org/apache/spark/status/AppStatusListener$$Lambda$2732
instanceKlass java/lang/invoke/LambdaForm$DMH
instanceKlass org/apache/spark/util/kvstore/ArrayWrappers$ComparableObjectArray
instanceKlass org/apache/spark/status/ExecutorStageSummaryWrapper
instanceKlass org/apache/spark/status/LiveExecutorStageSummary$$Lambda$2731
instanceKlass org/apache/spark/status/api/v1/ExecutorStageSummary
instanceKlass java/lang/invoke/LambdaForm$MH
instanceKlass org/apache/spark/scheduler/JobSucceeded$
instanceKlass java/lang/invoke/LambdaForm$DMH
instanceKlass java/lang/invoke/LambdaForm$DMH
instanceKlass org/apache/spark/scheduler/TaskSchedulerImpl$$Lambda$2730
instanceKlass org/apache/spark/status/AppStatusListener$$Lambda$2729
instanceKlass org/apache/spark/scheduler/TaskSchedulerImpl$$Lambda$2728
instanceKlass java/lang/invoke/LambdaForm$DMH
instanceKlass org/apache/spark/scheduler/DAGScheduler$$Lambda$2727
instanceKlass org/apache/spark/scheduler/DAGScheduler$$Lambda$2726
instanceKlass org/apache/spark/status/LiveStage$$Lambda$2725
instanceKlass org/apache/spark/scheduler/DAGScheduler$$Lambda$2724
instanceKlass org/apache/spark/executor/ExecutorMetrics$$Lambda$2723
instanceKlass org/apache/spark/scheduler/DAGScheduler$$Lambda$2722
instanceKlass org/apache/spark/scheduler/DAGScheduler$$Lambda$2721
instanceKlass java/lang/invoke/LambdaForm$MH
instanceKlass java/lang/invoke/LambdaForm$DMH
instanceKlass org/apache/spark/scheduler/DAGScheduler$$Lambda$2720
instanceKlass java/lang/invoke/LambdaForm$DMH
instanceKlass org/apache/spark/scheduler/DAGScheduler$$Lambda$2719
instanceKlass org/apache/spark/status/AppStatusListener$$Lambda$2717
instanceKlass org/apache/spark/scheduler/DAGScheduler$$Lambda$2718
instanceKlass org/apache/spark/scheduler/DAGScheduler$$Lambda$2716
instanceKlass java/lang/invoke/LambdaForm$DMH
instanceKlass org/apache/spark/scheduler/DAGScheduler$$Lambda$2715
instanceKlass org/apache/spark/status/AppStatusListener$$Lambda$2714
instanceKlass org/apache/spark/scheduler/DAGScheduler$$Lambda$2713
instanceKlass org/apache/spark/executor/TaskMetrics$$$Lambda$2712
instanceKlass org/apache/spark/executor/TaskMetrics$
instanceKlass org/apache/spark/util/AccumulatorV2$$Lambda$2711
instanceKlass org/apache/spark/scheduler/DAGScheduler$$Lambda$2710
instanceKlass org/apache/spark/scheduler/TaskSetManager$$Lambda$2709
instanceKlass org/apache/spark/scheduler/OutputCommitCoordinator$$Lambda$2708
instanceKlass org/apache/spark/scheduler/GettingResultEvent
instanceKlass org/apache/spark/scheduler/TaskSchedulerImpl$$Lambda$2707
instanceKlass org/apache/spark/scheduler/UnschedulableTaskSetRemoved
instanceKlass org/apache/spark/scheduler/TaskSchedulerImpl$$Lambda$2706
instanceKlass org/apache/spark/scheduler/UnschedulableTaskSetAdded
instanceKlass org/apache/spark/scheduler/SpeculativeTaskSubmitted
instanceKlass org/apache/spark/scheduler/CompletionEvent
instanceKlass org/apache/spark/Success$
instanceKlass org/apache/spark/scheduler/TaskSetManager$$Lambda$2705
instanceKlass org/apache/spark/scheduler/TaskSetManager$$Lambda$2704
instanceKlass org/apache/spark/scheduler/TaskSetManager$$Lambda$2703
instanceKlass org/apache/spark/scheduler/TaskResultGetter$$anon$3$$Lambda$2701
instanceKlass org/apache/spark/scheduler/TaskResultGetter$$anon$3$$Lambda$2699
instanceKlass org/sparkproject/guava/primitives/UnsignedBytes
instanceKlass org/apache/spark/scheduler/DirectTaskResult$$Lambda$2697
instanceKlass org/apache/spark/scheduler/DirectTaskResult$$Lambda$2695
instanceKlass org/apache/spark/util/io/ChunkedByteBuffer$$Lambda$2693
instanceKlass org/apache/spark/util/io/ChunkedByteBuffer$$Lambda$2691
instanceKlass org/apache/spark/util/io/ChunkedByteBuffer$$Lambda$2689
instanceKlass org/apache/spark/scheduler/DirectTaskResult$$Lambda$2688
instanceKlass org/apache/spark/scheduler/TaskResultGetter$$anon$3$$Lambda$2687
instanceKlass org/apache/spark/scheduler/TaskSchedulerImpl$$Lambda$2686
instanceKlass org/apache/spark/scheduler/TaskSetManager$$Lambda$2685
instanceKlass org/apache/spark/scheduler/TaskSetManager$$Lambda$2684
instanceKlass org/apache/spark/scheduler/TaskSetManager$$Lambda$2683
instanceKlass java/lang/invoke/LambdaForm$DMH
instanceKlass org/apache/spark/scheduler/TaskSetManager$$Lambda$2682
instanceKlass org/apache/spark/scheduler/TaskResultGetter$$anon$3
instanceKlass org/apache/spark/executor/ExecutorMetricsPoller$$Lambda$2681
instanceKlass org/apache/spark/executor/ExecutorMetricsPoller$$Lambda$2680
instanceKlass org/apache/spark/scheduler/TaskSchedulerImpl$$Lambda$2679
instanceKlass org/apache/spark/executor/ExecutorMetricsPoller$$Lambda$2678
instanceKlass org/apache/spark/scheduler/TaskSchedulerImpl$$Lambda$2677
instanceKlass org/apache/spark/executor/Executor$$Lambda$2676
instanceKlass org/apache/spark/executor/Executor$TaskRunner$$Lambda$2675
instanceKlass org/apache/spark/util/io/ChunkedByteBuffer$$Lambda$2674
instanceKlass org/apache/spark/network/util/ByteArrayWritableChannel
instanceKlass org/apache/spark/executor/Executor$TaskRunner$$Lambda$2673
instanceKlass org/apache/spark/scheduler/DirectTaskResult$$Lambda$2672
instanceKlass org/apache/spark/scheduler/DirectTaskResult$$Lambda$2671
instanceKlass org/apache/spark/util/Utils$$$Lambda$2670
instanceKlass org/apache/spark/util/io/ChunkedByteBuffer$$Lambda$2669
instanceKlass org/apache/spark/util/io/ChunkedByteBuffer$$Lambda$2668
instanceKlass org/apache/spark/scheduler/DirectTaskResult$$Lambda$2667
instanceKlass org/apache/spark/scheduler/DirectTaskResult
instanceKlass org/apache/spark/scheduler/TaskResult
instanceKlass org/apache/spark/executor/ExecutorMetricsPoller$$Lambda$2666
instanceKlass org/apache/spark/scheduler/Task$$Lambda$2665
instanceKlass org/apache/spark/executor/TaskMetrics$$Lambda$2664
instanceKlass org/apache/spark/serializer/SerializerHelper$$$Lambda$2663
instanceKlass org/apache/spark/util/io/ChunkedByteBuffer$
instanceKlass org/apache/spark/serializer/SerializerHelper$
instanceKlass org/apache/spark/executor/Executor$TaskRunner$$Lambda$2660
instanceKlass org/apache/spark/executor/Executor$TaskRunner$$Lambda$2659
instanceKlass org/apache/spark/memory/ExecutionMemoryPool$$Lambda$2657
instanceKlass org/apache/spark/memory/ExecutionMemoryPool$$Lambda$2656
instanceKlass org/apache/spark/storage/BlockInfoManager$$Lambda$2655
instanceKlass org/sparkproject/guava/collect/Multisets$AbstractEntry
instanceKlass org/sparkproject/guava/collect/Ordering
instanceKlass org/sparkproject/guava/collect/SortedMultiset
instanceKlass org/sparkproject/guava/collect/SortedIterable
instanceKlass org/sparkproject/guava/collect/SortedMultisetBridge
instanceKlass org/sparkproject/guava/collect/Multisets
instanceKlass org/sparkproject/guava/collect/AbstractIterator$1
instanceKlass org/sparkproject/guava/collect/ForwardingObject
instanceKlass org/apache/spark/storage/BlockInfoManager$$Lambda$2652
instanceKlass org/sparkproject/guava/collect/Multiset$Entry
instanceKlass org/apache/spark/status/AppStatusListener$$Lambda$2651
instanceKlass org/apache/spark/storage/BlockInfoManager$$Lambda$2649
instanceKlass org/apache/spark/status/LiveRDD$$Lambda$2648
instanceKlass org/apache/spark/status/api/v1/RDDDataDistribution
instanceKlass org/apache/spark/status/AppStatusListener$$Lambda$2645
instanceKlass org/apache/spark/storage/BlockInfoManager$$Lambda$2646
instanceKlass java/lang/invoke/LambdaForm$DMH
instanceKlass org/apache/spark/status/LiveRDD$$Lambda$2642
instanceKlass org/apache/spark/storage/BlockInfoManager$$Lambda$2643
instanceKlass org/apache/spark/status/LiveRDDDistribution
instanceKlass org/apache/spark/scheduler/Task$$Lambda$2641
instanceKlass java/lang/invoke/LambdaForm$MH
instanceKlass org/apache/spark/TaskContextImpl$$Lambda$2640
instanceKlass java/lang/invoke/LambdaForm$DMH
instanceKlass java/lang/invoke/LambdaForm$DMH
instanceKlass org/apache/spark/storage/BlockInfoManager$$Lambda$2637
instanceKlass org/apache/spark/status/AppStatusListener$$Lambda$2635
instanceKlass org/apache/spark/storage/BlockInfoManager$$Lambda$2634
instanceKlass java/lang/invoke/LambdaForm$DMH
instanceKlass org/apache/spark/storage/BlockManager$$Lambda$2632
instanceKlass org/apache/spark/status/api/v1/RDDPartitionInfo
instanceKlass org/apache/spark/storage/BlockManager$$Lambda$2630
instanceKlass org/apache/spark/status/LiveRDD$$Lambda$2629
instanceKlass org/apache/spark/status/LiveRDDPartition
instanceKlass org/apache/spark/util/NextIterator
instanceKlass java/lang/invoke/LambdaForm$MH
instanceKlass java/lang/invoke/LambdaForm$DMH
instanceKlass java/lang/invoke/LambdaForm$DMH
instanceKlass org/apache/spark/status/AppStatusListener$$Lambda$2628
instanceKlass java/lang/invoke/LambdaForm$DMH
instanceKlass org/apache/spark/util/io/ChunkedByteBufferInputStream$$Lambda$2627
instanceKlass java/lang/invoke/LambdaForm$MH
instanceKlass java/lang/invoke/LambdaForm$DMH
instanceKlass org/apache/spark/storage/BlockInfoManager$$Lambda$2626
instanceKlass java/lang/invoke/LambdaForm$DMH
instanceKlass org/apache/spark/status/AppStatusListener$$Lambda$2625
instanceKlass org/apache/spark/storage/BlockInfoManager$$Lambda$2624
instanceKlass java/lang/invoke/LambdaForm$DMH
instanceKlass org/apache/spark/storage/BlockInfoManager$$Lambda$2623
instanceKlass org/apache/spark/storage/memory/SerializedValuesHolder$$anon$2
instanceKlass org/apache/spark/unsafe/types/ByteArray
instanceKlass org/apache/spark/sql/columnar/SimpleMetricsCachedBatch$$Lambda$2622
instanceKlass java/lang/invoke/LambdaForm$DMH
instanceKlass org/apache/spark/sql/execution/columnar/compression/CompressibleColumnBuilder$$Lambda$2621
instanceKlass org/apache/spark/sql/execution/columnar/compression/CompressibleColumnBuilder$
instanceKlass scala/math/Ordering$Double$
instanceKlass org/apache/spark/sql/execution/columnar/compression/CompressibleColumnBuilder$$Lambda$2620
instanceKlass org/apache/spark/sql/execution/columnar/DefaultCachedBatchSerializer$$anon$1$$Lambda$2619
instanceKlass org/apache/spark/sql/execution/columnar/DefaultCachedBatchSerializer$$anon$1$$Lambda$2618
instanceKlass org/apache/spark/sql/execution/columnar/compression/CompressibleColumnBuilder$$Lambda$2615
instanceKlass org/apache/spark/sql/execution/columnar/DefaultCachedBatchSerializer$$anon$1$$Lambda$2614
instanceKlass org/apache/spark/sql/execution/columnar/compression/IntDelta$Encoder
instanceKlass org/apache/spark/sql/execution/columnar/IntColumnStats
instanceKlass scala/Double$
instanceKlass scala/AnyValCompanion
instanceKlass org/apache/spark/sql/execution/columnar/DoubleColumnStats
instanceKlass org/apache/spark/sql/execution/columnar/compression/DictionaryEncoding$Encoder
instanceKlass org/apache/spark/sql/execution/columnar/compression/RunLengthEncoding$Encoder
instanceKlass org/apache/spark/sql/execution/columnar/compression/PassThrough$Encoder
instanceKlass org/apache/spark/sql/execution/columnar/compression/CompressibleColumnBuilder$$Lambda$2609
instanceKlass org/apache/spark/sql/execution/columnar/compression/CompressibleColumnBuilder$$Lambda$2605
instanceKlass org/apache/spark/sql/execution/columnar/compression/CompressionScheme$$$Lambda$2604
instanceKlass org/apache/spark/sql/execution/columnar/compression/LongDelta$
instanceKlass org/apache/spark/sql/execution/columnar/compression/IntDelta$
instanceKlass org/apache/spark/sql/execution/columnar/compression/BooleanBitSet$
instanceKlass org/apache/spark/sql/execution/columnar/compression/DictionaryEncoding$
instanceKlass org/apache/spark/sql/execution/columnar/compression/RunLengthEncoding$
instanceKlass org/apache/spark/sql/execution/columnar/compression/Decoder
instanceKlass org/apache/spark/sql/execution/columnar/compression/PassThrough$
instanceKlass org/apache/spark/sql/execution/columnar/compression/CompressionScheme
instanceKlass org/apache/spark/sql/execution/columnar/compression/CompressionScheme$
instanceKlass org/apache/spark/sql/execution/columnar/StringColumnStats
instanceKlass org/apache/spark/sql/execution/columnar/ColumnStats
instanceKlass org/apache/spark/sql/execution/columnar/DirectCopyColumnType
instanceKlass org/apache/spark/sql/execution/columnar/compression/Encoder
instanceKlass org/apache/spark/sql/execution/columnar/ColumnType
instanceKlass org/apache/spark/sql/execution/columnar/compression/CompressibleColumnBuilder
instanceKlass org/apache/spark/sql/execution/columnar/compression/AllCompressionSchemes
instanceKlass org/apache/spark/sql/execution/columnar/compression/WithCompressionSchemes
instanceKlass org/apache/spark/sql/execution/columnar/NullableColumnBuilder
instanceKlass org/apache/spark/sql/execution/columnar/BasicColumnBuilder
instanceKlass org/apache/spark/sql/execution/columnar/ColumnBuilder$
instanceKlass org/apache/spark/sql/execution/columnar/DefaultCachedBatchSerializer$$anon$1$$Lambda$2601
instanceKlass org/apache/spark/sql/execution/columnar/ColumnBuilder
instanceKlass org/apache/spark/storage/memory/SerializedValuesHolder$$Lambda$2597
instanceKlass org/apache/spark/storage/memory/SerializedValuesHolder
instanceKlass org/apache/spark/storage/memory/MemoryStore$$Lambda$2594
instanceKlass org/apache/spark/sql/execution/columnar/CachedRDDBuilder$$anon$2
instanceKlass org/apache/spark/sql/execution/columnar/CachedRDDBuilder$$Lambda$2591
instanceKlass org/apache/spark/sql/execution/columnar/DefaultCachedBatchSerializer$$anon$1
instanceKlass org/apache/spark/InterruptibleIterator
instanceKlass org/apache/spark/rdd/RDD$$Lambda$2589
instanceKlass org/apache/spark/storage/BlockManager$$Lambda$2588
instanceKlass org/apache/spark/storage/BlockManagerMasterEndpoint$$Lambda$2587
instanceKlass org/apache/spark/storage/BlockManagerMasterEndpoint$$Lambda$2586
instanceKlass org/apache/spark/storage/BlockManagerMasterEndpoint$$Lambda$2585
instanceKlass org/apache/spark/storage/BlockManager$$Lambda$2581
instanceKlass org/apache/spark/storage/BlockManager$$Lambda$2578
instanceKlass org/apache/spark/storage/BlockManager$$Lambda$2574
instanceKlass org/apache/spark/storage/BlockManager$$Lambda$2570
instanceKlass org/apache/spark/storage/BlockManager$$Lambda$2567
instanceKlass org/apache/spark/rdd/RDD$$Lambda$2565
instanceKlass org/apache/spark/SparkContext$$Lambda$2563
instanceKlass java/lang/invoke/LambdaForm$DMH
instanceKlass java/lang/invoke/LambdaForm$DMH
instanceKlass java/lang/invoke/LambdaForm$DMH
instanceKlass org/apache/spark/WritableConverter
instanceKlass org/apache/spark/MapOutputStatistics
instanceKlass java/lang/invoke/LambdaForm$MH
instanceKlass org/apache/spark/ui/ConsoleProgressBar
instanceKlass java/lang/invoke/LambdaForm$MH
instanceKlass org/apache/spark/sql/execution/adaptive/TableCacheQueryStageExec$$Lambda$2562
instanceKlass java/lang/invoke/LambdaForm$MH
instanceKlass java/lang/invoke/LambdaForm$MH
instanceKlass java/lang/invoke/LambdaForm$MH
instanceKlass java/lang/invoke/LambdaForm$MH
instanceKlass org/apache/spark/sql/execution/columnar/CachedRDDBuilder$$Lambda$2561
instanceKlass java/lang/invoke/LambdaForm$MH
instanceKlass java/lang/invoke/LambdaForm$MH
instanceKlass java/lang/invoke/LambdaForm$MH
instanceKlass java/lang/invoke/LambdaForm$MH
instanceKlass org/apache/spark/rdd/RDD$$Lambda$2560
instanceKlass java/lang/invoke/LambdaForm$MH
instanceKlass java/lang/invoke/LambdaForm$MH
instanceKlass java/lang/invoke/LambdaForm$MH
instanceKlass java/lang/invoke/LambdaForm$MH
instanceKlass sun/invoke/util/ValueConversions$1
instanceKlass java/lang/invoke/LambdaForm$MH
instanceKlass java/lang/invoke/LambdaForm$MH
instanceKlass org/apache/spark/sql/execution/columnar/DefaultCachedBatchSerializer$$Lambda$2559
instanceKlass java/lang/invoke/LambdaForm$MH
instanceKlass java/lang/invoke/LambdaForm$MH
instanceKlass java/lang/invoke/LambdaForm$DMH
instanceKlass java/lang/invoke/LambdaForm$MH
instanceKlass java/lang/invoke/LambdaForm$DMH
instanceKlass java/lang/invoke/LambdaForm$MH
instanceKlass java/lang/invoke/LambdaForm$MH
instanceKlass java/lang/invoke/LambdaForm$MH
instanceKlass java/lang/invoke/LambdaForm$MH
instanceKlass java/lang/invoke/LambdaForm$MH
instanceKlass java/lang/invoke/LambdaForm$DMH
instanceKlass java/lang/invoke/LambdaForm$MH
instanceKlass java/lang/invoke/LambdaForm$MH
instanceKlass java/lang/invoke/LambdaForm$MH
instanceKlass java/lang/invoke/LambdaForm$MH
instanceKlass java/lang/invoke/LambdaForm$DMH
instanceKlass java/lang/invoke/LambdaForm$DMH
instanceKlass java/lang/invoke/LambdaForm$MH
instanceKlass org/apache/spark/rdd/RDD$$Lambda$2558
instanceKlass java/lang/invoke/LambdaForm$MH
instanceKlass java/lang/invoke/LambdaForm$MH
instanceKlass java/lang/invoke/LambdaForm$MH
instanceKlass java/lang/invoke/LambdaForm$MH
instanceKlass java/lang/invoke/LambdaForm$DMH
instanceKlass java/lang/invoke/LambdaForm$DMH
instanceKlass java/lang/invoke/LambdaForm$DMH
instanceKlass java/lang/invoke/LambdaForm$DMH
instanceKlass java/lang/invoke/LambdaForm$DMH
instanceKlass java/lang/invoke/LambdaForm$DMH
instanceKlass java/lang/invoke/LambdaForm$DMH
instanceKlass java/lang/invoke/LambdaForm$DMH
instanceKlass java/lang/invoke/LambdaForm$DMH
instanceKlass java/lang/invoke/LambdaForm$DMH
instanceKlass java/lang/invoke/LambdaForm$DMH
instanceKlass java/lang/invoke/LambdaForm$DMH
instanceKlass java/lang/invoke/LambdaForm$DMH
instanceKlass java/lang/invoke/LambdaForm$MH
instanceKlass java/lang/invoke/LambdaForm$MH
instanceKlass scala/runtime/LambdaDeserializer$$$Lambda$2557
instanceKlass org/apache/spark/sql/execution/LocalTableScanExec$$Lambda$2556
instanceKlass scala/runtime/LambdaDeserializer$
instanceKlass java/lang/invoke/LambdaForm$MH
instanceKlass java/lang/invoke/LambdaForm$MH
instanceKlass java/lang/invoke/LambdaForm$MH
instanceKlass java/lang/invoke/LambdaForm$MH
instanceKlass java/lang/invoke/LambdaForm$MH
instanceKlass java/lang/invoke/LambdaForm$MH
instanceKlass java/lang/invoke/MethodHandleImpl$Makers$2
instanceKlass java/lang/invoke/MethodHandleImpl$Makers$1
instanceKlass java/lang/invoke/MethodHandleImpl$Makers
instanceKlass scala/runtime/LambdaDeserialize
instanceKlass java/lang/invoke/SerializedLambda$1
instanceKlass org/apache/spark/storage/StorageLevel$$Lambda$2555
instanceKlass scala/collection/mutable/HashMap$$Lambda$2554
instanceKlass org/apache/spark/TaskContext$$anon$1
instanceKlass org/apache/spark/broadcast/TorrentBroadcast$$Lambda$2553
instanceKlass org/apache/spark/storage/BlockResult
instanceKlass org/apache/spark/storage/BlockManager$$Lambda$2552
instanceKlass org/apache/spark/util/CompletionIterator
instanceKlass org/apache/spark/util/CompletionIterator$
instanceKlass org/apache/spark/storage/memory/MemoryStore$$Lambda$2551
instanceKlass org/apache/spark/storage/BlockManager$$Lambda$2550
instanceKlass org/apache/spark/storage/BlockInfoManager$$Lambda$2549
instanceKlass org/apache/spark/storage/BlockInfoManager$$Lambda$2548
instanceKlass org/apache/spark/storage/BlockInfoManager$$Lambda$2547
instanceKlass org/apache/spark/storage/BlockManager$$Lambda$2546
instanceKlass org/apache/spark/broadcast/TorrentBroadcast$$Lambda$2545
instanceKlass org/apache/spark/broadcast/TorrentBroadcast$$Lambda$2544
instanceKlass org/apache/spark/broadcast/TorrentBroadcast$$Lambda$2542
instanceKlass org/apache/spark/broadcast/TorrentBroadcast$$Lambda$2540
instanceKlass org/apache/spark/scheduler/Task$$Lambda$2537
instanceKlass org/apache/spark/util/CallerContext$
instanceKlass org/apache/spark/util/CallerContext$$Lambda$2535
instanceKlass org/apache/spark/util/CallerContext$$Lambda$2534
instanceKlass org/apache/spark/util/CallerContext$$Lambda$2533
instanceKlass org/apache/spark/util/CallerContext$$Lambda$2532
instanceKlass org/apache/spark/util/CallerContext$$Lambda$2531
instanceKlass org/apache/spark/util/CallerContext$$Lambda$2529
instanceKlass org/apache/spark/util/CallerContext$$Lambda$2525
instanceKlass org/apache/spark/util/CallerContext$$Lambda$2524
instanceKlass org/apache/spark/util/CallerContext$$Lambda$2523
instanceKlass org/apache/spark/util/CallerContext$$Lambda$2522
instanceKlass org/apache/spark/util/CallerContext$$Lambda$2521
instanceKlass org/apache/spark/util/CallerContext$$Lambda$2520
instanceKlass org/apache/spark/util/CallerContext$$Lambda$2519
instanceKlass org/apache/spark/util/CallerContext$$Lambda$2518
instanceKlass org/apache/spark/util/CallerContext$$Lambda$2517
instanceKlass org/apache/spark/util/CallerContext$$Lambda$2514
instanceKlass org/apache/spark/util/CallerContext
instanceKlass org/apache/spark/rdd/InputFileBlockHolder$FileBlock
instanceKlass org/apache/spark/rdd/InputFileBlockHolder$
instanceKlass org/apache/spark/util/AccumulatorV2$$Lambda$2511
instanceKlass org/apache/spark/util/TaskFailureListener
instanceKlass org/apache/spark/util/TaskCompletionListener
instanceKlass org/apache/spark/scheduler/Task$$Lambda$2507
instanceKlass org/apache/spark/executor/Executor$TaskRunner$$Lambda$2504
instanceKlass org/apache/spark/executor/Executor$TaskRunner$$Lambda$2500
instanceKlass java/lang/invoke/LambdaForm$MH
instanceKlass org/apache/spark/executor/ExecutorMetricsPoller$$Lambda$2496
instanceKlass org/apache/spark/executor/ExecutorMetricsPoller$$Lambda$2495
instanceKlass org/apache/spark/executor/ExecutorMetricsPoller$TCMP
instanceKlass org/apache/spark/rdd/ParallelCollectionPartition$$Lambda$2493
instanceKlass java/io/ObjectInputStream$FieldValues
instanceKlass java/io/ObjectInputFilter$Config$$Lambda$2491
instanceKlass jdk/internal/access/JavaObjectInputFilterAccess
instanceKlass java/io/ObjectInputFilter$Config$BuiltinFilterFactory
instanceKlass java/io/ObjectInputFilter$Config$$Lambda$2490
instanceKlass java/io/ObjectInputFilter$Config$$Lambda$2489
instanceKlass java/io/ObjectInputFilter$Config
instanceKlass java/io/ObjectInputStream$ValidationList
instanceKlass java/io/ObjectInputStream$HandleTable$HandleList
instanceKlass java/io/ObjectInputStream$HandleTable
instanceKlass java/io/ObjectInputStream$$Lambda$2488
instanceKlass jdk/internal/access/JavaObjectInputStreamReadString
instanceKlass java/io/ObjectInputStream$$Lambda$2487
instanceKlass jdk/internal/access/JavaObjectInputStreamAccess
instanceKlass java/lang/invoke/LambdaForm$DMH
instanceKlass org/apache/spark/executor/Executor$$Lambda$2483
instanceKlass java/lang/management/ManagementFactory$$Lambda$2481
instanceKlass java/lang/management/ManagementFactory$PlatformMBeanFinder$$Lambda$2476
instanceKlass org/apache/spark/scheduler/local/StatusUpdate
instanceKlass org/apache/logging/log4j/core/impl/JdkMapAdapterStringMap$$Lambda$2474
instanceKlass org/apache/logging/log4j/core/impl/JdkMapAdapterStringMap$$Lambda$2473
instanceKlass org/apache/logging/log4j/core/impl/JdkMapAdapterStringMap
instanceKlass org/apache/spark/executor/Executor$TaskRunner$$Lambda$2469
instanceKlass java/util/BitSet
instanceKlass org/apache/spark/unsafe/memory/MemoryLocation
instanceKlass org/slf4j/MDC
instanceKlass org/apache/spark/executor/Executor$$Lambda$2468
instanceKlass org/apache/spark/executor/Executor$TaskRunner$$Lambda$2467
instanceKlass org/apache/spark/executor/Executor$TaskRunner
instanceKlass org/apache/spark/util/collection/OpenHashMap$mcI$sp$$Lambda$2466
instanceKlass java/lang/invoke/LambdaForm$DMH
instanceKlass org/apache/spark/util/collection/OpenHashMap$mcI$sp$$Lambda$2465
instanceKlass org/sparkproject/guava/hash/HashCode
instanceKlass org/sparkproject/guava/hash/HashCodes
instanceKlass org/sparkproject/guava/hash/Hasher
instanceKlass org/sparkproject/guava/hash/PrimitiveSink
instanceKlass org/sparkproject/guava/hash/AbstractStreamingHashFunction
instanceKlass org/sparkproject/guava/hash/HashFunction
instanceKlass org/sparkproject/guava/hash/Hashing
instanceKlass org/apache/spark/sql/execution/ui/SQLAppStatusListener$$Lambda$2464
instanceKlass org/apache/spark/status/AppStatusListener$$Lambda$2463
instanceKlass org/apache/spark/status/AppStatusListener$$Lambda$2462
instanceKlass org/apache/spark/status/AppStatusListener$$Lambda$2461
instanceKlass org/apache/spark/scheduler/local/LocalEndpoint$$Lambda$2460
instanceKlass org/apache/spark/status/AppStatusListener$$Lambda$2459
instanceKlass org/apache/spark/util/kvstore/InMemoryStore$InstanceList$$Lambda$2458
instanceKlass org/apache/spark/scheduler/TaskSchedulerImpl$$Lambda$2457
instanceKlass org/apache/spark/scheduler/TaskSetManager$$Lambda$2456
instanceKlass org/apache/spark/status/api/v1/TaskData
instanceKlass org/apache/spark/scheduler/TaskSchedulerImpl$$Lambda$2455
instanceKlass org/apache/spark/status/TaskDataWrapper
instanceKlass java/lang/invoke/LambdaForm$MH
instanceKlass java/lang/invoke/LambdaForm$DMH
instanceKlass java/lang/invoke/LambdaForm$DMH
instanceKlass org/apache/spark/scheduler/TaskSchedulerImpl$$Lambda$2453
instanceKlass org/apache/spark/status/LiveTask$$Lambda$2454
instanceKlass java/lang/invoke/LambdaForm$DMH
instanceKlass org/apache/spark/scheduler/WorkerRemoved
instanceKlass org/apache/spark/scheduler/TaskSetManager$$Lambda$2452
instanceKlass org/apache/spark/scheduler/ExecutorLost
instanceKlass org/apache/spark/scheduler/TaskDescription$$Lambda$2451
instanceKlass org/apache/spark/scheduler/BeginEvent
instanceKlass org/apache/spark/scheduler/TaskSetManager$$Lambda$2450
instanceKlass org/apache/spark/scheduler/TaskSetManager$$Lambda$2449
instanceKlass org/apache/spark/broadcast/TorrentBroadcast$$Lambda$2448
instanceKlass org/apache/spark/sql/catalyst/expressions/UnsafeDataUtils
instanceKlass org/apache/spark/rdd/ParallelCollectionPartition$$Lambda$2447
instanceKlass org/apache/spark/memory/TaskMemoryManager
instanceKlass org/apache/spark/scheduler/TaskInfo
instanceKlass java/lang/invoke/LambdaForm$MH
instanceKlass java/lang/invoke/LambdaForm$DMH
instanceKlass java/lang/invoke/LambdaForm$DMH
instanceKlass org/apache/spark/scheduler/TaskSetManager$$Lambda$2446
instanceKlass java/lang/invoke/LambdaForm$DMH
instanceKlass org/apache/spark/scheduler/TaskDescription
instanceKlass org/apache/spark/scheduler/TaskSetManager$$Lambda$2445
instanceKlass org/apache/spark/scheduler/TaskSetManager$$Lambda$2444
instanceKlass org/apache/spark/scheduler/TaskSetManager$$Lambda$2443
instanceKlass org/apache/spark/scheduler/TaskSetManager$$Lambda$2442
instanceKlass org/apache/spark/scheduler/TaskSetManager$$Lambda$2441
instanceKlass org/apache/spark/scheduler/TaskSetManager$$Lambda$2440
instanceKlass org/apache/spark/scheduler/TaskSetManager$$Lambda$2439
instanceKlass org/apache/spark/scheduler/TaskSetManager$$Lambda$2438
instanceKlass java/lang/invoke/LambdaForm$MH
instanceKlass java/lang/invoke/LambdaForm$DMH
instanceKlass java/lang/invoke/LambdaForm$DMH
instanceKlass org/apache/spark/scheduler/TaskSchedulerImpl$$Lambda$2437
instanceKlass java/lang/invoke/LambdaForm$DMH
instanceKlass org/apache/spark/resource/ResourceProfileManager$$Lambda$2436
instanceKlass java/lang/invoke/LambdaForm$MH
instanceKlass java/lang/invoke/LambdaForm$DMH
instanceKlass org/apache/spark/scheduler/TaskSchedulerImpl$$Lambda$2435
instanceKlass java/lang/invoke/LambdaForm$DMH
instanceKlass java/lang/invoke/LambdaForm$MH
instanceKlass java/lang/invoke/LambdaForm$DMH
instanceKlass org/apache/spark/scheduler/TaskSchedulerImpl$$Lambda$2434
instanceKlass java/lang/invoke/LambdaForm$MH
instanceKlass java/lang/invoke/LambdaForm$DMH
instanceKlass java/lang/invoke/LambdaForm$DMH
instanceKlass org/apache/spark/scheduler/TaskSchedulerImpl$$Lambda$2433
instanceKlass java/lang/invoke/LambdaForm$DMH
instanceKlass org/apache/spark/scheduler/TaskSetManager$$Lambda$2432
instanceKlass org/apache/spark/scheduler/TaskSchedulerImpl$$Lambda$2431
instanceKlass org/apache/spark/scheduler/TaskSchedulerImpl$$Lambda$2430
instanceKlass org/apache/spark/scheduler/AllJobsCancelled$
instanceKlass org/apache/spark/scheduler/JobTagCancelled
instanceKlass org/apache/spark/scheduler/Pool$$Lambda$2429
instanceKlass org/apache/spark/scheduler/JobGroupCancelled
instanceKlass org/apache/spark/scheduler/Pool$$Lambda$2428
instanceKlass scala/collection/immutable/Stream$$Lambda$2427
instanceKlass scala/collection/immutable/Stream$$Lambda$2426
instanceKlass scala/collection/immutable/Stream$StreamBuilder$$Lambda$2425
instanceKlass scala/collection/immutable/List$$Lambda$2424
instanceKlass org/apache/spark/scheduler/Pool$$Lambda$2423
instanceKlass java/util/concurrent/ConcurrentLinkedQueue$Itr
instanceKlass org/apache/spark/scheduler/TaskSchedulerImpl$$Lambda$2422
instanceKlass org/apache/spark/scheduler/TaskSchedulerImpl$$Lambda$2421
instanceKlass org/apache/spark/scheduler/TaskSchedulerImpl$$Lambda$2420
instanceKlass org/apache/spark/scheduler/TaskSchedulerImpl$$Lambda$2419
instanceKlass org/apache/spark/scheduler/JobCancelled
instanceKlass org/apache/spark/scheduler/TaskSchedulerImpl$$Lambda$2418
instanceKlass org/apache/spark/scheduler/StageCancelled
instanceKlass org/apache/spark/scheduler/TaskSchedulerImpl$$Lambda$2417
instanceKlass org/apache/spark/scheduler/TaskSchedulerImpl$$Lambda$2416
instanceKlass org/apache/spark/scheduler/MapStageSubmitted
instanceKlass org/apache/spark/scheduler/TaskSchedulerImpl$$Lambda$2415
instanceKlass org/apache/spark/scheduler/TaskSchedulerImpl$$Lambda$2414
instanceKlass org/apache/spark/scheduler/TaskSchedulerImpl$$Lambda$2413
instanceKlass org/apache/spark/scheduler/ExecutorAdded
instanceKlass org/apache/spark/scheduler/TaskSchedulerImpl$$Lambda$2412
instanceKlass org/apache/spark/scheduler/WorkerOffer
instanceKlass org/apache/spark/rpc/netty/Inbox$$Lambda$2411
instanceKlass org/apache/spark/rpc/netty/Dispatcher$$Lambda$2410
instanceKlass org/apache/spark/rpc/netty/NettyRpcEndpointRef$$Lambda$2409
instanceKlass org/apache/spark/scheduler/TaskSchedulerImpl$$Lambda$2408
instanceKlass org/apache/spark/scheduler/TaskSchedulerImpl$$Lambda$2407
instanceKlass org/apache/spark/scheduler/TaskSetManager$$Lambda$2406
instanceKlass org/apache/spark/scheduler/TaskSetManager$$Lambda$2405
instanceKlass org/apache/spark/scheduler/TaskSetManager$$Lambda$2404
instanceKlass org/apache/spark/scheduler/TaskSetManager$$Lambda$2403
instanceKlass org/apache/spark/scheduler/TaskSchedulerImpl$$Lambda$2402
instanceKlass java/lang/invoke/LambdaForm$MH
instanceKlass java/lang/invoke/LambdaForm$DMH
instanceKlass java/lang/invoke/LambdaForm$DMH
instanceKlass org/apache/spark/scheduler/TaskSetManager$$Lambda$2401
instanceKlass org/apache/spark/scheduler/TaskSetManager$$Lambda$2400
instanceKlass org/apache/spark/scheduler/TaskSetManager$$Lambda$2399
instanceKlass org/apache/spark/scheduler/TaskSetManager$$Lambda$2398
instanceKlass org/apache/spark/scheduler/TaskSetManager$$Lambda$2397
instanceKlass org/apache/spark/util/collection/PercentileHeap$
instanceKlass org/apache/spark/util/collection/PercentileHeap
instanceKlass org/apache/spark/scheduler/PendingTasksByLocality
instanceKlass org/apache/spark/scheduler/TaskSetManager$$Lambda$2396
instanceKlass org/apache/spark/scheduler/TaskSetExcludelist
instanceKlass org/apache/spark/scheduler/HealthTracker
instanceKlass org/apache/spark/scheduler/TaskSetManager$$Lambda$2395
instanceKlass org/apache/spark/scheduler/TaskSetManager$$Lambda$2394
instanceKlass org/apache/spark/scheduler/TaskSetManager$$Lambda$2393
instanceKlass org/apache/spark/scheduler/TaskSetManager$$Lambda$2392
instanceKlass org/apache/spark/scheduler/HealthTracker$$$Lambda$2391
instanceKlass org/apache/spark/scheduler/HealthTracker$
instanceKlass org/apache/spark/TaskFailedReason
instanceKlass org/apache/spark/TaskEndReason
instanceKlass org/apache/spark/scheduler/TaskSetManager
instanceKlass org/apache/spark/scheduler/TaskSchedulerImpl$$Lambda$2390
instanceKlass org/apache/spark/scheduler/TaskSet
instanceKlass org/apache/spark/scheduler/DAGScheduler$$Lambda$2389
instanceKlass org/apache/spark/scheduler/DAGScheduler$$Lambda$2388
instanceKlass java/lang/invoke/LambdaForm$MH
instanceKlass java/lang/invoke/LambdaForm$DMH
instanceKlass java/lang/invoke/LambdaForm$DMH
instanceKlass org/apache/spark/scheduler/DAGScheduler$$Lambda$2387
instanceKlass java/lang/invoke/LambdaForm$DMH
instanceKlass org/apache/spark/scheduler/Task
instanceKlass java/util/function/UnaryOperator
instanceKlass org/apache/spark/util/CollectionAccumulator$$Lambda$2386
instanceKlass org/apache/spark/executor/TempShuffleReadMetrics
instanceKlass org/apache/spark/shuffle/ShuffleReadMetricsReporter
instanceKlass org/apache/spark/CleanBroadcast
instanceKlass org/apache/spark/SparkContext$$Lambda$2385
instanceKlass org/apache/spark/SparkContext$$Lambda$2384
instanceKlass org/apache/spark/storage/BlockManager$BlockStoreUpdater$$Lambda$2383
instanceKlass org/apache/spark/storage/BlockManager$$Lambda$2382
instanceKlass org/apache/spark/storage/BlockManagerMaster$$Lambda$2381
instanceKlass org/apache/spark/status/AppStatusListener$$Lambda$2380
instanceKlass org/apache/spark/storage/BlockUpdatedInfo
instanceKlass org/apache/spark/storage/BlockUpdatedInfo$
instanceKlass org/apache/spark/storage/BlockManagerMasterEndpoint$$Lambda$2379
instanceKlass org/apache/spark/storage/BlockManagerInfo$$Lambda$2378
instanceKlass org/apache/spark/storage/BlockStatusPerBlockId
instanceKlass org/apache/spark/storage/BlockManagerInfo$$Lambda$2377
instanceKlass org/apache/spark/storage/BlockManagerMasterEndpoint$$Lambda$2376
instanceKlass org/apache/spark/storage/memory/MemoryStore$$Lambda$2375
instanceKlass org/apache/spark/storage/memory/SerializedMemoryEntry
instanceKlass org/apache/spark/storage/memory/MemoryStore$$Lambda$2374
instanceKlass org/apache/spark/storage/BlockManager$BlockStoreUpdater$$Lambda$2373
instanceKlass org/apache/spark/storage/BlockManager$BlockStoreUpdater$$Lambda$2372
instanceKlass org/apache/spark/storage/BlockManager$ByteBufferBlockStoreUpdater$
instanceKlass org/apache/spark/storage/BlockManager$BlockStoreUpdater
instanceKlass org/apache/spark/storage/BlockManager$$Lambda$2371
instanceKlass java/util/zip/Adler32
instanceKlass org/apache/spark/broadcast/TorrentBroadcast$$Lambda$2370
instanceKlass org/apache/spark/util/io/ChunkedByteBuffer$$Lambda$2369
instanceKlass org/apache/spark/util/io/ChunkedByteBuffer$$Lambda$2368
instanceKlass org/apache/spark/util/io/ChunkedByteBuffer$$Lambda$2367
instanceKlass org/apache/spark/util/io/ChunkedByteBuffer$$Lambda$2366
instanceKlass org/apache/spark/util/io/ChunkedByteBuffer$$Lambda$2365
instanceKlass org/apache/spark/util/io/ChunkedByteBuffer$$Lambda$2364
instanceKlass org/apache/spark/util/io/ChunkedByteBuffer$$Lambda$2363
instanceKlass org/apache/spark/util/io/ChunkedByteBuffer$$Lambda$2362
instanceKlass org/apache/spark/util/io/ChunkedByteBufferOutputStream$$Lambda$2361
instanceKlass org/apache/spark/util/io/ChunkedByteBufferOutputStream$$Lambda$2360
instanceKlass org/apache/spark/util/io/ChunkedByteBufferOutputStream$$Lambda$2359
instanceKlass org/apache/spark/util/io/ChunkedByteBufferOutputStream$$Lambda$2358
instanceKlass org/apache/spark/broadcast/TorrentBroadcast$$$Lambda$2357
instanceKlass org/apache/spark/broadcast/TorrentBroadcast$$$Lambda$2356
instanceKlass org/apache/spark/broadcast/TorrentBroadcast$$$Lambda$2355
instanceKlass net/jpountz/xxhash/StreamingXXHash32$1
instanceKlass net/jpountz/xxhash/StreamingXXHash64
instanceKlass net/jpountz/xxhash/StreamingXXHash64JNI$Factory
instanceKlass net/jpountz/xxhash/StreamingXXHash64$Factory
instanceKlass net/jpountz/xxhash/XXHash64
instanceKlass net/jpountz/xxhash/StreamingXXHash32
instanceKlass net/jpountz/xxhash/StreamingXXHash32JNI$Factory
instanceKlass net/jpountz/xxhash/StreamingXXHash32$Factory
instanceKlass net/jpountz/xxhash/XXHash32
instanceKlass net/jpountz/xxhash/XXHashFactory
instanceKlass java/io/DeleteOnExitHook$1
instanceKlass java/io/DeleteOnExitHook
instanceKlass java/io/FileOutputStream$1
instanceKlass java/io/File$TempDirectory
instanceKlass net/jpountz/util/Native$1
instanceKlass net/jpountz/lz4/LZ4SafeDecompressor
instanceKlass net/jpountz/lz4/LZ4FastDecompressor
instanceKlass net/jpountz/lz4/LZ4Compressor
instanceKlass java/io/FilenameFilter
instanceKlass net/jpountz/lz4/LZ4Decompressor
instanceKlass net/jpountz/lz4/LZ4UnknownSizeDecompressor
instanceKlass net/jpountz/lz4/LZ4Factory
instanceKlass org/apache/spark/broadcast/TorrentBroadcast$$$Lambda$2354
instanceKlass org/apache/spark/broadcast/TorrentBroadcast$$$Lambda$2353
instanceKlass org/apache/spark/broadcast/TorrentBroadcast$
instanceKlass org/apache/spark/storage/BlockManager$$Lambda$2352
instanceKlass org/apache/spark/storage/BlockInfoManager$$Lambda$2351
instanceKlass java/lang/invoke/LambdaForm$DMH
instanceKlass org/apache/spark/storage/BlockInfoManager$$Lambda$2350
instanceKlass org/apache/spark/storage/BlockInfoManager$$Lambda$2349
instanceKlass org/apache/spark/storage/BlockManager$$Lambda$2348
instanceKlass org/apache/spark/storage/BlockStatus
instanceKlass org/apache/spark/storage/memory/MemoryStore$$Lambda$2347
instanceKlass org/apache/spark/storage/memory/MemoryStore$$Lambda$2346
instanceKlass org/apache/spark/storage/memory/DeserializedMemoryEntry
instanceKlass org/apache/spark/storage/memory/MemoryEntry
instanceKlass org/apache/spark/storage/memory/DeserializedValuesHolder$$anon$1
instanceKlass org/apache/spark/storage/memory/MemoryStore$$Lambda$2345
instanceKlass org/apache/spark/storage/memory/MemoryStore$$Lambda$2344
instanceKlass org/apache/spark/storage/memory/MemoryStore$$Lambda$2343
instanceKlass org/apache/spark/storage/memory/MemoryStore$$Lambda$2342
instanceKlass org/apache/spark/util/SizeEstimator$$$Lambda$2341
instanceKlass org/apache/spark/util/SizeEstimator$$$Lambda$2340
instanceKlass java/lang/invoke/LambdaForm$DMH
instanceKlass org/apache/spark/util/SizeEstimator$$$Lambda$2339
instanceKlass org/apache/spark/util/SizeEstimator$$$Lambda$2338
instanceKlass org/apache/spark/util/KnownSizeEstimation
instanceKlass org/apache/spark/util/SizeEstimator$SearchState
instanceKlass org/apache/spark/util/SizeEstimator$ClassInfo
instanceKlass java/lang/invoke/LambdaForm$MH
instanceKlass java/lang/invoke/LambdaForm$MH
instanceKlass java/lang/invoke/LambdaForm$MH
instanceKlass java/lang/invoke/LambdaForm$MH
instanceKlass java/lang/invoke/LambdaForm$MH
instanceKlass java/lang/invoke/LambdaForm$MH
instanceKlass java/lang/invoke/LambdaForm$MH
instanceKlass java/lang/invoke/LambdaForm$MH
instanceKlass java/lang/invoke/LambdaForm$MH
instanceKlass java/lang/invoke/LambdaForm$MH
instanceKlass java/lang/invoke/LambdaForm$MH
instanceKlass java/util/stream/MatchOps$$Lambda$2337
instanceKlass java/util/stream/MatchOps$BooleanTerminalSink
instanceKlass java/util/stream/MatchOps$MatchOp
instanceKlass java/util/stream/MatchOps
instanceKlass sun/management/LazyCompositeData$$Lambda$2336
instanceKlass java/util/TreeMap$TreeMapSpliterator
instanceKlass sun/management/MappedMXBeanType$CompositeDataMXBeanType$2
instanceKlass sun/management/MappedMXBeanType$CompositeDataMXBeanType$1
instanceKlass sun/management/MappedMXBeanType
instanceKlass sun/management/LazyCompositeData
instanceKlass javax/management/openmbean/CompositeDataSupport
instanceKlass sun/reflect/misc/Trampoline
instanceKlass sun/reflect/misc/MethodUtil$1
instanceKlass com/sun/jmx/mbeanserver/MXBeanProxy$Handler
instanceKlass com/sun/jmx/mbeanserver/DefaultMXBeanMappingFactory$CompositeBuilder
instanceKlass com/sun/jmx/mbeanserver/MXBeanProxy$Visitor
instanceKlass com/sun/jmx/mbeanserver/MXBeanProxy
instanceKlass org/apache/spark/util/SizeEstimator$
instanceKlass org/apache/spark/util/collection/SizeTracker$Sample
instanceKlass scala/collection/mutable/LinkedListLike
instanceKlass org/apache/spark/util/collection/PrimitiveVector$
instanceKlass org/apache/spark/util/collection/PrimitiveVector
instanceKlass org/apache/spark/util/collection/SizeTracker
instanceKlass org/apache/spark/storage/memory/MemoryEntryBuilder
instanceKlass org/apache/spark/storage/memory/DeserializedValuesHolder
instanceKlass org/apache/spark/storage/BlockInfoManager$$Lambda$2335
instanceKlass org/apache/spark/storage/BlockInfoManager$$Lambda$2334
instanceKlass java/lang/invoke/LambdaForm$MH
instanceKlass java/lang/invoke/LambdaForm$DMH
instanceKlass org/apache/spark/storage/BlockInfoManager$$Lambda$2333
instanceKlass java/lang/invoke/LambdaForm$DMH
instanceKlass java/lang/invoke/LambdaForm$MH
instanceKlass java/lang/invoke/LambdaForm$DMH
instanceKlass org/apache/spark/storage/BlockInfoManager$$Lambda$2332
instanceKlass org/apache/spark/storage/BlockInfoManager$$Lambda$2331
instanceKlass org/apache/spark/storage/BlockInfoManager$$Lambda$2330
instanceKlass org/apache/spark/storage/BlockInfoWrapper
instanceKlass org/apache/spark/storage/BlockInfoManager$$Lambda$2329
instanceKlass org/apache/spark/storage/BlockManager$$Lambda$2328
instanceKlass org/apache/spark/storage/BlockManager$$Lambda$2327
instanceKlass org/apache/spark/storage/BlockManager$$Lambda$2326
instanceKlass java/lang/invoke/LambdaForm$DMH
instanceKlass org/apache/spark/storage/BlockInfo
instanceKlass org/apache/spark/storage/BlockManager$$Lambda$2325
instanceKlass org/apache/spark/storage/BlockManager$$Lambda$2324
instanceKlass org/apache/spark/io/CompressionCodec$$$Lambda$2323
instanceKlass org/apache/spark/io/CompressionCodec$$$Lambda$2322
instanceKlass org/apache/spark/io/ZStdCompressionCodec
instanceKlass org/apache/spark/io/SnappyCompressionCodec
instanceKlass org/apache/spark/io/LZFCompressionCodec
instanceKlass org/apache/spark/io/LZ4CompressionCodec
instanceKlass org/apache/spark/io/CompressionCodec
instanceKlass org/apache/spark/io/CompressionCodec$
instanceKlass org/apache/spark/api/python/PythonBroadcast
instanceKlass org/apache/spark/SparkContext$$Lambda$2321
instanceKlass org/apache/spark/scheduler/TaskSetManager$
instanceKlass org/apache/spark/util/AccumulatorV2$$Lambda$2320
instanceKlass org/apache/spark/sql/execution/columnar/DefaultCachedBatch
instanceKlass org/apache/spark/sql/vectorized/ColumnarBatch
instanceKlass org/apache/spark/sql/execution/columnar/ColumnarIterator
instanceKlass org/apache/spark/sql/catalyst/expressions/BasePredicate
instanceKlass org/apache/spark/sql/columnar/SimpleMetricsCachedBatch
instanceKlass scala/collection/parallel/mutable/ParArray
instanceKlass scala/collection/parallel/mutable/ParSeq
instanceKlass scala/collection/parallel/ParSeq
instanceKlass scala/collection/parallel/ParSeqLike
instanceKlass org/apache/spark/storage/StorageLevel$$Lambda$2319
instanceKlass org/apache/spark/util/SparkErrorUtils$
instanceKlass scala/collection/immutable/ListSerializeEnd$
instanceKlass scala/collection/immutable/List$SerializationProxy
instanceKlass scala/collection/mutable/HashMap$$Lambda$2318
instanceKlass java/io/SerialCallbackContext
instanceKlass org/apache/spark/sql/execution/ui/SQLAppStatusListener$$Lambda$2317
instanceKlass scala/collection/parallel/Combiner
instanceKlass org/apache/spark/sql/execution/ui/SQLAppStatusListener$$Lambda$2316
instanceKlass scala/collection/generic/Sizing
instanceKlass scala/collection/convert/DecorateAsScala$$Lambda$2315
instanceKlass scala/collection/mutable/HashTable$Contents
instanceKlass scala/collection/parallel/mutable/ParHashMap
instanceKlass scala/collection/parallel/mutable/ParHashTable
instanceKlass org/apache/spark/status/RDDStorageInfoWrapper
instanceKlass scala/collection/parallel/mutable/ParMap
instanceKlass org/apache/spark/status/api/v1/RDDStorageInfo
instanceKlass org/apache/spark/status/RDDPartitionSeq
instanceKlass org/sparkproject/guava/collect/MapMakerInternalMap$StrongValueReference
instanceKlass scala/collection/parallel/mutable/ParMapLike
instanceKlass org/apache/spark/status/AppStatusListener$$Lambda$2314
instanceKlass org/apache/spark/status/AppStatusListener$$Lambda$2313
instanceKlass org/apache/spark/status/PoolData
instanceKlass org/apache/spark/status/AppStatusListener$$Lambda$2312
instanceKlass scala/collection/parallel/mutable/ParIterable
instanceKlass scala/collection/parallel/ParMap
instanceKlass scala/collection/parallel/ParMapLike
instanceKlass scala/collection/parallel/ParIterable
instanceKlass scala/collection/parallel/ParIterableLike
instanceKlass scala/collection/generic/GenericParMapTemplate
instanceKlass scala/collection/generic/GenericParTemplate
instanceKlass scala/collection/generic/HasNewCombiner
instanceKlass org/apache/spark/status/AppStatusListener$$Lambda$2311
instanceKlass java/lang/invoke/LambdaForm$DMH
instanceKlass org/apache/spark/status/AppStatusListener$$Lambda$2310
instanceKlass org/apache/spark/status/AppStatusListener$$Lambda$2309
instanceKlass org/apache/spark/status/AppStatusListener$$Lambda$2308
instanceKlass org/apache/spark/status/AppStatusListener$$Lambda$2307
instanceKlass org/apache/spark/status/AppStatusListener$$Lambda$2306
instanceKlass org/apache/spark/util/collection/OpenHashSet$$Lambda$2305
instanceKlass org/apache/spark/util/collection/OpenHashSet$$Lambda$2304
instanceKlass org/apache/spark/util/collection/OpenHashSet$$Lambda$2303
instanceKlass org/apache/spark/util/collection/OpenHashSet$$Lambda$2302
instanceKlass org/apache/spark/sql/execution/ui/SQLAppStatusListener$$Lambda$2301
instanceKlass org/apache/spark/sql/execution/ui/LiveStageMetrics
instanceKlass org/apache/spark/sql/execution/ui/SQLAppStatusListener$$Lambda$2300
instanceKlass org/apache/spark/sql/execution/ui/SQLAppStatusListener$$Lambda$2299
instanceKlass org/apache/spark/sql/execution/ui/SQLAppStatusListener$$Lambda$2298
instanceKlass org/apache/spark/status/AppStatusListener$$Lambda$2297
instanceKlass org/apache/spark/status/RDDOperationClusterWrapper
instanceKlass org/apache/spark/status/RDDOperationGraphWrapper
instanceKlass org/apache/spark/ui/scope/RDDOperationGraph
instanceKlass org/apache/spark/ui/scope/RDDOperationGraph$$$Lambda$2296
instanceKlass org/apache/spark/ui/scope/RDDOperationGraph$$$Lambda$2295
instanceKlass org/apache/spark/ui/scope/RDDOperationGraph$$$Lambda$2294
instanceKlass org/apache/spark/ui/scope/RDDOperationGraph$$$Lambda$2293
instanceKlass org/apache/spark/ui/scope/RDDOperationGraph$$$Lambda$2292
instanceKlass scala/collection/IterableLike$$Lambda$2291
instanceKlass org/apache/spark/ui/scope/RDDOperationGraph$$$Lambda$2290
instanceKlass org/apache/spark/ui/scope/RDDOperationGraph$$$Lambda$2289
instanceKlass org/apache/spark/ui/scope/RDDOperationGraph$$$Lambda$2288
instanceKlass org/apache/spark/rdd/RDDOperationScope$$Lambda$2287
instanceKlass org/apache/spark/rdd/RDDOperationScope$$Lambda$2286
instanceKlass org/apache/spark/ui/scope/RDDOperationGraph$$$Lambda$2285
instanceKlass org/apache/spark/ui/scope/RDDOperationGraph$$$Lambda$2284
instanceKlass org/apache/spark/ui/scope/RDDOperationNode
instanceKlass org/apache/spark/ui/scope/RDDOperationGraph$$$Lambda$2283
instanceKlass org/apache/spark/ui/scope/RDDOperationEdge
instanceKlass org/apache/spark/ui/scope/RDDOperationGraph$$$Lambda$2282
instanceKlass java/lang/invoke/LambdaForm$MH
instanceKlass java/lang/invoke/LambdaForm$DMH
instanceKlass java/lang/invoke/LambdaForm$DMH
instanceKlass org/apache/spark/ui/scope/RDDOperationGraph$$$Lambda$2281
instanceKlass org/apache/spark/ui/scope/RDDOperationGraph$$$Lambda$2280
instanceKlass org/apache/spark/ui/scope/RDDOperationCluster
instanceKlass org/apache/spark/ui/scope/RDDOperationGraph$
instanceKlass com/clearspring/analytics/stream/cardinality/HyperLogLogPlus
instanceKlass com/clearspring/analytics/stream/cardinality/ICardinality
instanceKlass org/apache/spark/status/AppStatusListener$$Lambda$2279
instanceKlass org/apache/spark/rdd/PairRDDFunctions
instanceKlass org/apache/spark/rdd/AsyncRDDActions
instanceKlass org/apache/spark/rdd/SequenceFileRDDFunctions
instanceKlass org/apache/spark/WritableFactory
instanceKlass org/apache/spark/rdd/OrderedRDDFunctions
instanceKlass org/apache/spark/rdd/DoubleRDDFunctions
instanceKlass org/apache/spark/PartitionEvaluatorFactory
instanceKlass org/apache/spark/partial/PartialResult
instanceKlass org/apache/spark/rdd/RDDBarrier
instanceKlass org/apache/spark/api/java/AbstractJavaRDDLike
instanceKlass org/apache/spark/api/java/JavaRDDLike
instanceKlass org/apache/spark/util/kvstore/ArrayWrappers$ComparableIntArray
instanceKlass org/apache/spark/util/kvstore/ArrayWrappers
instanceKlass org/apache/spark/status/LiveStage$$Lambda$2278
instanceKlass org/apache/spark/status/LiveEntityHelpers$$$Lambda$2277
instanceKlass org/apache/spark/status/api/v1/AccumulableInfo
instanceKlass org/apache/spark/status/LiveEntityHelpers$$$Lambda$2276
instanceKlass org/apache/spark/status/LiveStage$$Lambda$2275
instanceKlass org/apache/spark/status/LiveStage$$Lambda$2274
instanceKlass org/apache/spark/status/LiveStage$$Lambda$2273
instanceKlass org/apache/spark/status/api/v1/StageData
instanceKlass org/apache/spark/status/api/v1/ShuffleWriteMetrics
instanceKlass org/apache/spark/status/api/v1/ShufflePushReadMetrics
instanceKlass org/apache/spark/status/api/v1/ShuffleReadMetrics
instanceKlass org/apache/spark/status/api/v1/OutputMetrics
instanceKlass org/apache/spark/status/api/v1/InputMetrics
instanceKlass org/apache/spark/rdd/RDDCheckpointData$
instanceKlass org/apache/spark/status/api/v1/TaskMetrics
instanceKlass org/apache/spark/status/LiveEntityHelpers$
instanceKlass org/apache/spark/executor/TaskMetrics$$Lambda$2272
instanceKlass org/apache/spark/util/collection/OpenHashSet$mcI$sp$$Lambda$2271
instanceKlass org/apache/spark/util/collection/OpenHashSet$mcI$sp$$Lambda$2270
instanceKlass org/apache/spark/executor/TaskMetrics$$Lambda$2269
instanceKlass org/apache/spark/util/collection/OpenHashSet$mcI$sp$$Lambda$2268
instanceKlass org/apache/spark/util/collection/OpenHashSet$mcI$sp$$Lambda$2267
instanceKlass org/apache/spark/InternalAccumulator$output$
instanceKlass org/apache/spark/InternalAccumulator$input$
instanceKlass org/apache/spark/InternalAccumulator$shuffleWrite$
instanceKlass org/apache/spark/InternalAccumulator$shuffleRead$
instanceKlass org/apache/spark/executor/TaskMetrics$$Lambda$2266
instanceKlass org/apache/spark/executor/ShuffleWriteMetrics
instanceKlass org/apache/spark/shuffle/ShuffleWriteMetricsReporter
instanceKlass org/apache/spark/status/AppStatusListener$$Lambda$2265
instanceKlass java/lang/invoke/LambdaForm$MH
instanceKlass org/apache/spark/executor/ShuffleReadMetrics
instanceKlass java/lang/invoke/LambdaForm$DMH
instanceKlass org/apache/spark/status/AppStatusListener$$Lambda$2264
instanceKlass org/apache/spark/executor/OutputMetrics
instanceKlass java/lang/invoke/LambdaForm$DMH
instanceKlass org/apache/spark/status/api/v1/JobData
instanceKlass org/apache/spark/executor/TaskMetrics
instanceKlass org/apache/spark/util/collection/OpenHashSet$mcJ$sp$$Lambda$2263
instanceKlass org/apache/spark/util/collection/OpenHashSet$mcJ$sp$$Lambda$2262
instanceKlass org/apache/spark/util/collection/OpenHashSet$mcJ$sp$$Lambda$2261
instanceKlass org/apache/spark/util/collection/OpenHashSet$mcJ$sp$$Lambda$2260
instanceKlass org/apache/spark/util/collection/OpenHashSet$$$Lambda$2259
instanceKlass scala/runtime/java8/JFunction2$mcVII$sp
instanceKlass org/apache/spark/rdd/ParallelCollectionRDD$$Lambda$2258
instanceKlass java/lang/invoke/LambdaForm$DMH
instanceKlass org/apache/spark/scheduler/DAGScheduler$$Lambda$2257
instanceKlass java/lang/invoke/LambdaForm$DMH
instanceKlass java/lang/invoke/LambdaForm$DMH
instanceKlass org/apache/spark/util/collection/OpenHashSet$$$Lambda$2256
instanceKlass java/lang/invoke/LambdaForm$DMH
instanceKlass org/apache/spark/scheduler/DAGScheduler$$Lambda$2255
instanceKlass java/lang/invoke/LambdaForm$DMH
instanceKlass org/apache/spark/rdd/RDD$$Lambda$2254
instanceKlass org/apache/spark/util/collection/OpenHashSet$
instanceKlass org/apache/spark/rdd/RDD$$Lambda$2253
instanceKlass org/apache/spark/scheduler/DAGScheduler$$Lambda$2252
instanceKlass org/apache/spark/scheduler/OutputCommitCoordinator$TaskIdentifier
instanceKlass org/apache/spark/scheduler/OutputCommitCoordinator$StageState$$Lambda$2251
instanceKlass org/apache/spark/scheduler/OutputCommitCoordinator$StageState
instanceKlass org/apache/spark/util/collection/OpenHashSet$Hasher
instanceKlass org/apache/spark/scheduler/DAGScheduler$$Lambda$2250
instanceKlass org/apache/spark/scheduler/DAGScheduler$$Lambda$2249
instanceKlass org/apache/spark/status/AppStatusListener$$Lambda$2248
instanceKlass org/apache/spark/resource/ResourceProfile$$Lambda$2247
instanceKlass org/apache/spark/status/AppStatusListener$$Lambda$2246
instanceKlass org/apache/spark/resource/ResourceProfileManager$$Lambda$2245
instanceKlass org/apache/spark/status/AppStatusListener$$Lambda$2244
instanceKlass org/apache/spark/scheduler/ResultStage$$Lambda$2243
instanceKlass org/apache/spark/status/AppStatusListener$$Lambda$2242
instanceKlass org/apache/spark/status/AppStatusListener$$Lambda$2241
instanceKlass org/apache/spark/scheduler/DAGScheduler$$Lambda$2240
instanceKlass org/apache/spark/status/AppStatusListener$$Lambda$2239
instanceKlass org/apache/spark/status/AppStatusListener$$Lambda$2238
instanceKlass org/apache/spark/rdd/RDD$$Lambda$2237
instanceKlass org/apache/spark/status/AppStatusListener$$Lambda$2236
instanceKlass org/apache/spark/rdd/RDD$$Lambda$2235
instanceKlass org/apache/spark/status/AppStatusListener$$Lambda$2234
instanceKlass org/apache/spark/rdd/RDD$$Lambda$2233
instanceKlass org/apache/spark/status/AppStatusListener$$Lambda$2232
instanceKlass org/apache/spark/rdd/RDD$$Lambda$2231
instanceKlass org/apache/spark/status/AppStatusListener$$Lambda$2230
instanceKlass org/apache/spark/scheduler/DAGScheduler$$Lambda$2229
instanceKlass org/apache/spark/status/AppStatusListener$$Lambda$2228
instanceKlass org/apache/spark/scheduler/DAGScheduler$$Lambda$2227
instanceKlass org/apache/spark/scheduler/DAGScheduler$$Lambda$2226
instanceKlass scala/collection/mutable/WrappedArrayBuilder
instanceKlass org/apache/spark/scheduler/DAGScheduler$$Lambda$2225
instanceKlass org/apache/spark/scheduler/DAGScheduler$$Lambda$2224
instanceKlass org/apache/spark/status/AppStatusListener$$Lambda$2223
instanceKlass org/apache/spark/scheduler/SparkListenerJobStart$$Lambda$2222
instanceKlass org/apache/spark/scheduler/DAGScheduler$$Lambda$2221
instanceKlass org/apache/spark/scheduler/DAGScheduler$$Lambda$2220
instanceKlass org/apache/spark/scheduler/DAGScheduler$$Lambda$2219
instanceKlass org/apache/spark/scheduler/DAGScheduler$$Lambda$2218
instanceKlass org/apache/spark/scheduler/DAGScheduler$$Lambda$2217
instanceKlass org/apache/spark/scheduler/TaskLocation
instanceKlass org/apache/spark/scheduler/DAGScheduler$$Lambda$2216
instanceKlass org/apache/spark/storage/BlockManagerMasterEndpoint$$Lambda$2215
instanceKlass org/apache/spark/storage/BlockManagerMessages$GetLocationsAndStatus
instanceKlass org/apache/spark/storage/BlockManagerMessages$GetLocations
instanceKlass org/apache/spark/storage/BlockManagerMessages$UpdateBlockInfo
instanceKlass org/apache/spark/storage/BlockManagerMessages$GetLocationsMultipleBlockIds
instanceKlass org/apache/spark/scheduler/DAGScheduler$$Lambda$2214
instanceKlass org/apache/spark/scheduler/DAGScheduler$$Lambda$2213
instanceKlass org/apache/spark/scheduler/DAGScheduler$$Lambda$2212
instanceKlass org/apache/spark/scheduler/DAGScheduler$$Lambda$2211
instanceKlass org/apache/spark/scheduler/DAGScheduler$$Lambda$2210
instanceKlass org/apache/spark/scheduler/ActiveJob$$Lambda$2209
instanceKlass org/apache/spark/scheduler/ActiveJob
instanceKlass org/apache/spark/scheduler/DAGScheduler$$Lambda$2208
instanceKlass org/apache/spark/scheduler/DAGScheduler$$Lambda$2207
instanceKlass org/apache/spark/scheduler/StageInfo$$$Lambda$2206
instanceKlass org/apache/spark/scheduler/StageInfo$$$Lambda$2205
instanceKlass org/apache/spark/scheduler/StageInfo
instanceKlass org/apache/spark/rdd/RDD$$Lambda$2204
instanceKlass org/apache/spark/rdd/RDD$$Lambda$2203
instanceKlass org/apache/spark/storage/RDDInfo$$$Lambda$2202
instanceKlass org/apache/spark/storage/RDDInfo$$$Lambda$2201
instanceKlass org/apache/spark/storage/RDDInfo$$$Lambda$2200
instanceKlass org/apache/spark/storage/RDDInfo$
instanceKlass org/apache/spark/scheduler/StageInfo$$$Lambda$2199
instanceKlass org/apache/spark/storage/RDDInfo
instanceKlass org/apache/spark/rdd/RDD$$Lambda$2198
instanceKlass org/apache/spark/rdd/RDD$$Lambda$2197
instanceKlass org/apache/spark/rdd/RDD$$Lambda$2196
instanceKlass org/apache/spark/rdd/RDD$$Lambda$2195
instanceKlass org/apache/spark/rdd/RDD$$Lambda$2194
instanceKlass org/apache/spark/scheduler/StageInfo$
instanceKlass org/apache/spark/scheduler/DAGScheduler$$Lambda$2193
instanceKlass org/apache/spark/rdd/RDD$$Lambda$2192
instanceKlass org/apache/spark/rdd/RDD$$Lambda$2191
instanceKlass org/apache/spark/SimpleFutureAction$$Lambda$2190
instanceKlass org/apache/spark/rdd/MapPartitionsRDD$$Lambda$2189
instanceKlass org/apache/spark/sql/execution/adaptive/AdaptiveSparkPlanExec$$Lambda$2188
instanceKlass org/apache/spark/scheduler/DAGScheduler$$Lambda$2187
instanceKlass org/apache/spark/SimpleFutureAction
instanceKlass org/apache/spark/FutureAction
instanceKlass org/apache/spark/scheduler/DAGScheduler$$Lambda$2186
instanceKlass org/apache/spark/scheduler/DAGScheduler$$Lambda$2185
instanceKlass java/util/concurrent/LinkedBlockingDeque$Node
instanceKlass org/apache/spark/util/Utils$$$Lambda$2184
instanceKlass org/apache/spark/JobArtifactSet$$$Lambda$2183
instanceKlass org/apache/spark/JobArtifactSet$$$Lambda$2182
instanceKlass org/apache/spark/JobArtifactSet$$$Lambda$2181
instanceKlass org/apache/spark/JobArtifactSet$$$Lambda$2180
instanceKlass org/apache/spark/JobArtifactSet$$$Lambda$2179
instanceKlass org/apache/spark/JobArtifactSet$$$Lambda$2178
instanceKlass org/apache/spark/JobArtifactSet$$$Lambda$2177
instanceKlass org/apache/spark/JobArtifactSet
instanceKlass org/apache/spark/JobArtifactSet$
instanceKlass org/apache/spark/scheduler/JobSubmitted
instanceKlass org/apache/spark/scheduler/DAGSchedulerEvent
instanceKlass org/apache/spark/scheduler/JobWaiter
instanceKlass org/apache/spark/scheduler/DAGScheduler$$Lambda$2176
instanceKlass org/apache/spark/scheduler/DAGScheduler$$Lambda$2175
instanceKlass org/apache/spark/scheduler/DAGScheduler$$Lambda$2174
instanceKlass org/apache/spark/scheduler/DAGScheduler$$Lambda$2173
instanceKlass org/apache/spark/SparkContext$$Lambda$2172
instanceKlass org/apache/spark/sql/execution/adaptive/TableCacheQueryStageExec$$Lambda$2171
instanceKlass org/apache/spark/sql/execution/adaptive/TableCacheQueryStageExec$$Lambda$2170
instanceKlass org/apache/spark/rdd/RDD$$Lambda$2169
instanceKlass org/apache/spark/rdd/RDD$$Lambda$2168
instanceKlass org/apache/spark/rdd/ParallelCollectionRDD$$Lambda$2167
instanceKlass org/apache/spark/rdd/ParallelCollectionPartition
instanceKlass org/apache/spark/rdd/ParallelCollectionRDD$$$Lambda$2166
instanceKlass org/apache/spark/rdd/ParallelCollectionRDD$$$Lambda$2165
instanceKlass org/apache/spark/rdd/ParallelCollectionRDD$
instanceKlass org/apache/spark/rdd/RDD$$Lambda$2164
instanceKlass org/apache/spark/rdd/RDD$$Lambda$2163
instanceKlass org/apache/spark/rdd/RDD$$Lambda$2162
instanceKlass org/apache/spark/rdd/RDD$$Lambda$2161
instanceKlass org/apache/spark/Partition
instanceKlass org/apache/spark/rdd/RDD$$Lambda$2160
instanceKlass org/apache/spark/rdd/RDDCheckpointData
instanceKlass org/apache/spark/sql/execution/adaptive/TableCacheQueryStageExec$$Lambda$2159
instanceKlass org/sparkproject/guava/collect/MapMakerInternalMap$StrongEntry
instanceKlass org/apache/spark/CleanRDD
instanceKlass org/apache/spark/rdd/RDD$$Lambda$2158
instanceKlass org/apache/spark/sql/execution/columnar/CachedRDDBuilder$$Lambda$2157
instanceKlass org/apache/spark/rdd/RDD$$Lambda$2156
instanceKlass java/util/AbstractMap$SimpleEntry
instanceKlass org/apache/spark/rdd/RDD$$Lambda$2155
instanceKlass org/apache/spark/sql/columnar/CachedBatch
instanceKlass java/lang/invoke/LambdaForm$MH
instanceKlass java/lang/invoke/LambdaForm$DMH
instanceKlass java/lang/invoke/LambdaForm$DMH
instanceKlass org/apache/spark/sql/execution/columnar/DefaultCachedBatchSerializer$$Lambda$2154
instanceKlass java/lang/invoke/LambdaForm$DMH
instanceKlass org/apache/spark/Dependency
instanceKlass org/apache/spark/rdd/MapPartitionsRDD$
instanceKlass org/apache/spark/rdd/RDD$$Lambda$2153
instanceKlass org/apache/spark/util/ByteBufferOutputStream$$Lambda$2152
instanceKlass org/apache/spark/sql/catalyst/trees/MutableInt
instanceKlass org/apache/spark/sql/execution/datasources/WriteFilesSpec
instanceKlass org/apache/spark/util/io/ChunkedByteBuffer
instanceKlass org/apache/spark/InternalAccumulator$
instanceKlass org/apache/spark/util/AccumulatorV2$$Lambda$2151
instanceKlass org/apache/spark/scheduler/AccumulableInfo
instanceKlass java/io/ObjectStreamClass$5
instanceKlass java/io/ObjectStreamClass$4
instanceKlass java/io/ObjectStreamClass$3
instanceKlass java/io/ObjectStreamClass$MemberSignature
instanceKlass java/io/ObjectStreamClass$1
instanceKlass java/io/ObjectStreamClass$ExceptionInfo
instanceKlass java/io/ObjectStreamClass$ClassDataSlot
instanceKlass java/io/ObjectStreamClass$FieldReflector
instanceKlass java/io/ObjectStreamClass$FieldReflectorKey
instanceKlass java/io/ObjectStreamClass$2
instanceKlass java/io/ClassCache
instanceKlass java/io/ObjectStreamClass$Caches
instanceKlass java/io/ObjectStreamClass
instanceKlass org/apache/spark/util/ByteBufferOutputStream$$Lambda$2150
instanceKlass java/io/Bits
instanceKlass java/io/ObjectOutputStream$ReplaceTable
instanceKlass java/io/ObjectOutputStream$HandleTable
instanceKlass org/apache/spark/util/ClosureCleaner$$$Lambda$2149
instanceKlass org/apache/xbean/asm9/Opcodes
instanceKlass org/apache/xbean/asm9/Handle
instanceKlass org/apache/xbean/asm9/Type
instanceKlass org/apache/xbean/asm9/Label
instanceKlass org/apache/xbean/asm9/Context
instanceKlass org/apache/xbean/asm9/Attribute
instanceKlass org/apache/xbean/asm9/ClassReader
instanceKlass org/apache/spark/util/Utils$$$Lambda$2148
instanceKlass java/lang/invoke/LambdaForm$DMH
instanceKlass org/apache/spark/util/Utils$$$Lambda$2147
instanceKlass java/lang/invoke/LambdaForm$DMH
instanceKlass org/apache/spark/util/ClosureCleaner$$$Lambda$2146
instanceKlass org/apache/spark/util/IndylambdaScalaClosures$$$Lambda$2145
instanceKlass org/apache/spark/util/IndylambdaScalaClosures$$$Lambda$2144
instanceKlass org/apache/xbean/asm9/MethodVisitor
instanceKlass org/apache/spark/util/IndylambdaScalaClosures$
instanceKlass org/apache/xbean/asm9/ClassVisitor
instanceKlass org/apache/spark/util/ClosureCleaner$
instanceKlass org/apache/spark/rdd/RDD$$Lambda$2143
instanceKlass org/apache/spark/sql/execution/LocalTableScanExec$$Lambda$2142
instanceKlass org/apache/spark/rdd/RDD$$Lambda$2141
instanceKlass org/apache/spark/rdd/RDD$
instanceKlass org/apache/spark/rdd/RDD$$Lambda$2140
instanceKlass org/apache/spark/rdd/RDD$$anon$1
instanceKlass org/apache/spark/partial/ApproximateEvaluator
instanceKlass org/apache/spark/util/random/RandomSampler
instanceKlass org/apache/spark/util/random/Pseudorandom
instanceKlass com/fasterxml/jackson/databind/deser/impl/PropertyValue
instanceKlass com/fasterxml/jackson/databind/deser/impl/PropertyValueBuffer
instanceKlass com/fasterxml/jackson/databind/deser/impl/PropertyBasedCreator
instanceKlass com/fasterxml/jackson/module/scala/deser/OptionDeserializer$$Lambda$2139
instanceKlass com/fasterxml/jackson/module/scala/deser/OptionDeserializer$$Lambda$2138
instanceKlass com/fasterxml/jackson/databind/jsontype/TypeDeserializer
instanceKlass com/fasterxml/jackson/databind/util/LinkedNode
instanceKlass com/fasterxml/jackson/module/scala/deser/OptionDeserializer$
instanceKlass com/fasterxml/jackson/module/scala/deser/OptionDeserializerResolver$$$Lambda$2137
instanceKlass com/fasterxml/jackson/module/scala/deser/OptionDeserializerResolver$$$Lambda$2136
instanceKlass com/fasterxml/jackson/databind/deser/impl/ReadableObjectId$Referring
instanceKlass com/fasterxml/jackson/databind/deser/impl/BeanPropertyMap
instanceKlass com/fasterxml/jackson/annotation/JsonAlias
instanceKlass com/fasterxml/jackson/databind/introspect/POJOPropertyBuilder$4
instanceKlass com/fasterxml/jackson/databind/deser/impl/NullsConstantProvider
instanceKlass com/fasterxml/jackson/databind/util/IgnorePropertiesUtil
instanceKlass com/fasterxml/jackson/databind/deser/BeanDeserializerBuilder
instanceKlass com/fasterxml/jackson/module/scala/introspect/ScalaAnnotationIntrospector$$$Lambda$2135
instanceKlass com/fasterxml/jackson/module/scala/introspect/ScalaAnnotationIntrospector$ScalaValueInstantiator$$anon$1
instanceKlass com/fasterxml/jackson/module/scala/introspect/ScalaAnnotationIntrospector$ScalaValueInstantiator$$Lambda$2134
instanceKlass com/fasterxml/jackson/module/scala/introspect/ScalaAnnotationIntrospector$ScalaValueInstantiator$$Lambda$2133
instanceKlass com/fasterxml/jackson/module/scala/introspect/ScalaAnnotationIntrospector$ScalaValueInstantiator$$Lambda$2132
instanceKlass com/fasterxml/jackson/module/scala/introspect/ScalaAnnotationIntrospector$ScalaValueInstantiator$$Lambda$2131
instanceKlass com/fasterxml/jackson/module/scala/introspect/ScalaAnnotationIntrospector$ScalaValueInstantiator$$Lambda$2130
instanceKlass com/fasterxml/jackson/module/scala/introspect/ClassOverrides
instanceKlass com/fasterxml/jackson/module/scala/introspect/ScalaAnnotationIntrospector$$$Lambda$2129
instanceKlass com/fasterxml/jackson/module/scala/introspect/ScalaAnnotationIntrospector$$$Lambda$2128
instanceKlass com/fasterxml/jackson/module/scala/introspect/ScalaAnnotationIntrospector$$$Lambda$2127
instanceKlass com/fasterxml/jackson/databind/deser/impl/CreatorCandidate$Param
instanceKlass com/fasterxml/jackson/databind/deser/impl/CreatorCandidate
instanceKlass com/fasterxml/jackson/databind/deser/BasicDeserializerFactory$1
instanceKlass com/fasterxml/jackson/databind/deser/BasicDeserializerFactory$CreatorCollectionState
instanceKlass com/fasterxml/jackson/databind/introspect/POJOPropertyBuilder$MemberIterator
instanceKlass com/fasterxml/jackson/databind/deser/impl/CreatorCollector
instanceKlass com/fasterxml/jackson/databind/cfg/ConstructorDetector
instanceKlass com/fasterxml/jackson/core/JsonLocation
instanceKlass com/fasterxml/jackson/databind/deser/impl/JDKValueInstantiators
instanceKlass com/fasterxml/jackson/databind/annotation/JsonValueInstantiator
instanceKlass com/fasterxml/jackson/databind/jsontype/impl/SubTypeValidator
instanceKlass com/fasterxml/jackson/databind/deser/std/JdkDeserializers
instanceKlass org/apache/spark/rdd/RDDOperationScope$$$Lambda$2126
instanceKlass org/apache/spark/rdd/RDDOperationScope$$$Lambda$2125
instanceKlass org/apache/spark/rdd/RDDOperationScope$$$Lambda$2124
instanceKlass org/apache/spark/rdd/RDDOperationScope$$$Lambda$2123
instanceKlass org/apache/spark/SparkContext$$Lambda$2122
instanceKlass org/apache/spark/sql/SparkSession$$Lambda$2121
instanceKlass org/apache/spark/unsafe/bitset/BitSetMethods
instanceKlass org/apache/spark/sql/execution/LocalTableScanExec$$Lambda$2120
instanceKlass org/apache/spark/sql/catalyst/expressions/BindReferences$$$Lambda$2119
instanceKlass org/apache/spark/sql/execution/SparkPlan$$Lambda$2118
instanceKlass org/apache/spark/sql/execution/SparkPlan$$Lambda$2117
instanceKlass org/apache/spark/sql/execution/SparkPlan$$Lambda$2116
instanceKlass com/fasterxml/jackson/databind/ser/impl/PropertySerializerMap$SerializerAndMapResult
instanceKlass com/fasterxml/jackson/annotation/JsonFilter
instanceKlass com/fasterxml/jackson/annotation/JsonIncludeProperties
instanceKlass com/fasterxml/jackson/annotation/JsonIncludeProperties$Value
instanceKlass com/fasterxml/jackson/annotation/JsonIgnoreProperties
instanceKlass com/fasterxml/jackson/annotation/JsonIgnoreProperties$Value
instanceKlass com/fasterxml/jackson/databind/annotation/JsonAppend
instanceKlass com/fasterxml/jackson/databind/ser/impl/PropertySerializerMap
instanceKlass com/fasterxml/jackson/databind/introspect/POJOPropertyBuilder$1
instanceKlass com/fasterxml/jackson/databind/ser/PropertyBuilder$1
instanceKlass com/fasterxml/jackson/databind/annotation/JsonTypeResolver
instanceKlass com/fasterxml/jackson/databind/BeanProperty$Std
instanceKlass com/fasterxml/jackson/databind/introspect/POJOPropertyBuilder$2
instanceKlass com/fasterxml/jackson/annotation/JsonTypeId
instanceKlass com/fasterxml/jackson/databind/introspect/POJOPropertyBuilder$3
instanceKlass com/fasterxml/jackson/databind/ser/PropertyBuilder
instanceKlass com/fasterxml/jackson/databind/introspect/AnnotationCollector$OneAnnotation
instanceKlass com/fasterxml/jackson/annotation/JsonIgnoreType
instanceKlass com/fasterxml/jackson/databind/ser/BeanSerializerBuilder
instanceKlass com/fasterxml/jackson/databind/ObjectWriter
instanceKlass com/fasterxml/jackson/databind/util/BeanUtil
instanceKlass com/fasterxml/jackson/databind/ext/Java7Handlers
instanceKlass org/w3c/dom/Document
instanceKlass com/fasterxml/jackson/databind/ext/OptionalHandlerFactory
instanceKlass com/fasterxml/jackson/databind/PropertyMetadata
instanceKlass com/fasterxml/jackson/annotation/JsonPropertyDescription
instanceKlass com/fasterxml/jackson/databind/annotation/JsonNaming
instanceKlass com/fasterxml/jackson/annotation/JacksonInject
instanceKlass com/fasterxml/jackson/databind/introspect/POJOPropertyBuilder$6
instanceKlass com/fasterxml/jackson/databind/introspect/POJOPropertyBuilder$5
instanceKlass com/fasterxml/jackson/module/scala/introspect/ScalaAnnotationIntrospector$$$Lambda$2115
instanceKlass com/fasterxml/jackson/module/scala/introspect/ScalaAnnotationIntrospector$$$Lambda$2114
instanceKlass com/fasterxml/jackson/module/scala/introspect/ScalaAnnotationIntrospector$$$Lambda$2113
instanceKlass com/fasterxml/jackson/module/scala/introspect/ScalaAnnotationIntrospector$$$Lambda$2112
instanceKlass com/fasterxml/jackson/module/scala/introspect/JavaParameterIntrospector$$$Lambda$2111
instanceKlass com/fasterxml/jackson/module/scala/introspect/JavaParameterIntrospector$$$Lambda$2110
instanceKlass com/fasterxml/jackson/databind/type/TypeBindings$AsKey
instanceKlass com/fasterxml/jackson/databind/type/TypeBindings$TypeParamStash
instanceKlass com/fasterxml/jackson/module/scala/introspect/ScalaAnnotationIntrospector$$$Lambda$2109
instanceKlass com/fasterxml/jackson/module/scala/introspect/ScalaAnnotationIntrospector$$$Lambda$2108
instanceKlass com/fasterxml/jackson/module/scala/introspect/ScalaAnnotationIntrospector$$$Lambda$2107
instanceKlass com/fasterxml/jackson/module/scala/introspect/ScalaAnnotationIntrospector$$$Lambda$2106
instanceKlass com/fasterxml/jackson/module/scala/introspect/ScalaAnnotationIntrospector$$$Lambda$2105
instanceKlass com/fasterxml/jackson/module/scala/introspect/ScalaAnnotationIntrospector$$$Lambda$2104
instanceKlass com/fasterxml/jackson/module/scala/introspect/ScalaAnnotationIntrospector$$$Lambda$2103
instanceKlass com/fasterxml/jackson/module/scala/introspect/ScalaAnnotationIntrospector$$$Lambda$2102
instanceKlass com/fasterxml/jackson/module/scala/introspect/ScalaAnnotationIntrospector$$$Lambda$2101
instanceKlass com/fasterxml/jackson/module/scala/introspect/ScalaAnnotationIntrospector$$$Lambda$2100
instanceKlass com/fasterxml/jackson/module/scala/introspect/ScalaAnnotationIntrospector$$$Lambda$2099
instanceKlass com/fasterxml/jackson/module/scala/introspect/ScalaAnnotationIntrospector$$$Lambda$2098
instanceKlass com/fasterxml/jackson/module/scala/introspect/ScalaAnnotationIntrospector$$$Lambda$2097
instanceKlass com/fasterxml/jackson/annotation/JsonCreator
instanceKlass com/fasterxml/jackson/databind/introspect/MethodGenericTypeResolver
instanceKlass com/fasterxml/jackson/annotation/JsonSetter
instanceKlass com/fasterxml/jackson/module/scala/introspect/ScalaAnnotationIntrospector$$$Lambda$2096
instanceKlass com/fasterxml/jackson/module/scala/introspect/ScalaAnnotationIntrospector$$$Lambda$2095
instanceKlass com/fasterxml/jackson/module/scala/introspect/ScalaAnnotationIntrospector$$$Lambda$2094
instanceKlass com/fasterxml/jackson/module/scala/introspect/ScalaAnnotationIntrospector$$$Lambda$2093
instanceKlass com/fasterxml/jackson/module/scala/introspect/ScalaAnnotationIntrospector$$$Lambda$2092
instanceKlass com/fasterxml/jackson/module/scala/introspect/ScalaAnnotationIntrospector$$$Lambda$2091
instanceKlass com/fasterxml/jackson/databind/introspect/AnnotatedMethodMap
instanceKlass com/fasterxml/jackson/databind/introspect/AnnotatedMethodCollector$MethodBuilder
instanceKlass com/fasterxml/jackson/databind/introspect/MemberKey
instanceKlass com/fasterxml/jackson/databind/introspect/POJOPropertyBuilder$Linked
instanceKlass com/fasterxml/jackson/databind/AnnotationIntrospector$ReferenceProperty
instanceKlass com/fasterxml/jackson/databind/introspect/POJOPropertyBuilder$WithMember
instanceKlass com/fasterxml/jackson/annotation/JsonAutoDetect$1
instanceKlass com/fasterxml/jackson/annotation/JsonGetter
instanceKlass com/fasterxml/jackson/module/scala/introspect/ScalaAnnotationIntrospector$$$Lambda$2090
instanceKlass com/fasterxml/jackson/module/scala/introspect/ScalaAnnotationIntrospector$$$Lambda$2089
instanceKlass com/fasterxml/jackson/module/scala/introspect/ScalaAnnotationIntrospector$$$Lambda$2088
instanceKlass com/fasterxml/jackson/module/scala/introspect/ScalaAnnotationIntrospector$$$Lambda$2087
instanceKlass com/fasterxml/jackson/module/scala/introspect/BeanDescriptor
instanceKlass com/fasterxml/jackson/module/scala/introspect/BeanIntrospector$$$Lambda$2086
instanceKlass com/fasterxml/jackson/module/scala/introspect/BeanIntrospector$$$Lambda$2085
instanceKlass com/fasterxml/jackson/module/scala/introspect/BeanIntrospector$$$Lambda$2084
instanceKlass com/fasterxml/jackson/module/scala/introspect/BeanIntrospector$$$Lambda$2083
instanceKlass com/fasterxml/jackson/module/scala/introspect/BeanIntrospector$$$Lambda$2082
instanceKlass com/fasterxml/jackson/module/scala/introspect/BeanIntrospector$$$Lambda$2081
instanceKlass com/fasterxml/jackson/module/scala/introspect/BeanIntrospector$$$Lambda$2080
instanceKlass com/fasterxml/jackson/module/scala/introspect/BeanIntrospector$$$Lambda$2079
instanceKlass com/fasterxml/jackson/module/scala/introspect/BeanIntrospector$$$Lambda$2078
instanceKlass com/fasterxml/jackson/module/scala/introspect/BeanIntrospector$$$Lambda$2077
instanceKlass com/fasterxml/jackson/module/scala/introspect/BeanIntrospector$$$Lambda$2076
instanceKlass com/fasterxml/jackson/module/scala/introspect/BeanIntrospector$$$Lambda$2075
instanceKlass com/fasterxml/jackson/module/scala/introspect/BeanIntrospector$$$Lambda$2074
instanceKlass com/fasterxml/jackson/annotation/JsonProperty
instanceKlass com/fasterxml/jackson/module/scala/introspect/BeanIntrospector$$$Lambda$2073
instanceKlass com/fasterxml/jackson/module/scala/introspect/BeanIntrospector$$$Lambda$2072
instanceKlass com/fasterxml/jackson/module/scala/introspect/BeanIntrospector$$$Lambda$2071
instanceKlass com/fasterxml/jackson/module/scala/introspect/BeanIntrospector$$$Lambda$2070
instanceKlass com/fasterxml/jackson/module/scala/introspect/BeanIntrospector$$$Lambda$2069
instanceKlass com/fasterxml/jackson/module/scala/introspect/BeanIntrospector$$$Lambda$2068
instanceKlass com/fasterxml/jackson/module/scala/introspect/BeanIntrospector$$$Lambda$2067
instanceKlass com/fasterxml/jackson/module/scala/introspect/BeanIntrospector$$$Lambda$2066
instanceKlass com/fasterxml/jackson/module/scala/introspect/BeanIntrospector$$$Lambda$2065
instanceKlass com/fasterxml/jackson/module/scala/introspect/BeanIntrospector$$$Lambda$2064
instanceKlass com/fasterxml/jackson/module/scala/introspect/BeanIntrospector$$$Lambda$2063
instanceKlass com/fasterxml/jackson/module/scala/introspect/BeanIntrospector$$anonfun$$nestedInanonfun$apply$3$1$$Lambda$2062
instanceKlass com/fasterxml/jackson/module/scala/introspect/PropertyDescriptor$$Lambda$2061
instanceKlass com/fasterxml/jackson/module/scala/introspect/BeanIntrospector$$$Lambda$2060
instanceKlass com/fasterxml/jackson/module/scala/introspect/BeanIntrospector$$$Lambda$2059
instanceKlass scala/collection/TraversableOnce$$Lambda$2058
instanceKlass com/fasterxml/jackson/module/scala/introspect/BeanIntrospector$$$Lambda$2057
instanceKlass com/fasterxml/jackson/module/scala/introspect/ConstructorParameter
instanceKlass scala/collection/GenSeqLike$$Lambda$2056
instanceKlass com/fasterxml/jackson/module/scala/introspect/BeanIntrospector$$$Lambda$2055
instanceKlass com/fasterxml/jackson/module/scala/introspect/JavaParameterIntrospector$$$Lambda$2054
instanceKlass com/thoughtworks/paranamer/BytecodeReadingParanamer$MethodCollector
instanceKlass com/thoughtworks/paranamer/BytecodeReadingParanamer$Type
instanceKlass com/thoughtworks/paranamer/BytecodeReadingParanamer$TypeCollector
instanceKlass com/thoughtworks/paranamer/BytecodeReadingParanamer$ClassReader
instanceKlass com/fasterxml/jackson/module/scala/introspect/JavaParameterIntrospector$$$Lambda$2053
instanceKlass com/thoughtworks/paranamer/BytecodeReadingParanamer
instanceKlass com/thoughtworks/paranamer/CachingParanamer
instanceKlass com/thoughtworks/paranamer/Paranamer
instanceKlass com/fasterxml/jackson/module/scala/introspect/JavaParameterIntrospector$
instanceKlass com/fasterxml/jackson/module/scala/introspect/BeanIntrospector$$$Lambda$2052
instanceKlass com/fasterxml/jackson/module/scala/introspect/BeanIntrospector$$$Lambda$2051
instanceKlass com/fasterxml/jackson/module/scala/introspect/BeanIntrospector$$$Lambda$2050
instanceKlass com/fasterxml/jackson/module/scala/introspect/PropertyDescriptor
instanceKlass com/fasterxml/jackson/module/scala/introspect/BeanIntrospector$$$Lambda$2049
instanceKlass com/fasterxml/jackson/module/scala/introspect/BeanIntrospector$$$Lambda$2048
instanceKlass scala/collection/immutable/Stream$$Lambda$2047
instanceKlass com/fasterxml/jackson/module/scala/introspect/BeanIntrospector$$$Lambda$2046
instanceKlass scala/collection/immutable/Stream$$Lambda$2045
instanceKlass com/fasterxml/jackson/module/scala/introspect/BeanIntrospector$$$Lambda$2044
instanceKlass scala/collection/immutable/Stream$$Lambda$2043
instanceKlass scala/collection/immutable/Stream$ConsWrapper
instanceKlass com/fasterxml/jackson/module/scala/introspect/BeanIntrospector$$$Lambda$2042
instanceKlass com/fasterxml/jackson/module/scala/introspect/LazyListSupport$
instanceKlass scala/collection/TraversableLike$WithFilter$$Lambda$2041
instanceKlass com/fasterxml/jackson/module/scala/introspect/BeanIntrospector$$$Lambda$2040
instanceKlass com/fasterxml/jackson/module/scala/introspect/BeanIntrospector$$$Lambda$2039
instanceKlass java/lang/invoke/LambdaForm$DMH
instanceKlass com/fasterxml/jackson/module/scala/introspect/BeanIntrospector$$$Lambda$2038
instanceKlass com/fasterxml/jackson/module/scala/introspect/BeanIntrospector$$$Lambda$2037
instanceKlass com/fasterxml/jackson/module/scala/introspect/BeanIntrospector$$$Lambda$2036
instanceKlass com/fasterxml/jackson/module/scala/introspect/BeanIntrospector$$$Lambda$2035
instanceKlass com/fasterxml/jackson/module/scala/introspect/BeanIntrospector$$$Lambda$2034
instanceKlass com/fasterxml/jackson/module/scala/introspect/BeanIntrospector$$$Lambda$2033
instanceKlass com/fasterxml/jackson/module/scala/introspect/BeanIntrospector$$$Lambda$2032
instanceKlass com/fasterxml/jackson/module/scala/introspect/BeanIntrospector$
instanceKlass com/fasterxml/jackson/module/scala/introspect/ScalaAnnotationIntrospector$$$Lambda$2031
instanceKlass com/fasterxml/jackson/module/scala/util/TastyUtil$
instanceKlass com/fasterxml/jackson/module/scala/util/ClassW$$Lambda$2030
instanceKlass com/fasterxml/jackson/module/scala/util/ClassW$$anon$1
instanceKlass com/fasterxml/jackson/module/scala/util/ClassW
instanceKlass com/fasterxml/jackson/module/scala/util/PimpedType
instanceKlass com/fasterxml/jackson/module/scala/util/ClassW$
instanceKlass com/fasterxml/jackson/module/scala/introspect/ScalaAnnotationIntrospector$$$Lambda$2029
instanceKlass com/fasterxml/jackson/module/scala/util/Implicits$
instanceKlass com/fasterxml/jackson/module/scala/util/Strings
instanceKlass com/fasterxml/jackson/module/scala/util/Options
instanceKlass com/fasterxml/jackson/module/scala/util/Classes
instanceKlass com/fasterxml/jackson/module/scala/introspect/JavaAnnotationIntrospector$$$Lambda$2028
instanceKlass com/fasterxml/jackson/module/scala/introspect/JavaAnnotationIntrospector$$$Lambda$2027
instanceKlass com/fasterxml/jackson/annotation/JsonAnySetter
instanceKlass com/fasterxml/jackson/annotation/JsonAnyGetter
instanceKlass com/fasterxml/jackson/annotation/JsonValue
instanceKlass com/fasterxml/jackson/annotation/JsonKey
instanceKlass com/fasterxml/jackson/databind/introspect/AnnotatedFieldCollector$FieldBuilder
instanceKlass com/fasterxml/jackson/databind/introspect/TypeResolutionContext$Basic
instanceKlass com/fasterxml/jackson/databind/introspect/CollectorBase
instanceKlass com/fasterxml/jackson/databind/util/ArrayIterator
instanceKlass com/fasterxml/jackson/annotation/JsonIdentityInfo
instanceKlass com/fasterxml/jackson/annotation/JsonAutoDetect
instanceKlass com/fasterxml/jackson/databind/introspect/POJOPropertiesCollector
instanceKlass com/fasterxml/jackson/databind/introspect/AnnotationMap
instanceKlass com/fasterxml/jackson/annotation/JacksonAnnotationsInside
instanceKlass com/fasterxml/jackson/annotation/JsonPropertyOrder
instanceKlass com/fasterxml/jackson/annotation/JsonInclude
instanceKlass com/fasterxml/jackson/databind/util/internal/PrivateMaxEntriesMap$AddTask
instanceKlass com/fasterxml/jackson/databind/util/internal/PrivateMaxEntriesMap$WeightedValue
instanceKlass com/fasterxml/jackson/databind/type/ClassStack
instanceKlass com/fasterxml/jackson/databind/util/internal/PrivateMaxEntriesMap$EntryIterator
instanceKlass com/fasterxml/jackson/databind/ser/impl/ReadOnlyClassToSerializerMap$$Lambda$2026
instanceKlass java/lang/invoke/LambdaForm$DMH
instanceKlass com/fasterxml/jackson/databind/util/TypeKey
instanceKlass com/fasterxml/jackson/databind/ser/impl/ReadOnlyClassToSerializerMap$Bucket
instanceKlass com/fasterxml/jackson/databind/ser/impl/ReadOnlyClassToSerializerMap
instanceKlass com/fasterxml/jackson/core/util/JacksonFeatureSet
instanceKlass com/fasterxml/jackson/core/JsonStreamContext
instanceKlass com/fasterxml/jackson/core/io/IOContext
instanceKlass com/fasterxml/jackson/core/io/ContentReference
instanceKlass com/fasterxml/jackson/core/util/TextBuffer
instanceKlass com/fasterxml/jackson/core/util/BufferRecycler
instanceKlass com/fasterxml/jackson/core/util/BufferRecyclers
instanceKlass org/apache/spark/rdd/RDDOperationScope$$$Lambda$2025
instanceKlass org/apache/spark/rdd/RDDOperationScope
instanceKlass org/apache/spark/sql/execution/SparkPlan$$Lambda$2024
instanceKlass scala/collection/mutable/SortedMap
instanceKlass scala/collection/immutable/TreeMap
instanceKlass scala/collection/immutable/SortedMap
instanceKlass scala/collection/generic/SortedMapFactory
instanceKlass scala/collection/SortedMap
instanceKlass scala/collection/SortedMapLike
instanceKlass com/fasterxml/jackson/module/scala/deser/GenericMapFactoryDeserializerResolver$$Lambda$2023
instanceKlass com/fasterxml/jackson/module/scala/deser/GenericMapFactoryDeserializerResolver$$Lambda$2022
instanceKlass com/fasterxml/jackson/module/scala/deser/GenericMapFactoryDeserializerResolver$$Lambda$2021
instanceKlass com/fasterxml/jackson/module/scala/deser/GenericMapFactoryDeserializerResolver$$Lambda$2020
instanceKlass com/fasterxml/jackson/module/scala/deser/GenericMapFactoryDeserializerResolver$$Lambda$2019
instanceKlass com/fasterxml/jackson/module/scala/deser/GenericFactoryDeserializerResolver$$Lambda$2018
instanceKlass com/fasterxml/jackson/module/scala/deser/GenericFactoryDeserializerResolver$$Lambda$2017
instanceKlass java/lang/invoke/LambdaForm$DMH
instanceKlass com/fasterxml/jackson/module/scala/deser/GenericFactoryDeserializerResolver$$Lambda$2016
instanceKlass java/lang/invoke/LambdaForm$DMH
instanceKlass com/fasterxml/jackson/module/scala/deser/GenericFactoryDeserializerResolver$$Lambda$2015
instanceKlass com/fasterxml/jackson/module/scala/deser/GenericFactoryDeserializerResolver$$Lambda$2014
instanceKlass scala/collection/mutable/LinearSeq
instanceKlass scala/collection/generic/GenericClassTagTraversableTemplate
instanceKlass com/fasterxml/jackson/databind/deser/ValueInstantiator
instanceKlass com/fasterxml/jackson/databind/deser/ContextualKeyDeserializer
instanceKlass com/fasterxml/jackson/module/scala/deser/EnumerationKeyDeserializers$
instanceKlass com/fasterxml/jackson/module/scala/deser/ContextualEnumerationDeserializer
instanceKlass com/fasterxml/jackson/module/scala/JacksonModule$$Lambda$2013
instanceKlass com/fasterxml/jackson/module/scala/VersionExtractor$
instanceKlass com/fasterxml/jackson/databind/cfg/PackageVersion
instanceKlass com/fasterxml/jackson/core/util/VersionUtil
instanceKlass com/fasterxml/jackson/module/scala/JacksonModule$
instanceKlass com/fasterxml/jackson/module/scala/deser/SymbolDeserializerModule$$Lambda$2012
instanceKlass com/fasterxml/jackson/module/scala/ser/SymbolSerializerModule$$Lambda$2011
instanceKlass com/fasterxml/jackson/module/scala/ser/EitherSerializerModule$$Lambda$2010
instanceKlass com/fasterxml/jackson/module/scala/deser/UntypedObjectDeserializerModule$$Lambda$2009
instanceKlass com/fasterxml/jackson/module/scala/DefaultLookupCacheFactory$
instanceKlass com/fasterxml/jackson/module/scala/introspect/ScalaAnnotationIntrospectorModule$$Lambda$2008
instanceKlass com/fasterxml/jackson/module/scala/introspect/ScalaAnnotationIntrospectorModule$$Lambda$2007
instanceKlass com/fasterxml/jackson/module/scala/introspect/ScalaAnnotationIntrospectorModule$$Lambda$2006
instanceKlass com/fasterxml/jackson/module/scala/deser/SortedSetDeserializerModule$$Lambda$2005
instanceKlass com/fasterxml/jackson/module/scala/deser/UnsortedSetDeserializerModule$$Lambda$2004
instanceKlass com/fasterxml/jackson/module/scala/deser/SortedMapDeserializerModule$$Lambda$2003
instanceKlass com/fasterxml/jackson/module/scala/deser/UnsortedMapDeserializerModule$$Lambda$2002
instanceKlass com/fasterxml/jackson/databind/util/Converter
instanceKlass com/fasterxml/jackson/module/scala/ser/TupleSerializerModule$$Lambda$2001
instanceKlass com/fasterxml/jackson/module/scala/deser/SeqDeserializerModule$$Lambda$2000
instanceKlass com/fasterxml/jackson/module/scala/ser/IterableSerializer
instanceKlass com/fasterxml/jackson/module/scala/JacksonModule$$Lambda$1999
instanceKlass com/fasterxml/jackson/databind/deser/Deserializers$Base
instanceKlass com/fasterxml/jackson/module/scala/ser/OptionSerializerModule$$Lambda$1998
instanceKlass com/fasterxml/jackson/module/scala/deser/EnumerationDeserializerModule$$Lambda$1997
instanceKlass com/fasterxml/jackson/module/scala/ser/ContextualEnumerationSerializer
instanceKlass com/fasterxml/jackson/module/scala/JacksonModule$$Lambda$1996
instanceKlass com/fasterxml/jackson/module/scala/ser/IteratorSerializer
instanceKlass com/fasterxml/jackson/module/scala/JacksonModule$$Lambda$1995
instanceKlass com/fasterxml/jackson/module/scala/LookupCacheFactory
instanceKlass com/fasterxml/jackson/databind/type/TypeModifier
instanceKlass org/apache/spark/rdd/RDDOperationScope$
instanceKlass org/apache/spark/sql/execution/SparkPlan$$Lambda$1994
instanceKlass org/apache/spark/sql/execution/adaptive/QueryStageExec$$Lambda$1993
instanceKlass org/apache/spark/sql/execution/adaptive/AdaptiveSparkPlanExec$$Lambda$1992
instanceKlass scala/math/Ordering$$anon$4
instanceKlass org/apache/spark/sql/execution/ui/SQLAppStatusListener$$Lambda$1991
instanceKlass org/apache/spark/sql/execution/ui/SQLAppStatusListener$$Lambda$1990
instanceKlass org/apache/spark/sql/execution/adaptive/AdaptiveSparkPlanExec$$Lambda$1989
instanceKlass org/apache/spark/sql/execution/adaptive/QueryStageExec$$Lambda$1988
instanceKlass org/apache/spark/sql/execution/adaptive/QueryStageExec$$Lambda$1987
instanceKlass org/apache/spark/sql/execution/ExplainUtils$$$Lambda$1986
instanceKlass org/apache/spark/sql/execution/ui/SparkListenerSQLAdaptiveExecutionUpdate
instanceKlass org/apache/spark/sql/execution/adaptive/AdaptiveSparkPlanExec$$Lambda$1985
instanceKlass org/apache/spark/sql/execution/adaptive/AdaptiveSparkPlanExec$$Lambda$1984
instanceKlass org/apache/spark/sql/execution/adaptive/AdaptiveSparkPlanExec$$Lambda$1983
instanceKlass org/apache/spark/sql/execution/adaptive/AdaptiveSparkPlanExec$$Lambda$1982
instanceKlass org/apache/spark/sql/execution/adaptive/AdaptiveSparkPlanExec$$Lambda$1981
instanceKlass org/apache/spark/sql/execution/adaptive/AdaptiveSparkPlanExec$$Lambda$1980
instanceKlass org/apache/spark/sql/execution/adaptive/AdaptiveSparkPlanExec$$Lambda$1979
instanceKlass org/apache/spark/sql/execution/adaptive/AdaptiveSparkPlanExec$$Lambda$1978
instanceKlass org/apache/spark/sql/execution/adaptive/OptimizeShuffleWithLocalRead$BroadcastJoinWithShuffleRight$
instanceKlass org/apache/spark/sql/execution/adaptive/OptimizeShuffleWithLocalRead$BroadcastJoinWithShuffleLeft$
instanceKlass org/apache/spark/sql/execution/adaptive/CoalesceShufflePartitions$$Lambda$1977
instanceKlass java/lang/invoke/LambdaForm$MH
instanceKlass java/lang/invoke/LambdaForm$DMH
instanceKlass java/lang/invoke/LambdaForm$DMH
instanceKlass org/apache/spark/sql/execution/adaptive/CoalesceShufflePartitions$$Lambda$1976
instanceKlass scala/runtime/java8/JFunction1$mcIJ$sp
instanceKlass java/lang/invoke/LambdaForm$DMH
instanceKlass org/apache/spark/sql/execution/adaptive/CoalesceShufflePartitions$$Lambda$1975
instanceKlass org/apache/spark/sql/execution/adaptive/CoalesceShufflePartitions$$Lambda$1974
instanceKlass org/apache/spark/sql/execution/adaptive/CoalesceShufflePartitions$$Lambda$1973
instanceKlass org/apache/spark/sql/execution/ui/SQLAppStatusListener$$Lambda$1972
instanceKlass org/apache/spark/sql/execution/adaptive/ReuseAdaptiveSubquery$$Lambda$1971
instanceKlass org/apache/spark/sql/execution/ui/SQLAppStatusListener$$Lambda$1970
instanceKlass org/apache/spark/sql/execution/adaptive/PlanAdaptiveDynamicPruningFilters$$Lambda$1969
instanceKlass org/apache/spark/sql/execution/ui/SQLAppStatusListener$$Lambda$1968
instanceKlass org/apache/spark/sql/execution/adaptive/AdaptiveSparkPlanExec$$Lambda$1967
instanceKlass org/apache/spark/sql/execution/ui/SparkPlanGraphNodeWrapper
instanceKlass org/apache/spark/sql/execution/ui/SparkPlanGraphWrapper
instanceKlass org/apache/spark/sql/execution/SparkPlan$$Lambda$1966
instanceKlass org/apache/spark/sql/execution/aggregate/HashAggregateExec$$Lambda$1964
instanceKlass org/apache/spark/sql/execution/ui/SQLAppStatusListener$$Lambda$1965
instanceKlass org/apache/spark/sql/execution/ui/SQLAppStatusListener$$Lambda$1963
instanceKlass org/apache/spark/sql/execution/ui/SparkPlanGraph$$Lambda$1962
instanceKlass org/apache/spark/sql/execution/ui/SparkPlanGraph
instanceKlass org/apache/spark/sql/execution/ui/SparkPlanGraphEdge
instanceKlass org/apache/spark/sql/execution/columnar/InMemoryRelation$$Lambda$1961
instanceKlass org/apache/spark/sql/execution/columnar/InMemoryTableScanExec$$Lambda$1960
instanceKlass org/apache/spark/sql/execution/ui/SparkPlanGraph$$$Lambda$1959
instanceKlass org/apache/spark/sql/execution/columnar/InMemoryTableScanExec$$Lambda$1958
instanceKlass org/apache/spark/sql/execution/adaptive/AdaptiveSparkPlanExec$$Lambda$1957
instanceKlass org/apache/spark/sql/execution/adaptive/AdaptiveSparkPlanExec$CreateStageResult
instanceKlass org/apache/spark/sql/execution/ui/SparkPlanGraphNode
instanceKlass org/apache/spark/sql/execution/adaptive/AdaptiveSparkPlanExec$$Lambda$1956
instanceKlass org/apache/spark/sql/execution/ui/SparkPlanGraph$$$Lambda$1955
instanceKlass org/apache/spark/sql/execution/adaptive/AdaptiveSparkPlanExec$$Lambda$1954
instanceKlass org/apache/spark/sql/execution/ui/SQLPlanMetric
instanceKlass org/apache/spark/sql/execution/adaptive/AdaptiveSparkPlanExec$$Lambda$1953
instanceKlass org/apache/spark/sql/execution/SparkPlan$$Lambda$1952
instanceKlass org/apache/spark/sql/execution/SparkPlan$$Lambda$1951
instanceKlass org/apache/spark/sql/execution/ui/SparkPlanGraph$
instanceKlass org/apache/spark/sql/execution/adaptive/AdaptiveSparkPlanExec$$Lambda$1950
instanceKlass org/apache/spark/scheduler/SparkListenerMiscellaneousProcessAdded
instanceKlass org/apache/spark/sql/Dataset$$Lambda$1949
instanceKlass org/apache/spark/scheduler/SparkListenerLogStart
instanceKlass scala/collection/mutable/SetBuilder
instanceKlass org/apache/spark/SparkContext$$Lambda$1948
instanceKlass org/apache/spark/SparkContext$$Lambda$1947
instanceKlass org/apache/spark/SparkContext$$Lambda$1946
instanceKlass scala/collection/immutable/HashMap$$Lambda$1945
instanceKlass org/apache/spark/sql/execution/metric/SQLShuffleWriteMetricsReporter$
instanceKlass org/apache/spark/sql/execution/metric/SQLShuffleReadMetricsReporter$
instanceKlass org/apache/spark/sql/execution/SparkPlanInfo$$$Lambda$1944
instanceKlass org/apache/spark/util/AccumulatorV2$$Lambda$1943
instanceKlass org/apache/spark/sql/execution/metric/SQLMetric$
instanceKlass org/apache/spark/sql/execution/metric/SQLMetrics$
instanceKlass org/apache/spark/sql/execution/SparkPlanInfo$$$Lambda$1942
instanceKlass org/apache/spark/sql/execution/SparkPlanInfo
instanceKlass org/apache/spark/sql/execution/SparkPlanInfo$$$Lambda$1941
instanceKlass org/apache/spark/sql/execution/metric/SQLMetricInfo
instanceKlass org/apache/spark/sql/execution/SparkPlanInfo$
instanceKlass org/apache/spark/sql/execution/ExplainUtils$$$Lambda$1940
instanceKlass org/apache/spark/sql/execution/ExplainUtils$$$Lambda$1939
instanceKlass org/apache/spark/sql/execution/ExplainUtils$$$Lambda$1938
instanceKlass org/apache/spark/sql/execution/ExplainUtils$$$Lambda$1937
instanceKlass scala/collection/Iterator$ConcatIteratorCell
instanceKlass scala/collection/Iterator$ConcatIterator
instanceKlass org/apache/spark/sql/execution/exchange/Exchange$$Lambda$1936
instanceKlass org/apache/spark/storage/StorageLevel$$Lambda$1935
instanceKlass org/apache/spark/sql/catalyst/catalog/CatalogTable
instanceKlass org/apache/spark/sql/catalyst/plans/logical/TableSpec
instanceKlass org/apache/spark/sql/util/CaseInsensitiveStringMap
instanceKlass org/apache/spark/sql/catalyst/plans/QueryPlan$$Lambda$1934
instanceKlass org/apache/spark/sql/catalyst/plans/QueryPlan$$Lambda$1933
instanceKlass org/apache/spark/sql/catalyst/plans/QueryPlan$$Lambda$1932
instanceKlass org/apache/spark/sql/catalyst/plans/QueryPlan$$Lambda$1931
instanceKlass org/apache/spark/sql/execution/ExplainUtils$$$Lambda$1930
instanceKlass org/apache/spark/sql/execution/ExplainUtils$$$Lambda$1929
instanceKlass org/apache/spark/sql/execution/ExplainUtils$$$Lambda$1928
instanceKlass org/apache/spark/sql/execution/ExplainUtils$$$Lambda$1927
instanceKlass java/lang/invoke/LambdaForm$MH
instanceKlass java/lang/invoke/LambdaForm$DMH
instanceKlass java/lang/invoke/LambdaForm$DMH
instanceKlass org/apache/spark/sql/catalyst/trees/TreeNode$$Lambda$1926
instanceKlass java/lang/invoke/LambdaForm$DMH
instanceKlass java/lang/invoke/LambdaForm$MH
instanceKlass java/lang/invoke/LambdaForm$DMH
instanceKlass java/lang/invoke/LambdaForm$DMH
instanceKlass org/apache/spark/sql/catalyst/trees/TreeNode$$Lambda$1925
instanceKlass java/lang/invoke/LambdaForm$DMH
instanceKlass org/apache/spark/sql/catalyst/trees/TreeNode$$Lambda$1924
instanceKlass org/apache/spark/sql/catalyst/plans/QueryPlan$$Lambda$1923
instanceKlass org/apache/spark/sql/catalyst/plans/QueryPlan$$Lambda$1922
instanceKlass org/apache/spark/sql/execution/ExplainUtils$$$Lambda$1921
instanceKlass org/apache/spark/sql/execution/ExplainUtils$$$Lambda$1920
instanceKlass org/apache/spark/sql/execution/ExplainUtils$$$Lambda$1919
instanceKlass scala/collection/mutable/BitSet$
instanceKlass org/apache/spark/sql/execution/ExplainUtils$$$Lambda$1918
instanceKlass org/apache/spark/sql/execution/ExplainUtils$$$Lambda$1917
instanceKlass org/apache/spark/sql/execution/ExplainUtils$$$Lambda$1916
instanceKlass org/apache/spark/sql/execution/ExplainUtils$$$Lambda$1915
instanceKlass org/apache/spark/sql/execution/ExplainUtils$$$Lambda$1914
instanceKlass org/apache/spark/sql/execution/ExplainUtils$$$Lambda$1913
instanceKlass org/apache/spark/sql/execution/ExplainUtils$$$Lambda$1912
instanceKlass java/lang/invoke/LambdaForm$DMH
instanceKlass org/apache/spark/sql/execution/ExplainUtils$$$Lambda$1911
instanceKlass org/apache/spark/sql/execution/CollapseCodegenStages$$Lambda$1910
instanceKlass org/apache/spark/sql/execution/aggregate/BaseAggregateExec$$Lambda$1909
instanceKlass org/apache/spark/sql/execution/exchange/ValidateRequirements$$$Lambda$1908
instanceKlass org/apache/spark/sql/execution/exchange/ValidateRequirements$$$Lambda$1907
instanceKlass org/apache/spark/sql/execution/exchange/ValidateRequirements$
instanceKlass org/apache/spark/sql/execution/bucketing/DisableUnnecessaryBucketedScan$$$Lambda$1906
instanceKlass org/apache/spark/sql/execution/adaptive/ValidateSparkPlan$$$Lambda$1905
instanceKlass org/apache/spark/sql/execution/PartitioningPreservingUnaryExecNode$$Lambda$1904
instanceKlass org/apache/spark/sql/catalyst/expressions/Alias$$Lambda$1903
instanceKlass org/apache/spark/sql/types/MetadataBuilder
instanceKlass org/apache/spark/sql/catalyst/plans/AliasAwareOutputExpression$$Lambda$1902
instanceKlass org/apache/spark/shuffle/ShuffleWriteProcessor
instanceKlass org/apache/spark/Partitioner
instanceKlass org/apache/spark/sql/execution/UnsafeExternalRowSorter$PrefixComputer
instanceKlass org/apache/spark/sql/execution/exchange/ShuffleExchangeExec$
instanceKlass org/apache/spark/sql/catalyst/plans/physical/SinglePartition$
instanceKlass org/apache/spark/sql/catalyst/plans/physical/AllTuples$$$Lambda$1901
instanceKlass org/apache/spark/sql/execution/exchange/EnsureRequirements$$Lambda$1900
instanceKlass org/apache/spark/sql/catalyst/plans/physical/BroadcastDistribution
instanceKlass org/apache/spark/sql/execution/PartitioningPreservingUnaryExecNode$$Lambda$1899
instanceKlass org/apache/spark/sql/execution/PartitioningPreservingUnaryExecNode$$Lambda$1898
instanceKlass org/apache/spark/sql/catalyst/plans/AliasAwareOutputExpression$$Lambda$1897
instanceKlass org/apache/spark/sql/catalyst/plans/AliasAwareOutputExpression$$Lambda$1896
instanceKlass org/apache/spark/sql/execution/columnar/InMemoryTableScanExec$$Lambda$1895
instanceKlass org/apache/spark/sql/catalyst/expressions/SortOrder$
instanceKlass org/apache/spark/sql/catalyst/plans/physical/ClusteredDistribution
instanceKlass org/apache/spark/sql/catalyst/plans/physical/Partitioning$$Lambda$1894
instanceKlass org/apache/spark/sql/catalyst/plans/physical/UnknownPartitioning
instanceKlass org/apache/spark/sql/execution/RemoveRedundantProjects$$$Lambda$1893
instanceKlass org/apache/spark/sql/execution/RemoveRedundantProjects$$$Lambda$1892
instanceKlass org/apache/spark/sql/execution/adaptive/AdaptiveSparkPlanExec$$$Lambda$1891
instanceKlass org/apache/spark/sql/execution/adaptive/AdaptiveSparkPlanExec$$Lambda$1890
instanceKlass org/apache/spark/sql/execution/exchange/REPARTITION_BY_COL$
instanceKlass org/apache/spark/sql/execution/exchange/REBALANCE_PARTITIONS_BY_COL$
instanceKlass org/apache/spark/sql/execution/exchange/REBALANCE_PARTITIONS_BY_NONE$
instanceKlass org/apache/spark/sql/execution/adaptive/AQEShuffleReadRule
instanceKlass org/apache/spark/sql/execution/adaptive/Cost
instanceKlass org/apache/spark/sql/execution/adaptive/SimpleCostEvaluator
instanceKlass org/apache/spark/sql/execution/ObjectProducerExec
instanceKlass org/apache/spark/sql/execution/adaptive/AQEUtils$
instanceKlass org/apache/spark/sql/execution/adaptive/AdaptiveSparkPlanExec$$Lambda$1889
instanceKlass org/apache/spark/sql/execution/adaptive/CostEvaluator
instanceKlass org/apache/spark/sql/execution/adaptive/InsertAdaptiveSparkPlan$$Lambda$1888
instanceKlass org/apache/spark/sql/execution/adaptive/PlanAdaptiveSubqueries$$Lambda$1887
instanceKlass org/apache/spark/sql/execution/adaptive/AdaptiveSparkPlanExec$$$Lambda$1886
instanceKlass org/apache/spark/sql/execution/adaptive/AdaptiveSparkPlanExec$
instanceKlass org/apache/spark/sql/execution/adaptive/InsertAdaptiveSparkPlan$$Lambda$1885
instanceKlass org/apache/spark/sql/execution/adaptive/InsertAdaptiveSparkPlan$$Lambda$1884
instanceKlass org/apache/spark/sql/execution/SparkPlan$$Lambda$1883
instanceKlass org/apache/spark/sql/catalyst/plans/physical/AllTuples$
instanceKlass org/apache/spark/sql/execution/SparkPlanner$$Lambda$1882
instanceKlass org/apache/spark/sql/execution/SparkPlanner$$Lambda$1881
instanceKlass org/apache/spark/sql/execution/columnar/DefaultCachedBatchSerializer$$Lambda$1880
instanceKlass org/apache/spark/sql/execution/WholeStageCodegenExec$$$Lambda$1879
instanceKlass org/apache/spark/sql/execution/WholeStageCodegenExec$
instanceKlass org/apache/spark/sql/catalyst/expressions/AttributeSet$$Lambda$1878
instanceKlass org/apache/spark/sql/catalyst/expressions/AttributeSet$$Lambda$1877
instanceKlass org/apache/spark/sql/catalyst/expressions/AttributeSet$$Lambda$1876
instanceKlass org/apache/spark/sql/execution/SparkPlanner$$Lambda$1875
instanceKlass org/apache/spark/sql/execution/SparkPlanner$$Lambda$1874
instanceKlass org/apache/spark/sql/execution/SparkPlanner$$Lambda$1873
instanceKlass org/apache/spark/sql/execution/SparkStrategies$InMemoryScans$$$Lambda$1872
instanceKlass org/apache/spark/sql/execution/SparkStrategies$InMemoryScans$$$Lambda$1871
instanceKlass org/apache/spark/sql/execution/aggregate/AggUtils$$$Lambda$1870
instanceKlass org/apache/spark/sql/execution/aggregate/AggUtils$$$Lambda$1869
instanceKlass org/apache/spark/sql/execution/aggregate/AggUtils$$$Lambda$1868
instanceKlass org/apache/spark/sql/execution/aggregate/HashAggregateExec$$Lambda$1867
instanceKlass org/apache/spark/sql/execution/aggregate/HashAggregateExec$$Lambda$1866
instanceKlass org/apache/spark/sql/execution/aggregate/HashAggregateExec$$Lambda$1865
instanceKlass org/apache/spark/sql/execution/aggregate/HashAggregateExec$$Lambda$1864
instanceKlass org/apache/spark/sql/internal/SQLConf$$Lambda$1863
instanceKlass org/apache/spark/sql/execution/aggregate/HashAggregateExec$$Lambda$1862
instanceKlass org/apache/spark/sql/execution/aggregate/AggregateCodegenSupport$$Lambda$1861
instanceKlass org/apache/spark/sql/execution/aggregate/BaseAggregateExec$$Lambda$1860
instanceKlass org/apache/spark/sql/execution/aggregate/BaseAggregateExec$$Lambda$1859
instanceKlass org/apache/spark/sql/execution/aggregate/BaseAggregateExec$$Lambda$1858
instanceKlass org/apache/spark/sql/execution/aggregate/AggUtils$$$Lambda$1857
instanceKlass org/apache/spark/unsafe/KVIterator
instanceKlass org/apache/spark/sql/catalyst/plans/logical/Aggregate$$$Lambda$1856
instanceKlass org/apache/spark/sql/execution/aggregate/AggUtils$$$Lambda$1855
instanceKlass org/apache/spark/sql/catalyst/plans/logical/Aggregate$
instanceKlass org/apache/spark/sql/catalyst/expressions/aggregate/DeclarativeAggregate$$Lambda$1854
instanceKlass org/apache/spark/sql/execution/aggregate/AggUtils$$$Lambda$1853
instanceKlass org/apache/spark/sql/execution/aggregate/AggUtils$$$Lambda$1852
instanceKlass org/apache/spark/sql/execution/aggregate/AggUtils$$$Lambda$1851
instanceKlass org/apache/spark/sql/execution/aggregate/AggUtils$$$Lambda$1850
instanceKlass org/apache/spark/sql/execution/streaming/WatermarkSupport
instanceKlass org/apache/spark/sql/execution/streaming/StateStoreWriter
instanceKlass org/apache/spark/sql/execution/python/PythonSQLMetrics
instanceKlass org/apache/spark/sql/execution/streaming/StateStoreReader
instanceKlass org/apache/spark/sql/execution/streaming/StatefulOperator
instanceKlass org/apache/spark/sql/execution/aggregate/AggregateCodegenSupport
instanceKlass org/apache/spark/sql/execution/aggregate/AggUtils$
instanceKlass org/apache/spark/sql/execution/SparkStrategies$Aggregation$$$Lambda$1849
instanceKlass org/apache/spark/sql/execution/SparkStrategies$Aggregation$$$Lambda$1848
instanceKlass org/apache/spark/sql/catalyst/expressions/ExpressionSet
instanceKlass org/apache/spark/sql/execution/SparkStrategies$Aggregation$$$Lambda$1847
instanceKlass org/apache/spark/sql/execution/SparkStrategies$Aggregation$$$Lambda$1846
instanceKlass org/apache/spark/sql/catalyst/planning/PhysicalAggregation$$$Lambda$1845
instanceKlass org/apache/spark/sql/catalyst/expressions/Expression$$Lambda$1844
instanceKlass org/apache/spark/sql/catalyst/expressions/Expression$$Lambda$1843
instanceKlass org/apache/spark/sql/catalyst/planning/PhysicalAggregation$$anonfun$$nestedInanonfun$unapply$19$1$$Lambda$1842
instanceKlass org/apache/spark/sql/catalyst/planning/PhysicalAggregation$$anonfun$$nestedInanonfun$unapply$19$1$$Lambda$1841
instanceKlass org/apache/spark/sql/catalyst/planning/PhysicalAggregation$$anonfun$$nestedInanonfun$unapply$19$1$$Lambda$1840
instanceKlass org/apache/spark/sql/catalyst/planning/PhysicalAggregation$$$Lambda$1839
instanceKlass org/apache/spark/sql/catalyst/planning/PhysicalAggregation$$$Lambda$1838
instanceKlass org/apache/spark/sql/catalyst/planning/PhysicalAggregation$$$Lambda$1837
instanceKlass org/apache/spark/sql/catalyst/optimizer/OptimizeOneRowPlan$$anonfun$apply$2$$Lambda$1836
instanceKlass org/apache/spark/sql/catalyst/plans/logical/Project$$Lambda$1835
instanceKlass org/apache/spark/sql/catalyst/plans/logical/Project$$Lambda$1834
instanceKlass org/apache/spark/sql/catalyst/optimizer/RewriteDistinctAggregates$$$Lambda$1833
instanceKlass org/apache/spark/sql/catalyst/optimizer/RewriteDistinctAggregates$$$Lambda$1832
instanceKlass org/apache/spark/sql/catalyst/optimizer/RewriteDistinctAggregates$$$Lambda$1831
instanceKlass org/apache/spark/sql/catalyst/planning/OperationHelper$$Lambda$1830
instanceKlass scala/collection/MapLike$MappedValues$$Lambda$1829
instanceKlass scala/collection/MapLike$MappedValues$$Lambda$1828
instanceKlass org/apache/spark/sql/catalyst/optimizer/CollapseProject$$$Lambda$1827
instanceKlass org/apache/spark/sql/catalyst/optimizer/CollapseProject$$$Lambda$1826
instanceKlass org/apache/spark/sql/catalyst/optimizer/CollapseProject$$$Lambda$1825
instanceKlass org/apache/spark/sql/catalyst/optimizer/CollapseProject$$$Lambda$1824
instanceKlass org/apache/spark/sql/catalyst/optimizer/CollapseProject$$$Lambda$1823
instanceKlass org/apache/spark/sql/catalyst/optimizer/NestedColumnAliasing$$$Lambda$1822
instanceKlass org/apache/spark/sql/catalyst/optimizer/NestedColumnAliasing$$$Lambda$1821
instanceKlass org/apache/spark/sql/catalyst/optimizer/NestedColumnAliasing$$$Lambda$1820
instanceKlass org/apache/spark/sql/catalyst/optimizer/NestedColumnAliasing$$$Lambda$1819
instanceKlass org/apache/spark/sql/catalyst/optimizer/NestedColumnAliasing$$$Lambda$1818
instanceKlass org/apache/spark/sql/catalyst/optimizer/NestedColumnAliasing$$$Lambda$1817
instanceKlass org/apache/spark/sql/catalyst/optimizer/NestedColumnAliasing$$$Lambda$1816
instanceKlass org/apache/spark/sql/catalyst/expressions/AttributeSet$$Lambda$1815
instanceKlass scala/collection/mutable/SetLike$$Lambda$1814
instanceKlass org/apache/spark/sql/catalyst/expressions/AttributeSet$$Lambda$1813
instanceKlass org/apache/spark/sql/catalyst/optimizer/RemoveRedundantAliases$$$Lambda$1812
instanceKlass org/apache/spark/sql/catalyst/optimizer/RemoveRedundantAliases$$$Lambda$1811
instanceKlass org/apache/spark/sql/catalyst/optimizer/RemoveRedundantAliases$$$Lambda$1810
instanceKlass org/apache/spark/sql/catalyst/plans/logical/Project$$Lambda$1809
instanceKlass org/apache/spark/sql/catalyst/optimizer/RemoveRedundantAliases$$$Lambda$1808
instanceKlass org/apache/spark/sql/catalyst/optimizer/RewriteCorrelatedScalarSubquery$$$Lambda$1807
instanceKlass org/apache/spark/sql/catalyst/optimizer/RewriteCorrelatedScalarSubquery$$anonfun$apply$5$$Lambda$1806
instanceKlass org/apache/spark/sql/catalyst/optimizer/RewriteCorrelatedScalarSubquery$$anonfun$apply$5$$Lambda$1805
instanceKlass org/apache/spark/sql/catalyst/optimizer/NullPropagation$$anonfun$apply$19$$anonfun$applyOrElse$61$$Lambda$1804
instanceKlass org/apache/spark/sql/catalyst/optimizer/NullPropagation$$anonfun$apply$19$$anonfun$applyOrElse$61$$Lambda$1803
instanceKlass org/apache/spark/sql/catalyst/optimizer/NullPropagation$$anonfun$apply$19$$Lambda$1802
instanceKlass org/apache/spark/sql/catalyst/optimizer/ColumnPruning$$$Lambda$1801
instanceKlass org/apache/spark/sql/catalyst/optimizer/EliminateDistinct$$anonfun$apply$6$$Lambda$1800
instanceKlass org/apache/spark/sql/catalyst/optimizer/PullOutGroupingExpressions$$anonfun$apply$2$$Lambda$1799
instanceKlass org/apache/spark/sql/execution/CacheManager$$anonfun$1$$Lambda$1798
instanceKlass org/apache/spark/sql/catalyst/plans/logical/HintInfo
instanceKlass org/apache/spark/sql/catalyst/trees/UnaryLike$$Lambda$1797
instanceKlass org/apache/spark/sql/catalyst/expressions/aggregate/AggregateExpression$$Lambda$1796
instanceKlass org/apache/spark/sql/catalyst/expressions/aggregate/Final$
instanceKlass org/apache/spark/sql/catalyst/expressions/aggregate/PartialMerge$
instanceKlass org/apache/spark/sql/catalyst/plans/QueryPlan$
instanceKlass org/apache/spark/sql/catalyst/expressions/ExprId$
instanceKlass org/apache/spark/sql/catalyst/plans/QueryPlan$$Lambda$1795
instanceKlass org/apache/spark/sql/catalyst/plans/QueryPlan$$Lambda$1794
instanceKlass org/apache/spark/sql/catalyst/plans/QueryPlan$$Lambda$1793
instanceKlass org/apache/spark/sql/execution/ExplainUtils$
instanceKlass org/apache/spark/sql/execution/QueryExecution$$Lambda$1792
instanceKlass org/apache/spark/sql/execution/ui/SparkListenerSQLExecutionStart
instanceKlass java/lang/invoke/LambdaForm$DMH
instanceKlass java/lang/invoke/LambdaForm$MH
instanceKlass java/lang/invoke/LambdaForm$DMH
instanceKlass org/apache/spark/sql/execution/SQLExecution$$$Lambda$1791
instanceKlass java/lang/invoke/LambdaForm$DMH
instanceKlass org/apache/spark/util/Utils$$$Lambda$1790
instanceKlass org/apache/spark/sql/internal/SQLConf$$Lambda$1789
instanceKlass org/apache/spark/sql/execution/SQLExecution$$$Lambda$1788
instanceKlass org/apache/spark/sql/execution/FormattedMode$
instanceKlass org/apache/spark/sql/execution/CostMode$
instanceKlass org/apache/spark/sql/execution/CodegenMode$
instanceKlass org/apache/spark/sql/execution/ExtendedMode$
instanceKlass org/apache/spark/sql/execution/SimpleMode$
instanceKlass org/apache/spark/sql/execution/ExplainMode$
instanceKlass org/apache/spark/sql/execution/SQLExecution$$$Lambda$1787
instanceKlass org/apache/spark/sql/execution/SQLExecution$$$Lambda$1786
instanceKlass org/apache/spark/sql/execution/SQLExecution$$$Lambda$1785
instanceKlass org/apache/spark/SparkContext$$Lambda$1784
instanceKlass org/apache/spark/SparkContext$$Lambda$1783
instanceKlass org/apache/spark/util/CallSite$
instanceKlass org/apache/spark/SparkContext$$Lambda$1782
instanceKlass org/apache/spark/sql/execution/SQLExecution$$$Lambda$1781
instanceKlass org/apache/spark/sql/Dataset$$Lambda$1780
instanceKlass org/apache/spark/sql/execution/SQLExecution$
instanceKlass org/apache/spark/sql/Dataset$$Lambda$1779
instanceKlass org/apache/spark/sql/catalyst/analysis/CheckAnalysis$$Lambda$1778
instanceKlass org/apache/spark/sql/catalyst/analysis/CheckAnalysis$$Lambda$1777
instanceKlass org/apache/spark/sql/catalyst/analysis/CheckAnalysis$$Lambda$1776
instanceKlass org/apache/spark/sql/catalyst/analysis/CheckAnalysis$$Lambda$1775
instanceKlass org/apache/spark/sql/catalyst/analysis/CheckAnalysis$$Lambda$1774
instanceKlass org/apache/spark/sql/catalyst/analysis/CheckAnalysis$$Lambda$1773
instanceKlass org/apache/spark/sql/catalyst/analysis/CheckAnalysis$$Lambda$1772
instanceKlass org/apache/spark/sql/catalyst/analysis/ResolveReferencesInAggregate$$$Lambda$1771
instanceKlass org/apache/spark/sql/catalyst/analysis/CleanupAliases$$anonfun$apply$64$$Lambda$1770
instanceKlass org/apache/spark/sql/catalyst/expressions/AliasHelper$$Lambda$1769
instanceKlass org/apache/spark/sql/catalyst/analysis/CleanupAliases$$anonfun$apply$64$$Lambda$1768
instanceKlass org/apache/spark/sql/catalyst/expressions/Alias$$Lambda$1767
instanceKlass org/apache/spark/sql/catalyst/plans/logical/Aggregate$$Lambda$1766
instanceKlass org/apache/spark/sql/catalyst/analysis/PullOutNondeterministic$$anonfun$1$$Lambda$1765
instanceKlass org/apache/spark/sql/catalyst/analysis/ResolveReferencesInAggregate$$$Lambda$1764
instanceKlass org/apache/spark/sql/catalyst/analysis/ResolveReferencesInAggregate$$$Lambda$1763
instanceKlass org/apache/spark/sql/catalyst/analysis/ResolveReferencesInAggregate$$$Lambda$1762
instanceKlass org/apache/spark/sql/catalyst/analysis/ResolveReferencesInAggregate$$$Lambda$1761
instanceKlass org/apache/spark/sql/catalyst/analysis/ResolveReferencesInAggregate$$$Lambda$1760
instanceKlass org/apache/spark/sql/catalyst/analysis/ResolveReferencesInAggregate$$$Lambda$1759
instanceKlass org/apache/spark/sql/catalyst/analysis/ResolveReferencesInAggregate$$$Lambda$1758
instanceKlass org/apache/spark/sql/catalyst/analysis/ResolveReferencesInAggregate$$$Lambda$1757
instanceKlass org/apache/spark/sql/catalyst/analysis/ResolveReferencesInAggregate$$$Lambda$1756
instanceKlass org/apache/spark/sql/catalyst/analysis/ColumnResolutionHelper$$Lambda$1755
instanceKlass org/apache/spark/sql/catalyst/analysis/ColumnResolutionHelper$$Lambda$1754
instanceKlass org/apache/spark/sql/catalyst/analysis/ResolveReferencesInAggregate$$$Lambda$1753
instanceKlass org/apache/spark/sql/catalyst/analysis/ResolveReferencesInAggregate$$$Lambda$1752
instanceKlass org/apache/spark/sql/catalyst/analysis/Analyzer$ResolveReferences$$$Lambda$1751
instanceKlass org/apache/spark/sql/catalyst/expressions/aggregate/AggregateExpression$$Lambda$1750
instanceKlass org/apache/spark/sql/catalyst/expressions/aggregate/AggregateExpression$$Lambda$1749
instanceKlass org/apache/spark/sql/catalyst/expressions/aggregate/Partial$
instanceKlass org/apache/spark/sql/catalyst/plans/logical/Aggregate$$Lambda$1748
instanceKlass org/apache/spark/sql/catalyst/plans/logical/Aggregate$$Lambda$1747
instanceKlass org/apache/spark/sql/catalyst/analysis/SubstituteUnresolvedOrdinals$$anonfun$apply$2$$Lambda$1746
instanceKlass org/apache/spark/sql/catalyst/expressions/LiteralTreeBits$
instanceKlass org/apache/spark/sql/Dataset$$$Lambda$1745
instanceKlass org/apache/spark/sql/RelationalGroupedDataset$$Lambda$1744
instanceKlass org/apache/spark/sql/catalyst/expressions/aggregate/Complete$
instanceKlass org/apache/spark/sql/catalyst/expressions/aggregate/AggregateExpression$
instanceKlass org/apache/spark/sql/catalyst/expressions/aggregate/Count$
instanceKlass org/apache/spark/sql/RelationalGroupedDataset
instanceKlass org/apache/spark/sql/RelationalGroupedDataset$GroupByType$
instanceKlass org/apache/spark/sql/Dataset$$Lambda$1743
instanceKlass org/apache/spark/sql/RelationalGroupedDataset$
instanceKlass org/apache/spark/sql/catalyst/plans/logical/Statistics$
instanceKlass org/apache/spark/sql/catalyst/plans/logical/statsEstimation/EstimationUtils$$$Lambda$1742
instanceKlass org/apache/spark/sql/catalyst/plans/logical/statsEstimation/EstimationUtils$$$Lambda$1741
instanceKlass org/apache/spark/sql/catalyst/plans/logical/ColumnStat
instanceKlass org/apache/spark/sql/catalyst/expressions/AttributeMap$$Lambda$1740
instanceKlass org/apache/spark/sql/catalyst/plans/logical/statsEstimation/EstimationUtils$$$Lambda$1739
instanceKlass org/apache/spark/sql/catalyst/plans/logical/statsEstimation/EstimationUtils$
instanceKlass org/apache/spark/sql/catalyst/plans/logical/statsEstimation/SizeInBytesOnlyStatsPlanVisitor$
instanceKlass org/apache/spark/sql/catalyst/plans/logical/LogicalPlanVisitor
instanceKlass org/apache/spark/sql/catalyst/plans/logical/statsEstimation/LogicalPlanStats$$Lambda$1738
instanceKlass org/apache/spark/sql/catalyst/plans/logical/Statistics
instanceKlass org/apache/spark/sql/execution/columnar/PartitionStatistics$$Lambda$1737
instanceKlass org/apache/spark/sql/execution/columnar/ColumnStatisticsSchema
instanceKlass org/apache/spark/sql/execution/columnar/PartitionStatistics$$Lambda$1736
instanceKlass org/apache/spark/sql/execution/columnar/PartitionStatistics
instanceKlass org/apache/commons/lang3/StringUtils
instanceKlass org/apache/spark/sql/catalyst/util/StringConcat$$Lambda$1735
instanceKlass org/apache/spark/sql/catalyst/util/SparkStringUtils$
instanceKlass org/apache/spark/sql/catalyst/plans/logical/EventTimeWatermark$
instanceKlass org/apache/spark/sql/catalyst/trees/TreeNode$$Lambda$1734
instanceKlass org/apache/spark/sql/catalyst/plans/QueryPlan$$Lambda$1733
instanceKlass org/apache/spark/sql/catalyst/plans/QueryPlan$$Lambda$1732
instanceKlass org/apache/spark/sql/catalyst/trees/TreeNode$$Lambda$1731
instanceKlass org/apache/spark/sql/catalyst/trees/TreeNode$$Lambda$1730
instanceKlass org/apache/spark/sql/catalyst/trees/TreeNode$$Lambda$1729
instanceKlass org/apache/spark/sql/catalyst/util/StringConcat
instanceKlass org/apache/spark/sql/execution/columnar/CachedRDDBuilder$$Lambda$1728
instanceKlass org/apache/spark/sql/execution/columnar/CachedRDDBuilder$$Lambda$1727
instanceKlass org/apache/spark/CleanAccum
instanceKlass org/apache/spark/util/AccumulatorV2$$Lambda$1726
instanceKlass org/apache/spark/util/AccumulatorContext$
instanceKlass org/apache/spark/util/AccumulatorMetadata
instanceKlass org/apache/spark/sql/execution/columnar/CachedRDDBuilder
instanceKlass org/apache/spark/sql/catalyst/QueryPlanningTracker$$Lambda$1725
instanceKlass org/apache/spark/sql/execution/reuse/ReuseExchangeAndSubquery$$$Lambda$1724
instanceKlass org/apache/spark/sql/execution/ApplyColumnarRulesAndInsertTransitions$$Lambda$1723
instanceKlass org/apache/spark/sql/execution/ApplyColumnarRulesAndInsertTransitions$$Lambda$1722
instanceKlass org/apache/spark/sql/execution/ApplyColumnarRulesAndInsertTransitions$$Lambda$1721
instanceKlass org/apache/spark/sql/execution/exchange/EnsureRequirements$$Lambda$1720
instanceKlass org/apache/spark/sql/execution/exchange/EnsureRequirements$$Lambda$1719
instanceKlass org/apache/spark/sql/execution/exchange/EnsureRequirements$$Lambda$1718
instanceKlass org/apache/spark/sql/execution/exchange/EnsureRequirements$$Lambda$1717
instanceKlass org/apache/spark/sql/execution/exchange/EnsureRequirements$$Lambda$1716
instanceKlass org/apache/spark/sql/execution/exchange/ENSURE_REQUIREMENTS$
instanceKlass org/apache/spark/sql/execution/SparkPlan$$Lambda$1715
instanceKlass org/apache/spark/sql/execution/RemoveRedundantProjects$$$Lambda$1714
instanceKlass org/apache/spark/sql/execution/window/WindowExecBase
instanceKlass org/apache/spark/sql/execution/GeneratePredicateHelper
instanceKlass org/apache/spark/sql/execution/aggregate/BaseAggregateExec
instanceKlass org/apache/spark/sql/execution/PlanSubqueries$$Lambda$1713
instanceKlass org/apache/spark/sql/execution/dynamicpruning/PlanDynamicPruningFilters$$Lambda$1712
instanceKlass org/apache/spark/sql/execution/adaptive/InsertAdaptiveSparkPlan$$Lambda$1711
instanceKlass org/apache/spark/sql/execution/adaptive/InsertAdaptiveSparkPlan$$Lambda$1710
instanceKlass org/apache/spark/sql/execution/adaptive/InsertAdaptiveSparkPlan$$Lambda$1709
instanceKlass org/apache/spark/sql/execution/SparkPlan$$Lambda$1708
instanceKlass org/apache/spark/sql/catalyst/plans/physical/UnspecifiedDistribution$
instanceKlass org/apache/spark/sql/execution/adaptive/InsertAdaptiveSparkPlan$$Lambda$1707
instanceKlass org/apache/spark/sql/execution/QueryExecution$$$Lambda$1706
instanceKlass org/apache/spark/sql/execution/SparkPlan$$Lambda$1705
instanceKlass org/apache/spark/sql/catalyst/planning/QueryPlanner$$Lambda$1704
instanceKlass org/apache/spark/sql/catalyst/planning/QueryPlanner$$Lambda$1703
instanceKlass org/apache/spark/sql/execution/SparkStrategies$$Lambda$1702
instanceKlass org/apache/spark/sql/catalyst/planning/QueryPlanner$$Lambda$1701
instanceKlass org/apache/spark/sql/catalyst/planning/PhysicalWindow$
instanceKlass org/apache/spark/sql/catalyst/planning/PhysicalAggregation$
instanceKlass org/apache/spark/sql/catalyst/planning/QueryPlanner$$Lambda$1700
instanceKlass org/apache/spark/sql/execution/SparkPlan$
instanceKlass org/apache/spark/sql/catalyst/plans/physical/Partitioning
instanceKlass org/apache/spark/sql/execution/SparkStrategies$SpecialLimits$$$Lambda$1699
instanceKlass org/apache/spark/sql/catalyst/plans/logical/LeafCommand
instanceKlass org/apache/spark/sql/catalyst/plans/logical/BaseEvalPythonUDTF
instanceKlass org/apache/spark/sql/catalyst/planning/QueryPlanner$$Lambda$1698
instanceKlass org/apache/spark/sql/catalyst/planning/QueryPlanner$$Lambda$1697
instanceKlass org/apache/spark/sql/execution/exchange/ShuffleOrigin
instanceKlass org/apache/spark/sql/execution/window/WindowGroupLimitMode
instanceKlass org/apache/spark/sql/execution/LimitExec
instanceKlass org/apache/spark/sql/SparkSessionExtensions$$Lambda$1696
instanceKlass org/apache/spark/sql/execution/QueryExecution$$Lambda$1695
instanceKlass org/apache/spark/sql/execution/InputRDDCodegen
instanceKlass org/apache/spark/sql/execution/RowToColumnarTransition
instanceKlass org/apache/spark/sql/execution/ColumnarToRowTransition
instanceKlass org/apache/spark/sql/execution/FileSourceScanLike
instanceKlass org/apache/spark/sql/execution/DataSourceScanExec
instanceKlass org/apache/spark/sql/execution/datasources/v2/DataSourceV2ScanExecBase
instanceKlass org/apache/spark/sql/catalyst/plans/physical/ShuffleSpec
instanceKlass org/apache/spark/sql/execution/joins/HashJoin
instanceKlass org/apache/spark/sql/execution/BlockingOperatorWithCodegen
instanceKlass org/apache/spark/sql/execution/exchange/ShuffleExchangeLike
instanceKlass org/apache/spark/sql/execution/exchange/BroadcastExchangeLike
instanceKlass org/apache/spark/sql/catalyst/plans/physical/Distribution
instanceKlass org/apache/spark/sql/catalyst/plans/physical/BroadcastMode
instanceKlass org/apache/spark/sql/execution/joins/ShuffledJoin
instanceKlass org/apache/spark/sql/execution/joins/JoinCodegenSupport
instanceKlass org/apache/spark/sql/execution/joins/BaseJoinExec
instanceKlass org/apache/spark/sql/execution/BinaryExecNode
instanceKlass org/apache/spark/sql/execution/adaptive/AdaptiveExecutionContext
instanceKlass org/apache/spark/sql/execution/LeafExecNode
instanceKlass org/apache/spark/sql/execution/QueryExecution$$Lambda$1694
instanceKlass org/apache/spark/sql/columnar/SimpleMetricsCachedBatchSerializer
instanceKlass org/apache/spark/sql/columnar/CachedBatchSerializer
instanceKlass org/apache/spark/sql/catalyst/optimizer/InferWindowGroupLimit$$$Lambda$1693
instanceKlass org/apache/spark/sql/execution/python/ExtractPythonUDTFs$$$Lambda$1692
instanceKlass org/apache/spark/sql/execution/python/ExtractPythonUDFs$$$Lambda$1691
instanceKlass org/apache/spark/sql/execution/python/ExtractGroupingPythonUDFFromAggregate$$$Lambda$1690
instanceKlass org/apache/spark/sql/execution/python/ExtractPythonUDFFromAggregate$$$Lambda$1689
instanceKlass org/apache/spark/sql/catalyst/optimizer/ExtractPythonUDFFromJoinCondition$$$Lambda$1688
instanceKlass org/apache/spark/sql/execution/dynamicpruning/CleanupDynamicPruningFilters$$$Lambda$1687
instanceKlass org/apache/spark/sql/catalyst/optimizer/MergeScalarSubqueries$$$Lambda$1686
instanceKlass org/apache/spark/sql/catalyst/optimizer/MergeScalarSubqueries$$$Lambda$1685
instanceKlass org/apache/spark/sql/catalyst/optimizer/MergeScalarSubqueries$Header
instanceKlass org/apache/spark/sql/catalyst/optimizer/MergeScalarSubqueries$$anonfun$removeReferences$1$$Lambda$1684
instanceKlass org/apache/spark/sql/catalyst/optimizer/MergeScalarSubqueries$$$Lambda$1683
instanceKlass org/apache/spark/sql/catalyst/optimizer/MergeScalarSubqueries$$anonfun$insertReferences$1$$Lambda$1682
instanceKlass org/apache/spark/sql/catalyst/optimizer/ReplaceUpdateFieldsExpression$$$Lambda$1681
instanceKlass org/apache/spark/sql/catalyst/optimizer/NormalizeFloatingNumbers$$$Lambda$1680
instanceKlass org/apache/spark/sql/catalyst/optimizer/RewritePredicateSubquery$$$Lambda$1679
instanceKlass org/apache/spark/sql/catalyst/optimizer/OptimizeOneRowPlan$$$Lambda$1678
instanceKlass org/apache/spark/sql/catalyst/optimizer/ObjectSerializerPruning$$$Lambda$1677
instanceKlass org/apache/spark/sql/catalyst/optimizer/CombineTypedFilters$$$Lambda$1676
instanceKlass org/apache/spark/sql/catalyst/optimizer/EliminateMapObjects$$$Lambda$1675
instanceKlass org/apache/spark/sql/catalyst/optimizer/RewriteDistinctAggregates$$$Lambda$1674
instanceKlass org/apache/spark/sql/catalyst/optimizer/DecimalAggregates$$$Lambda$1673
instanceKlass org/apache/spark/sql/catalyst/optimizer/EliminateSorts$$$Lambda$1672
instanceKlass org/apache/spark/sql/catalyst/planning/PhysicalOperation$$$Lambda$1671
instanceKlass org/apache/spark/sql/catalyst/planning/PhysicalOperation$$$Lambda$1670
instanceKlass org/apache/spark/sql/catalyst/planning/PhysicalOperation$
instanceKlass org/apache/spark/sql/connector/write/Write
instanceKlass org/apache/spark/sql/connector/write/BatchWrite
instanceKlass org/apache/spark/sql/execution/datasources/v2/V2ScanPartitioningAndOrdering$$$Lambda$1669
instanceKlass org/apache/spark/sql/execution/datasources/v2/V2ScanPartitioningAndOrdering$$$Lambda$1668
instanceKlass org/apache/spark/sql/execution/datasources/v2/V2ScanPartitioningAndOrdering$$$Lambda$1667
instanceKlass org/apache/spark/sql/execution/datasources/v2/V2ScanRelationPushDown$$$Lambda$1666
instanceKlass org/apache/spark/sql/execution/datasources/v2/V2ScanRelationPushDown$$$Lambda$1665
instanceKlass org/apache/spark/sql/execution/datasources/v2/V2ScanRelationPushDown$$$Lambda$1664
instanceKlass org/apache/spark/sql/execution/datasources/v2/V2ScanRelationPushDown$$$Lambda$1663
instanceKlass org/apache/spark/sql/execution/datasources/v2/V2ScanRelationPushDown$$$Lambda$1662
instanceKlass org/apache/spark/sql/execution/datasources/v2/V2ScanRelationPushDown$$$Lambda$1661
instanceKlass org/apache/spark/sql/execution/datasources/v2/V2ScanRelationPushDown$$$Lambda$1660
instanceKlass org/apache/spark/sql/execution/datasources/v2/V2ScanRelationPushDown$$$Lambda$1659
instanceKlass org/apache/spark/sql/execution/datasources/V1WriteCommand
instanceKlass org/apache/spark/sql/execution/command/DataWritingCommand
instanceKlass org/apache/spark/sql/catalyst/planning/GroupBasedRowLevelOperation$
instanceKlass org/apache/spark/sql/catalyst/planning/ScanOperation$$$Lambda$1658
instanceKlass org/apache/spark/sql/catalyst/planning/ScanOperation$
instanceKlass org/apache/spark/sql/catalyst/planning/OperationHelper
instanceKlass org/apache/spark/sql/catalyst/plans/logical/RowLevelWrite
instanceKlass org/apache/spark/sql/execution/datasources/v2/OptimizeMetadataOnlyDeleteFromTable$RewrittenRowLevelCommand$
instanceKlass org/apache/spark/sql/catalyst/optimizer/CleanUpTempCTEInfo$$$Lambda$1657
instanceKlass org/apache/spark/sql/catalyst/optimizer/PushExtraPredicateThroughJoin$$$Lambda$1656
instanceKlass org/apache/spark/sql/catalyst/optimizer/InferFiltersFromConstraints$$$Lambda$1655
instanceKlass org/apache/spark/sql/catalyst/optimizer/InferFiltersFromGenerate$$$Lambda$1654
instanceKlass org/apache/spark/sql/catalyst/optimizer/CombineConcats$$$Lambda$1653
instanceKlass org/apache/spark/sql/catalyst/optimizer/OptimizeCsvJsonExprs$$$Lambda$1652
instanceKlass org/apache/spark/sql/catalyst/optimizer/SimplifyExtractValueOps$$$Lambda$1651
instanceKlass org/apache/spark/sql/catalyst/optimizer/UnwrapCastInBinaryComparison$$$Lambda$1650
instanceKlass org/apache/spark/sql/catalyst/optimizer/RemoveRedundantAggregates$$$Lambda$1649
instanceKlass org/apache/spark/sql/catalyst/optimizer/EliminateSerialization$$$Lambda$1648
instanceKlass org/apache/spark/sql/catalyst/optimizer/RewriteLateralSubquery$$$Lambda$1647
instanceKlass org/apache/spark/sql/catalyst/optimizer/SimplifyCaseConversionExpressions$$$Lambda$1646
instanceKlass org/apache/spark/sql/catalyst/optimizer/PruneFilters$$$Lambda$1645
instanceKlass org/apache/spark/sql/catalyst/optimizer/ReplaceNullWithFalseInPredicate$$$Lambda$1644
instanceKlass org/apache/spark/sql/catalyst/optimizer/SimplifyBinaryComparison$$$Lambda$1643
instanceKlass org/apache/spark/sql/catalyst/optimizer/RemoveDispensableExpressions$$$Lambda$1642
instanceKlass org/apache/spark/sql/catalyst/optimizer/PushFoldableIntoBranches$$$Lambda$1641
instanceKlass org/apache/spark/sql/catalyst/optimizer/SimplifyConditionals$$$Lambda$1640
instanceKlass org/apache/spark/sql/catalyst/optimizer/BooleanSimplification$$$Lambda$1639
instanceKlass org/apache/spark/sql/catalyst/optimizer/LikeSimplification$$$Lambda$1638
instanceKlass org/apache/spark/sql/catalyst/optimizer/ReorderAssociativeOperator$$$Lambda$1637
instanceKlass org/apache/spark/sql/catalyst/optimizer/EliminateAggregateFilter$$$Lambda$1636
instanceKlass org/apache/spark/sql/catalyst/optimizer/ConstantFolding$$$Lambda$1635
instanceKlass org/apache/spark/sql/catalyst/optimizer/ConstantFolding$$anonfun$apply$1$$Lambda$1634
instanceKlass org/apache/spark/sql/catalyst/optimizer/OptimizeRand$$$Lambda$1633
instanceKlass org/apache/spark/sql/catalyst/optimizer/OptimizeIn$$$Lambda$1632
instanceKlass org/apache/spark/sql/catalyst/optimizer/FoldablePropagation$$$Lambda$1631
instanceKlass org/apache/spark/sql/catalyst/optimizer/ConstantPropagation$$$Lambda$1630
instanceKlass org/apache/spark/sql/catalyst/optimizer/NullDownPropagation$$$Lambda$1629
instanceKlass org/apache/spark/sql/catalyst/optimizer/NullPropagation$$$Lambda$1628
instanceKlass org/apache/spark/sql/catalyst/optimizer/TransposeWindow$$$Lambda$1627
instanceKlass org/apache/spark/sql/catalyst/optimizer/OptimizeRepartition$$$Lambda$1626
instanceKlass org/apache/spark/sql/catalyst/optimizer/EliminateLimits$$$Lambda$1625
instanceKlass org/apache/spark/sql/catalyst/optimizer/CollapseWindow$$$Lambda$1624
instanceKlass org/apache/spark/sql/catalyst/optimizer/OptimizeWindowFunctions$$$Lambda$1623
instanceKlass org/apache/spark/sql/catalyst/optimizer/CollapseProject$$$Lambda$1622
instanceKlass org/apache/spark/sql/catalyst/optimizer/CollapseRepartition$$$Lambda$1621
instanceKlass org/apache/spark/sql/catalyst/optimizer/GenerateOptimization$$$Lambda$1620
instanceKlass org/apache/spark/sql/catalyst/optimizer/NestedColumnAliasing$
instanceKlass org/apache/spark/sql/catalyst/optimizer/GeneratorNestedColumnAliasing$
instanceKlass org/apache/spark/sql/catalyst/optimizer/LimitPushDownThroughWindow$$$Lambda$1619
instanceKlass org/apache/spark/sql/catalyst/optimizer/LimitPushDown$$$Lambda$1618
instanceKlass org/apache/spark/sql/catalyst/optimizer/PushLeftSemiLeftAntiThroughJoin$$$Lambda$1617
instanceKlass org/apache/spark/sql/catalyst/optimizer/PushDownLeftSemiAntiJoin$$$Lambda$1616
instanceKlass org/apache/spark/sql/catalyst/optimizer/PushDownPredicates$$$Lambda$1615
instanceKlass org/apache/spark/sql/catalyst/optimizer/EliminateOuterJoin$$$Lambda$1614
instanceKlass org/apache/spark/sql/catalyst/optimizer/ReorderJoin$$$Lambda$1613
instanceKlass org/apache/spark/sql/catalyst/optimizer/PushProjectionThroughLimit$$$Lambda$1612
instanceKlass org/apache/spark/sql/catalyst/optimizer/PushProjectionThroughUnion$$$Lambda$1611
instanceKlass org/apache/spark/sql/catalyst/optimizer/RemoveRepetitionFromGroupExpressions$$$Lambda$1610
instanceKlass org/apache/spark/sql/catalyst/optimizer/RemoveLiteralFromGroupExpressions$$$Lambda$1609
instanceKlass org/apache/spark/sql/catalyst/optimizer/ReplaceDistinctWithAggregate$$$Lambda$1608
instanceKlass org/apache/spark/sql/catalyst/optimizer/ReplaceExceptWithAntiJoin$$$Lambda$1607
instanceKlass org/apache/spark/sql/catalyst/optimizer/ReplaceExceptWithFilter$$$Lambda$1606
instanceKlass org/apache/spark/sql/catalyst/optimizer/ReplaceIntersectWithSemiJoin$$$Lambda$1605
instanceKlass org/apache/spark/sql/catalyst/optimizer/RewriteIntersectAll$$$Lambda$1604
instanceKlass org/apache/spark/sql/catalyst/optimizer/RewriteExceptAll$$$Lambda$1603
instanceKlass org/apache/spark/sql/catalyst/optimizer/Optimizer$OptimizeSubqueries$$$Lambda$1602
instanceKlass org/apache/spark/sql/catalyst/optimizer/PullupCorrelatedPredicates$$$Lambda$1601
instanceKlass org/apache/spark/sql/catalyst/optimizer/OptimizeOneRowRelationSubquery$$anonfun$rewrite$1$$Lambda$1600
instanceKlass org/apache/spark/sql/catalyst/plans/QueryPlan$$anonfun$transformUpWithSubqueries$1$$Lambda$1599
instanceKlass org/apache/spark/sql/catalyst/optimizer/PropagateEmptyRelation$$$Lambda$1598
instanceKlass org/apache/spark/sql/catalyst/optimizer/ConvertToLocalRelation$$$Lambda$1597
instanceKlass org/apache/spark/sql/catalyst/optimizer/RemoveNoopUnion$$$Lambda$1596
instanceKlass org/apache/spark/sql/catalyst/optimizer/CombineUnions$$$Lambda$1595
instanceKlass org/apache/spark/sql/catalyst/optimizer/RemoveNoopOperators$$$Lambda$1594
instanceKlass org/apache/spark/sql/catalyst/optimizer/EliminateDistinct$$$Lambda$1593
instanceKlass org/apache/spark/sql/catalyst/optimizer/Optimizer$FinishAnalysis$$$Lambda$1592
instanceKlass org/apache/spark/sql/catalyst/plans/QueryPlan$$Lambda$1591
instanceKlass org/apache/spark/sql/catalyst/plans/QueryPlan$$Lambda$1590
instanceKlass org/apache/spark/sql/catalyst/optimizer/SpecialDatetimeValues$$$Lambda$1589
instanceKlass org/apache/spark/sql/catalyst/optimizer/ReplaceCurrentLike$$Lambda$1588
instanceKlass org/apache/spark/sql/catalyst/optimizer/ReplaceCurrentLike$$Lambda$1587
instanceKlass org/apache/spark/sql/catalyst/CurrentUserContext$
instanceKlass org/apache/spark/sql/catalyst/util/QuotingUtils$$$Lambda$1586
instanceKlass org/apache/spark/sql/connector/catalog/CatalogV2Implicits$NamespaceHelper
instanceKlass org/apache/spark/sql/connector/catalog/CatalogManager$$Lambda$1585
instanceKlass org/apache/spark/sql/connector/catalog/CatalogManager$$Lambda$1584
instanceKlass org/apache/spark/sql/connector/catalog/CatalogManager$$Lambda$1583
instanceKlass org/apache/spark/sql/connector/catalog/CatalogManager$$Lambda$1582
instanceKlass org/apache/spark/sql/connector/catalog/CatalogV2Implicits$
instanceKlass org/apache/spark/sql/catalyst/plans/QueryPlan$$anon$1
instanceKlass org/apache/spark/sql/catalyst/optimizer/ComputeCurrentTime$$$Lambda$1581
instanceKlass org/apache/spark/sql/catalyst/util/DateTimeUtils$$$Lambda$1580
instanceKlass org/apache/spark/sql/catalyst/util/DateTimeUtils$$$Lambda$1579
instanceKlass org/apache/spark/sql/catalyst/util/DateTimeUtils$$$Lambda$1578
instanceKlass org/apache/spark/sql/catalyst/util/DateTimeUtils$$$Lambda$1577
instanceKlass org/apache/spark/sql/catalyst/util/DateTimeUtils$$$Lambda$1576
instanceKlass org/apache/spark/sql/catalyst/util/DateTimeUtils$$$Lambda$1575
instanceKlass org/apache/spark/sql/catalyst/util/DateTimeUtils$$$Lambda$1574
instanceKlass org/apache/spark/sql/catalyst/util/DateTimeUtils$$$Lambda$1573
instanceKlass org/apache/spark/sql/catalyst/util/DateTimeUtils$$$Lambda$1572
instanceKlass org/apache/spark/sql/catalyst/util/DateTimeUtils$$$Lambda$1571
instanceKlass java/util/regex/CharPredicates$$Lambda$1570
instanceKlass org/apache/spark/sql/catalyst/util/DateTimeUtils$
instanceKlass org/apache/spark/sql/catalyst/util/SparkDateTimeUtils
instanceKlass org/apache/spark/sql/catalyst/optimizer/PullOutGroupingExpressions$$$Lambda$1569
instanceKlass org/apache/spark/sql/catalyst/optimizer/RewriteNonCorrelatedExists$$$Lambda$1568
instanceKlass org/apache/spark/sql/catalyst/optimizer/ReplaceExpressions$$$Lambda$1567
instanceKlass org/apache/spark/sql/catalyst/analysis/EliminateSubqueryAliases$$$Lambda$1566
instanceKlass org/apache/spark/sql/catalyst/optimizer/EliminateResolvedHint$$$Lambda$1565
instanceKlass org/apache/spark/sql/catalyst/optimizer/Optimizer$FinishAnalysis$$$Lambda$1564
instanceKlass org/apache/spark/sql/catalyst/plans/logical/BaseEvalPython
instanceKlass org/apache/spark/sql/catalyst/expressions/DynamicPruning
instanceKlass org/apache/spark/sql/catalyst/optimizer/Optimizer$$Lambda$1563
instanceKlass org/apache/spark/sql/catalyst/optimizer/NormalizeFloatingNumbers$$$Lambda$1562
instanceKlass org/apache/spark/sql/catalyst/optimizer/NormalizeFloatingNumbers$$$Lambda$1561
instanceKlass org/apache/spark/sql/connector/write/LogicalWriteInfo
instanceKlass org/apache/spark/sql/connector/read/Scan
instanceKlass org/apache/spark/sql/SparkSessionExtensions$$Lambda$1560
instanceKlass org/apache/spark/sql/catalyst/optimizer/SpecialDatetimeValues$$$Lambda$1559
instanceKlass org/apache/spark/sql/catalyst/optimizer/SpecialDatetimeValues$$$Lambda$1558
instanceKlass org/apache/spark/sql/catalyst/optimizer/SpecialDatetimeValues$$$Lambda$1557
instanceKlass org/apache/spark/sql/catalyst/analysis/HintErrorLogger$
instanceKlass org/apache/spark/sql/SparkSessionExtensions$$Lambda$1556
instanceKlass org/apache/spark/sql/catalyst/optimizer/BuildSide
instanceKlass org/apache/spark/sql/catalyst/optimizer/JoinSelectionHelper
instanceKlass org/apache/spark/sql/catalyst/optimizer/Optimizer$$Lambda$1555
instanceKlass org/apache/spark/sql/catalyst/optimizer/Optimizer$$Lambda$1554
instanceKlass org/apache/spark/sql/execution/CacheManager$$Lambda$1553
instanceKlass org/apache/spark/sql/execution/CacheManager$$anonfun$1$$Lambda$1552
instanceKlass org/apache/spark/sql/execution/CacheManager$$anonfun$1$$Lambda$1551
instanceKlass org/apache/spark/sql/catalyst/trees/TreeNode$$Lambda$1550
instanceKlass org/apache/spark/sql/catalyst/trees/TreeNode$$Lambda$1549
instanceKlass org/apache/spark/sql/catalyst/analysis/UnsupportedOperationChecker$$$Lambda$1548
instanceKlass org/apache/spark/sql/catalyst/analysis/UnsupportedOperationChecker$
instanceKlass org/apache/spark/sql/execution/QueryExecution$$Lambda$1547
instanceKlass org/apache/spark/sql/execution/QueryExecution$$Lambda$1546
instanceKlass org/apache/spark/sql/catalyst/catalog/SessionCatalog$$Lambda$1545
instanceKlass org/apache/spark/sql/execution/columnar/InMemoryRelation$
instanceKlass org/apache/spark/sql/execution/CacheManager$$Lambda$1544
instanceKlass org/apache/spark/sql/internal/SQLConf$$Lambda$1543
instanceKlass org/apache/spark/sql/internal/SQLConf$$Lambda$1542
instanceKlass org/apache/spark/sql/internal/SQLConf$$Lambda$1541
instanceKlass org/apache/spark/sql/SparkSession$$$Lambda$1540
instanceKlass org/apache/spark/sql/util/ExecutionListenerManager$$Lambda$1539
instanceKlass org/apache/spark/sql/internal/SQLConf$$Lambda$1538
instanceKlass org/apache/spark/sql/SparkSession$$$Lambda$1537
instanceKlass org/apache/spark/sql/execution/CacheManager$$Lambda$1536
instanceKlass org/apache/spark/sql/execution/CachedData
instanceKlass org/apache/spark/storage/StorageLevel$$Lambda$1535
instanceKlass org/apache/spark/storage/StorageLevel
instanceKlass org/apache/spark/storage/StorageLevel$
instanceKlass com/ecommerce/analytics/SparkOptimizations$
instanceKlass org/apache/spark/sql/catalyst/DeserializerBuildHelper$$$Lambda$1534
instanceKlass org/apache/spark/sql/catalyst/SerializerBuildHelper$$$Lambda$1533
instanceKlass org/apache/spark/sql/catalyst/encoders/RowEncoder$$$Lambda$1532
instanceKlass org/apache/spark/sql/catalyst/encoders/RowEncoder$
instanceKlass org/apache/spark/sql/catalyst/types/DataTypeUtils$$$Lambda$1531
instanceKlass org/apache/spark/sql/Dataset$$Lambda$1530
instanceKlass org/apache/spark/sql/DatasetHolder
instanceKlass org/apache/spark/sql/catalyst/InternalRow$$$Lambda$1529
instanceKlass org/apache/spark/sql/catalyst/InternalRow$$$Lambda$1528
instanceKlass org/apache/spark/sql/catalyst/InternalRow$$$Lambda$1527
instanceKlass org/apache/spark/sql/catalyst/expressions/package$AttributeSeq$$Lambda$1526
instanceKlass org/sparkproject/guava/base/Joiner$MapJoiner
instanceKlass org/sparkproject/guava/collect/SortedMapDifference
instanceKlass org/sparkproject/guava/collect/MapDifference
instanceKlass org/sparkproject/guava/collect/Maps$EntryTransformer
instanceKlass org/sparkproject/guava/collect/UnmodifiableIterator
instanceKlass org/sparkproject/guava/collect/ImmutableMap
instanceKlass org/sparkproject/guava/collect/BiMap
instanceKlass org/sparkproject/guava/collect/Maps
instanceKlass org/apache/spark/sql/catalyst/expressions/BindReferences$
instanceKlass org/apache/spark/sql/catalyst/optimizer/SimplifyCasts$$$Lambda$1525
instanceKlass org/apache/spark/sql/catalyst/analysis/UpdateAttributeNullability$$anonfun$apply$1$$Lambda$1524
instanceKlass org/apache/spark/sql/catalyst/analysis/UpdateAttributeNullability$$anonfun$apply$1$$Lambda$1523
instanceKlass org/apache/spark/sql/catalyst/analysis/UpdateAttributeNullability$$anonfun$apply$1$$Lambda$1522
instanceKlass org/apache/spark/sql/catalyst/analysis/UpdateAttributeNullability$$anonfun$apply$1$$Lambda$1521
instanceKlass org/apache/spark/sql/catalyst/analysis/Analyzer$AddMetadataColumns$$$Lambda$1520
instanceKlass org/apache/spark/sql/catalyst/plans/logical/LogicalPlan$$Lambda$1519
instanceKlass org/apache/spark/sql/catalyst/analysis/Analyzer$AddMetadataColumns$$$Lambda$1518
instanceKlass org/apache/spark/sql/catalyst/analysis/Analyzer$AddMetadataColumns$$$Lambda$1517
instanceKlass org/apache/spark/sql/catalyst/analysis/Analyzer$AddMetadataColumns$$$Lambda$1516
instanceKlass org/apache/spark/sql/catalyst/expressions/ExpectsInputTypes$$$Lambda$1515
instanceKlass org/apache/spark/sql/catalyst/expressions/ExpectsInputTypes$
instanceKlass org/apache/spark/sql/catalyst/plans/logical/AnalysisHelper$$Lambda$1514
instanceKlass org/apache/spark/sql/types/Metadata$$Lambda$1513
instanceKlass org/apache/spark/sql/types/UpCastRule$
instanceKlass org/apache/spark/sql/catalyst/expressions/Cast$
instanceKlass org/apache/spark/sql/catalyst/analysis/Analyzer$ResolveUpCast$$anonfun$apply$56$$Lambda$1512
instanceKlass org/apache/spark/sql/catalyst/analysis/Analyzer$ResolveNewInstance$$anonfun$apply$54$$Lambda$1511
instanceKlass org/apache/spark/sql/catalyst/trees/TreeNode$$Lambda$1510
instanceKlass org/apache/spark/sql/catalyst/trees/TreeNode$$Lambda$1509
instanceKlass org/apache/commons/lang3/ArrayUtils
instanceKlass org/apache/commons/lang3/ClassUtils
instanceKlass org/apache/spark/sql/catalyst/trees/TreeNode$$Lambda$1508
instanceKlass org/apache/spark/sql/catalyst/trees/TreeNode$$Lambda$1507
instanceKlass org/apache/spark/sql/catalyst/trees/TreeNode$$Lambda$1506
instanceKlass scala/collection/MapLike$MappedValues$$Lambda$1505
instanceKlass scala/collection/MapLike$MappedValues$$Lambda$1504
instanceKlass org/apache/spark/sql/catalyst/analysis/Analyzer$ResolveDeserializer$$$Lambda$1503
instanceKlass org/apache/spark/sql/catalyst/analysis/Analyzer$ResolveDeserializer$$$Lambda$1502
instanceKlass org/apache/spark/sql/catalyst/analysis/Analyzer$ResolveDeserializer$$$Lambda$1501
instanceKlass org/apache/spark/sql/catalyst/analysis/ColumnResolutionHelper$$Lambda$1500
instanceKlass org/apache/spark/sql/catalyst/analysis/ColumnResolutionHelper$$Lambda$1499
instanceKlass org/apache/spark/sql/catalyst/analysis/ColumnResolutionHelper$$Lambda$1498
instanceKlass org/apache/spark/sql/catalyst/analysis/ColumnResolutionHelper$$Lambda$1497
instanceKlass org/apache/spark/sql/catalyst/plans/logical/LogicalPlan$$Lambda$1496
instanceKlass org/apache/spark/sql/catalyst/expressions/package$AttributeSeq$$Lambda$1495
instanceKlass org/apache/spark/sql/catalyst/expressions/package$AttributeSeq$$Lambda$1494
instanceKlass scala/PartialFunction$$Lambda$1493
instanceKlass scala/collection/TraversableLike$$Lambda$1492
instanceKlass org/apache/spark/sql/catalyst/expressions/package$AttributeSeq$$Lambda$1491
instanceKlass org/apache/spark/sql/catalyst/expressions/package$AttributeSeq$$Lambda$1490
instanceKlass org/apache/spark/sql/catalyst/expressions/package$AttributeSeq$$Lambda$1489
instanceKlass org/apache/spark/sql/catalyst/expressions/package$AttributeSeq$$Lambda$1488
instanceKlass org/apache/spark/sql/catalyst/expressions/MetadataAttribute$
instanceKlass org/apache/spark/sql/catalyst/util/package$MetadataColumnHelper
instanceKlass org/apache/spark/sql/catalyst/expressions/FileSourceGeneratedMetadataStructField$
instanceKlass org/apache/spark/sql/catalyst/expressions/FileSourceConstantMetadataStructField$
instanceKlass org/apache/spark/sql/catalyst/expressions/FileSourceMetadataAttribute$
instanceKlass org/apache/spark/sql/catalyst/util/package$
instanceKlass org/apache/spark/sql/catalyst/expressions/package$AttributeSeq$$$Lambda$1487
instanceKlass java/lang/invoke/LambdaForm$MH
instanceKlass java/lang/invoke/LambdaForm$DMH
instanceKlass org/apache/spark/sql/catalyst/analysis/ColumnResolutionHelper$$Lambda$1486
instanceKlass org/apache/spark/sql/catalyst/analysis/package$$$Lambda$1485
instanceKlass org/apache/spark/sql/catalyst/analysis/package$$$Lambda$1484
instanceKlass org/apache/spark/sql/catalyst/analysis/package$
instanceKlass org/apache/spark/sql/catalyst/analysis/ColumnResolutionHelper$$Lambda$1483
instanceKlass org/apache/spark/sql/catalyst/analysis/ColumnResolutionHelper$$Lambda$1482
instanceKlass org/apache/spark/sql/catalyst/analysis/ColumnResolutionHelper$$Lambda$1481
instanceKlass org/apache/spark/sql/catalyst/analysis/Analyzer$ResolveDeserializer$$anonfun$apply$52$$anonfun$applyOrElse$228$$Lambda$1480
instanceKlass org/apache/spark/sql/catalyst/analysis/Analyzer$ResolveDeserializer$$anonfun$apply$52$$Lambda$1479
instanceKlass org/apache/spark/sql/catalyst/trees/TreeNode$$Lambda$1478
instanceKlass org/apache/spark/sql/catalyst/analysis/DeduplicateRelations$$$Lambda$1477
instanceKlass org/apache/spark/sql/catalyst/plans/logical/LogicalPlan$$Lambda$1476
instanceKlass org/apache/spark/sql/catalyst/analysis/UnresolvedDeserializer$$Lambda$1475
instanceKlass org/apache/spark/sql/catalyst/analysis/UnresolvedDeserializer$$Lambda$1474
instanceKlass org/apache/spark/sql/catalyst/plans/logical/CatalystSerde$
instanceKlass org/apache/spark/sql/Dataset$$Lambda$1473
instanceKlass org/apache/spark/sql/RuntimeConfig
instanceKlass org/apache/spark/sql/catalyst/QueryPlanningTracker$$Lambda$1472
instanceKlass org/apache/spark/sql/catalyst/QueryPlanningTrackerCallback
instanceKlass org/apache/spark/sql/catalyst/QueryPlanningTracker$PhaseSummary
instanceKlass org/apache/spark/sql/catalyst/plans/logical/AnalysisHelper$$Lambda$1471
instanceKlass org/apache/spark/sql/catalyst/analysis/CheckAnalysis$$Lambda$1470
instanceKlass org/apache/spark/sql/execution/command/CommandCheck$$$Lambda$1469
instanceKlass org/apache/spark/sql/execution/datasources/v2/TableCapabilityCheck$$$Lambda$1468
instanceKlass org/apache/spark/sql/execution/datasources/HiveOnlyCheck$$$Lambda$1467
instanceKlass org/apache/spark/sql/execution/datasources/PreReadCheck$$$Lambda$1466
instanceKlass org/apache/spark/sql/execution/datasources/PreWriteCheck$$$Lambda$1465
instanceKlass org/apache/spark/sql/catalyst/analysis/CheckAnalysis$$Lambda$1464
instanceKlass org/apache/spark/sql/catalyst/analysis/CheckAnalysis$$Lambda$1463
instanceKlass org/apache/spark/sql/catalyst/analysis/CheckAnalysis$$Lambda$1462
instanceKlass org/apache/spark/sql/catalyst/analysis/CheckAnalysis$$Lambda$1461
instanceKlass org/apache/spark/sql/catalyst/plans/logical/PlanHelper$$$Lambda$1460
instanceKlass org/apache/spark/sql/catalyst/plans/logical/PlanHelper$
instanceKlass org/apache/spark/sql/catalyst/analysis/CheckAnalysis$$Lambda$1459
instanceKlass org/apache/spark/sql/catalyst/analysis/Parameter
instanceKlass org/apache/spark/sql/catalyst/analysis/CheckAnalysis$$Lambda$1458
instanceKlass org/apache/spark/sql/catalyst/analysis/CheckAnalysis$$Lambda$1457
instanceKlass org/apache/spark/sql/catalyst/analysis/CheckAnalysis$$Lambda$1456
instanceKlass org/apache/spark/sql/catalyst/analysis/ResolveReferencesInAggregate$
instanceKlass org/apache/spark/sql/catalyst/util/SparkCharVarcharUtils$$Lambda$1455
instanceKlass org/apache/spark/sql/catalyst/util/CharVarcharUtils$
instanceKlass org/apache/spark/sql/catalyst/util/SparkCharVarcharUtils
instanceKlass org/apache/spark/sql/catalyst/analysis/CheckAnalysis$$Lambda$1454
instanceKlass org/apache/spark/sql/catalyst/analysis/CheckAnalysis$$Lambda$1453
instanceKlass org/apache/spark/sql/catalyst/trees/TreeNode$$Lambda$1452
instanceKlass org/apache/spark/sql/catalyst/analysis/CheckAnalysis$$Lambda$1451
instanceKlass org/apache/spark/sql/catalyst/analysis/CheckAnalysis$$Lambda$1450
instanceKlass org/apache/spark/sql/catalyst/analysis/CheckAnalysis$$Lambda$1449
instanceKlass org/apache/spark/sql/catalyst/analysis/Analyzer$HandleSpecialCommand$$$Lambda$1448
instanceKlass org/apache/spark/sql/catalyst/analysis/CleanupAliases$$$Lambda$1447
instanceKlass org/apache/spark/sql/catalyst/analysis/UpdateOuterReferences$$$Lambda$1446
instanceKlass org/apache/spark/sql/catalyst/analysis/Analyzer$ResolveEncodersInUDF$$$Lambda$1445
instanceKlass org/apache/spark/sql/catalyst/analysis/Analyzer$HandleNullInputsForUDF$$$Lambda$1444
instanceKlass org/apache/spark/sql/catalyst/analysis/ResolveHints$RemoveAllHints$$Lambda$1443
instanceKlass org/apache/spark/sql/execution/datasources/ApplyCharTypePadding$$$Lambda$1442
instanceKlass org/apache/spark/sql/catalyst/plans/QueryPlan$$Lambda$1441
instanceKlass org/apache/spark/sql/execution/analysis/DetectAmbiguousSelfJoin$$$Lambda$1440
instanceKlass org/apache/spark/sql/catalyst/analysis/ResolveCommandsWithIfExists$$$Lambda$1439
instanceKlass org/apache/spark/sql/catalyst/analysis/RemoveTempResolvedColumn$$$Lambda$1438
instanceKlass org/apache/spark/sql/catalyst/analysis/EvalSubqueriesForTimeTravel$$Lambda$1437
instanceKlass org/apache/spark/sql/catalyst/plans/logical/V2PartitionCommand
instanceKlass org/apache/spark/sql/execution/FileRelation
instanceKlass org/apache/spark/sql/sources/BaseRelation
instanceKlass org/apache/spark/sql/catalyst/analysis/ExtractDistributedSequenceID$$$Lambda$1436
instanceKlass org/apache/spark/sql/catalyst/analysis/TypeCoercionBase$CombinedTypeCoercionRule$$Lambda$1435
instanceKlass org/apache/spark/sql/catalyst/analysis/TypeCoercionBase$CombinedTypeCoercionRule$$Lambda$1434
instanceKlass org/apache/spark/sql/catalyst/plans/QueryPlan$$Lambda$1433
instanceKlass org/apache/spark/sql/catalyst/trees/TreeNode$$Lambda$1432
instanceKlass org/apache/spark/sql/catalyst/trees/TreeNode$$Lambda$1431
instanceKlass org/apache/spark/sql/catalyst/trees/TreeNode$$Lambda$1430
instanceKlass org/apache/spark/sql/catalyst/analysis/TypeCoercionRule$$Lambda$1429
instanceKlass org/apache/spark/sql/catalyst/analysis/TypeCoercionBase$CombinedTypeCoercionRule$$Lambda$1428
instanceKlass scala/Function$
instanceKlass org/apache/spark/sql/catalyst/analysis/TypeCoercionBase$CombinedTypeCoercionRule$$Lambda$1427
instanceKlass org/apache/spark/sql/catalyst/plans/QueryPlan$$Lambda$1426
instanceKlass org/apache/spark/sql/catalyst/plans/QueryPlan$$Lambda$1425
instanceKlass org/apache/spark/sql/catalyst/plans/QueryPlan$$Lambda$1424
instanceKlass org/apache/spark/sql/catalyst/plans/QueryPlan$$Lambda$1423
instanceKlass org/apache/spark/sql/catalyst/expressions/AttributeMap$$$Lambda$1422
instanceKlass org/apache/spark/sql/catalyst/expressions/AttributeMap
instanceKlass org/apache/spark/sql/catalyst/expressions/AttributeMap$
instanceKlass org/apache/spark/sql/catalyst/plans/QueryPlan$$Lambda$1421
instanceKlass org/apache/spark/sql/catalyst/plans/QueryPlan$$Lambda$1420
instanceKlass org/apache/spark/sql/catalyst/plans/QueryPlan$$Lambda$1419
instanceKlass org/apache/spark/sql/catalyst/plans/QueryPlan$$Lambda$1418
instanceKlass org/apache/spark/sql/catalyst/plans/QueryPlan$$Lambda$1417
instanceKlass org/apache/spark/sql/catalyst/plans/logical/AnalysisHelper$$Lambda$1416
instanceKlass org/apache/spark/sql/catalyst/plans/logical/AnalysisHelper$$Lambda$1415
instanceKlass org/apache/spark/sql/catalyst/plans/logical/AnalysisHelper$$Lambda$1414
instanceKlass org/apache/spark/sql/catalyst/analysis/ResolveRowLevelCommandAssignments$$$Lambda$1413
instanceKlass org/apache/spark/sql/catalyst/analysis/ResolveUnion$$$Lambda$1412
instanceKlass org/apache/spark/sql/catalyst/analysis/ResolveIdentifierClause$$$Lambda$1411
instanceKlass org/apache/spark/sql/catalyst/analysis/Analyzer$ResolveBinaryArithmetic$$$Lambda$1410
instanceKlass org/apache/spark/sql/catalyst/analysis/Analyzer$ResolveRandomSeed$$$Lambda$1409
instanceKlass org/apache/spark/sql/catalyst/analysis/ResolveTimeZone$$$Lambda$1408
instanceKlass org/apache/spark/sql/catalyst/analysis/ResolveLambdaVariables$$$Lambda$1407
instanceKlass org/apache/spark/sql/catalyst/analysis/ResolveWindowTime$$$Lambda$1406
instanceKlass org/apache/spark/sql/catalyst/analysis/SessionWindowing$$$Lambda$1405
instanceKlass org/apache/spark/sql/catalyst/analysis/TimeWindowing$$$Lambda$1404
instanceKlass org/apache/spark/sql/catalyst/analysis/Analyzer$ResolveAggregateFunctions$$$Lambda$1403
instanceKlass org/apache/spark/sql/catalyst/analysis/Analyzer$GlobalAggregates$$$Lambda$1402
instanceKlass org/apache/spark/sql/catalyst/analysis/Analyzer$ExtractWindowExpressions$$$Lambda$1401
instanceKlass org/apache/spark/sql/catalyst/analysis/Analyzer$ResolveOutputRelation$$$Lambda$1400
instanceKlass org/apache/spark/sql/catalyst/analysis/Analyzer$ResolveNaturalAndUsingJoin$$$Lambda$1399
instanceKlass org/apache/spark/sql/catalyst/analysis/Analyzer$ResolveWindowFrame$$$Lambda$1398
instanceKlass org/apache/spark/sql/catalyst/analysis/Analyzer$ResolveWindowOrder$$$Lambda$1397
instanceKlass org/apache/spark/sql/catalyst/analysis/Analyzer$ResolveSubqueryColumnAliases$$$Lambda$1396
instanceKlass org/apache/spark/sql/catalyst/analysis/Analyzer$ResolveSubquery$$$Lambda$1395
instanceKlass org/apache/spark/sql/catalyst/analysis/Analyzer$ResolveAliases$$$Lambda$1394
instanceKlass org/apache/spark/sql/catalyst/analysis/ResolveTableSpec$$$Lambda$1393
instanceKlass org/apache/spark/sql/catalyst/analysis/Analyzer$ResolveFunctions$$$Lambda$1392
instanceKlass org/apache/spark/sql/catalyst/analysis/Analyzer$ResolveGenerate$$$Lambda$1391
instanceKlass org/apache/spark/sql/catalyst/analysis/Analyzer$ExtractGenerator$$$Lambda$1390
instanceKlass org/apache/spark/sql/catalyst/analysis/Analyzer$ResolveOrdinalInOrderByAndGroupBy$$$Lambda$1389
instanceKlass org/apache/spark/sql/catalyst/analysis/Analyzer$ResolveUnpivot$$$Lambda$1388
instanceKlass org/apache/spark/sql/catalyst/analysis/Analyzer$ResolvePivot$$$Lambda$1387
instanceKlass org/apache/spark/sql/catalyst/analysis/Analyzer$ResolveGroupingAnalytics$$$Lambda$1386
instanceKlass org/apache/spark/sql/catalyst/analysis/Analyzer$ResolveUpCast$$$Lambda$1385
instanceKlass org/apache/spark/sql/catalyst/analysis/Analyzer$ResolveNewInstance$$$Lambda$1384
instanceKlass org/apache/spark/sql/catalyst/analysis/Analyzer$ResolveDeserializer$$$Lambda$1383
instanceKlass org/apache/spark/sql/catalyst/analysis/ResolveExpressionsWithNamePlaceholders$$$Lambda$1382
instanceKlass java/lang/invoke/LambdaForm$MH
instanceKlass java/lang/invoke/LambdaForm$DMH
instanceKlass org/apache/spark/sql/catalyst/analysis/ColumnResolutionHelper$$Lambda$1381
instanceKlass java/lang/invoke/LambdaForm$DMH
instanceKlass org/apache/spark/sql/catalyst/analysis/ColumnResolutionHelper$$Lambda$1380
instanceKlass org/apache/spark/sql/catalyst/analysis/ColumnResolutionHelper$$Lambda$1379
instanceKlass org/apache/spark/sql/catalyst/trees/TreeNode$$Lambda$1378
instanceKlass org/apache/spark/sql/catalyst/plans/logical/LogicalPlan$
instanceKlass org/apache/spark/sql/catalyst/analysis/ColumnResolutionHelper$$Lambda$1377
instanceKlass org/apache/spark/sql/catalyst/plans/QueryPlan$$Lambda$1376
instanceKlass org/apache/spark/sql/catalyst/plans/QueryPlan$$Lambda$1375
instanceKlass org/apache/spark/sql/catalyst/plans/QueryPlan$$Lambda$1374
instanceKlass org/apache/spark/sql/catalyst/analysis/Analyzer$ResolveReferences$$anonfun$apply$16$$Lambda$1373
instanceKlass org/apache/spark/sql/catalyst/analysis/Analyzer$ResolveReferences$$anonfun$apply$16$$Lambda$1372
instanceKlass org/apache/spark/sql/catalyst/analysis/Analyzer$$Lambda$1371
instanceKlass org/apache/spark/sql/catalyst/analysis/Analyzer$$Lambda$1370
instanceKlass org/apache/spark/sql/catalyst/analysis/DeduplicateRelations$$$Lambda$1369
instanceKlass org/apache/spark/sql/catalyst/trees/TreeNode$$Lambda$1368
instanceKlass org/apache/spark/sql/catalyst/plans/QueryPlan$$Lambda$1367
instanceKlass scala/collection/generic/Shrinkable$$Lambda$1366
instanceKlass scala/collection/immutable/Stream$$Lambda$1365
instanceKlass scala/collection/immutable/Stream$$Lambda$1364
instanceKlass scala/collection/mutable/LinkedHashSet$Entry
instanceKlass org/apache/spark/sql/catalyst/expressions/AttributeEquals
instanceKlass scala/collection/mutable/LazyBuilder
instanceKlass org/apache/spark/sql/catalyst/plans/QueryPlan$$Lambda$1363
instanceKlass org/apache/spark/sql/catalyst/plans/logical/LogicalPlan$$Lambda$1362
instanceKlass org/apache/spark/sql/catalyst/plans/logical/LogicalPlan$$Lambda$1361
instanceKlass org/apache/spark/sql/catalyst/analysis/DeduplicateRelations$$$Lambda$1360
instanceKlass org/apache/spark/sql/catalyst/analysis/DeduplicateRelations$$$Lambda$1359
instanceKlass org/apache/spark/sql/catalyst/analysis/RelationWrapper
instanceKlass org/apache/spark/sql/catalyst/analysis/FieldPosition
instanceKlass org/apache/spark/sql/catalyst/analysis/ResolvePartitionSpec$$$Lambda$1358
instanceKlass org/apache/spark/sql/catalyst/plans/logical/V2WriteCommand
instanceKlass org/apache/spark/sql/catalyst/plans/logical/KeepAnalyzedQuery
instanceKlass org/apache/spark/sql/catalyst/plans/logical/AnalysisHelper$$Lambda$1357
instanceKlass org/apache/spark/sql/catalyst/plans/logical/AnalysisHelper$$Lambda$1356
instanceKlass org/apache/spark/sql/catalyst/plans/logical/AnalysisHelper$$Lambda$1355
instanceKlass org/apache/spark/sql/catalyst/plans/logical/AnalysisHelper$$Lambda$1354
instanceKlass org/apache/spark/sql/catalyst/plans/logical/UnaryParsedStatement
instanceKlass org/apache/spark/sql/catalyst/plans/logical/AnalysisHelper$$Lambda$1353
instanceKlass org/apache/spark/sql/catalyst/plans/logical/AnalysisHelper$$Lambda$1352
instanceKlass org/apache/spark/sql/catalyst/plans/logical/AnalysisHelper$$Lambda$1351
instanceKlass org/apache/spark/sql/catalyst/plans/logical/AnalysisHelper$$Lambda$1350
instanceKlass org/apache/spark/sql/catalyst/analysis/Analyzer$LookupFunctions$$$Lambda$1349
instanceKlass org/apache/spark/sql/catalyst/analysis/ResolveHints$ResolveCoalesceHints$$$Lambda$1348
instanceKlass org/apache/spark/sql/catalyst/analysis/ResolveHints$ResolveJoinStrategyHints$$$Lambda$1347
instanceKlass org/apache/spark/sql/catalyst/analysis/SubstituteUnresolvedOrdinals$$$Lambda$1346
instanceKlass org/apache/spark/sql/catalyst/analysis/EliminateUnions$$$Lambda$1345
instanceKlass org/apache/spark/sql/catalyst/analysis/Analyzer$WindowsSubstitution$$$Lambda$1344
instanceKlass org/apache/spark/sql/catalyst/analysis/BindParameters$$$Lambda$1343
instanceKlass org/apache/spark/sql/catalyst/QueryPlanningTracker$RuleSummary
instanceKlass org/apache/spark/sql/catalyst/expressions/AttributeReferenceTreeBits$
instanceKlass org/apache/spark/sql/catalyst/optimizer/OptimizeUpdateFields$$$Lambda$1342
instanceKlass org/apache/spark/sql/types/Decimal$$$Lambda$1341
instanceKlass java/lang/invoke/LambdaForm$DMH
instanceKlass org/apache/spark/sql/types/Decimal$
instanceKlass org/apache/spark/sql/catalyst/analysis/TypeCoercionRule
instanceKlass org/apache/spark/sql/catalyst/plans/logical/MergeRows$Instruction
instanceKlass org/apache/spark/sql/connector/write/RowLevelOperation
instanceKlass org/apache/spark/sql/connector/write/RowLevelOperationInfo
instanceKlass org/apache/spark/sql/catalyst/analysis/RewriteRowLevelCommand
instanceKlass org/apache/spark/sql/catalyst/expressions/EvalHelper
instanceKlass org/apache/spark/sql/catalyst/analysis/CastSupport
instanceKlass org/apache/spark/sql/catalyst/plans/logical/SupportsSubquery
instanceKlass org/apache/spark/sql/catalyst/plans/logical/ObjectConsumer
instanceKlass org/apache/spark/sql/catalyst/plans/ReferenceAllColumns
instanceKlass org/apache/spark/sql/catalyst/analysis/ResolveHints$ResolveJoinStrategyHints$$$Lambda$1340
instanceKlass org/apache/spark/sql/catalyst/plans/logical/JoinStrategyHint
instanceKlass org/apache/spark/sql/catalyst/plans/logical/JoinStrategyHint$
instanceKlass org/apache/spark/sql/catalyst/analysis/AnalysisContext
instanceKlass org/apache/spark/sql/catalyst/analysis/Analyzer$$Lambda$1339
instanceKlass org/apache/spark/sql/catalyst/analysis/AnalysisContext$
instanceKlass org/apache/spark/sql/catalyst/rules/RuleExecutor$$Lambda$1338
instanceKlass org/apache/spark/sql/catalyst/analysis/Analyzer$$Lambda$1337
instanceKlass org/apache/spark/sql/catalyst/plans/logical/AnalysisHelper$
instanceKlass org/apache/spark/sql/SparkSessionExtensions$$Lambda$1336
instanceKlass org/apache/spark/sql/execution/command/CommandCheck$
instanceKlass org/apache/spark/sql/execution/datasources/v2/TableCapabilityCheck$
instanceKlass org/apache/spark/sql/execution/datasources/HiveOnlyCheck$
instanceKlass org/apache/spark/sql/execution/datasources/PreReadCheck$
instanceKlass org/apache/spark/sql/execution/datasources/PreWriteCheck$
instanceKlass org/apache/spark/sql/SparkSessionExtensions$$Lambda$1335
instanceKlass org/apache/spark/sql/SparkSessionExtensions$$Lambda$1334
instanceKlass org/apache/spark/sql/catalyst/analysis/ColumnResolutionHelper$$Lambda$1333
instanceKlass org/apache/spark/sql/catalyst/analysis/ColumnResolutionHelper$$Lambda$1332
instanceKlass org/apache/spark/sql/catalyst/parser/AstBuilder$$Lambda$1331
instanceKlass org/apache/spark/sql/catalyst/parser/AstBuilder$$Lambda$1330
instanceKlass org/apache/spark/sql/catalyst/util/SparkParserUtils$$Lambda$1329
instanceKlass org/apache/spark/sql/catalyst/util/SparkParserUtils$$Lambda$1328
instanceKlass org/apache/spark/sql/catalyst/util/SparkParserUtils$$Lambda$1327
instanceKlass org/apache/spark/sql/catalyst/parser/AstBuilder$$Lambda$1326
instanceKlass java/util/regex/Pattern$$Lambda$1325
instanceKlass org/apache/spark/sql/catalyst/parser/ParserUtils$
instanceKlass org/apache/spark/sql/catalyst/util/SparkParserUtils
instanceKlass org/antlr/v4/runtime/tree/TerminalNodeImpl
instanceKlass org/antlr/v4/runtime/misc/DoubleKeyMap
instanceKlass org/antlr/v4/runtime/CommonToken
instanceKlass org/antlr/v4/runtime/WritableToken
instanceKlass org/antlr/v4/runtime/misc/MurmurHash
instanceKlass org/apache/spark/sql/catalyst/parser/SqlBaseParserBaseListener
instanceKlass org/apache/spark/sql/catalyst/parser/SqlBaseParserListener
instanceKlass org/antlr/v4/runtime/atn/SemanticContext
instanceKlass org/antlr/v4/runtime/DefaultErrorStrategy
instanceKlass org/antlr/v4/runtime/tree/ErrorNode
instanceKlass org/antlr/v4/runtime/tree/TerminalNode
instanceKlass org/antlr/v4/runtime/BufferedTokenStream
instanceKlass org/antlr/v4/runtime/atn/LexerATNSimulator$SimState
instanceKlass org/antlr/v4/runtime/misc/AbstractEqualityComparator
instanceKlass org/antlr/v4/runtime/misc/EqualityComparator
instanceKlass org/antlr/v4/runtime/misc/Array2DHashSet
instanceKlass org/antlr/v4/runtime/dfa/DFAState
instanceKlass org/antlr/v4/runtime/atn/ATNConfig
instanceKlass org/antlr/v4/runtime/atn/ATNConfigSet
instanceKlass org/antlr/v4/runtime/misc/IntegerList
instanceKlass org/antlr/v4/runtime/Token
instanceKlass org/antlr/v4/runtime/CommonTokenFactory
instanceKlass org/antlr/v4/runtime/TokenFactory
instanceKlass org/antlr/v4/runtime/BaseErrorListener
instanceKlass org/antlr/v4/runtime/CodePointCharStream$1
instanceKlass org/antlr/v4/runtime/CodePointCharStream
instanceKlass org/antlr/v4/runtime/CodePointBuffer$1
instanceKlass org/antlr/v4/runtime/CodePointBuffer$Builder
instanceKlass org/antlr/v4/runtime/CodePointBuffer
instanceKlass org/antlr/v4/runtime/CharStreams
instanceKlass org/apache/spark/sql/catalyst/parser/UpperCaseCharStream
instanceKlass org/antlr/v4/runtime/dfa/DFASerializer
instanceKlass org/antlr/v4/runtime/dfa/DFA
instanceKlass org/antlr/v4/runtime/atn/LexerCustomAction
instanceKlass org/antlr/v4/runtime/atn/LexerChannelAction
instanceKlass org/antlr/v4/runtime/atn/ATNDeserializer$3
instanceKlass org/antlr/v4/runtime/atn/ATNDeserializer$2
instanceKlass org/antlr/v4/runtime/misc/Interval
instanceKlass org/antlr/v4/runtime/misc/IntervalSet
instanceKlass org/antlr/v4/runtime/atn/ATNDeserializer$1
instanceKlass org/antlr/v4/runtime/misc/Pair
instanceKlass org/antlr/v4/runtime/misc/IntSet
instanceKlass org/antlr/v4/runtime/atn/ATN
instanceKlass org/antlr/v4/runtime/atn/ATNDeserializationOptions
instanceKlass org/antlr/v4/runtime/atn/LexerAction
instanceKlass org/antlr/v4/runtime/atn/ATNDeserializer$UnicodeDeserializer
instanceKlass org/antlr/v4/runtime/atn/ATNState
instanceKlass org/antlr/v4/runtime/atn/Transition
instanceKlass org/antlr/v4/runtime/atn/ATNDeserializer
instanceKlass org/antlr/v4/runtime/misc/Utils
instanceKlass org/antlr/v4/runtime/VocabularyImpl
instanceKlass org/antlr/v4/runtime/atn/PredictionContext
instanceKlass org/antlr/v4/runtime/atn/PredictionContextCache
instanceKlass org/antlr/v4/runtime/RuntimeMetaData
instanceKlass org/antlr/v4/runtime/Vocabulary
instanceKlass org/antlr/v4/runtime/atn/ATNSimulator
instanceKlass org/apache/spark/sql/catalyst/parser/AbstractParser$$Lambda$1324
instanceKlass org/apache/spark/sql/catalyst/parser/AbstractSqlParser$$Lambda$1323
instanceKlass org/antlr/v4/runtime/Recognizer
instanceKlass org/apache/spark/sql/catalyst/expressions/VirtualColumn$
instanceKlass org/apache/spark/sql/catalyst/analysis/ColumnResolutionHelper$$Lambda$1322
instanceKlass org/apache/spark/sql/catalyst/analysis/ColumnResolutionHelper$$Lambda$1321
instanceKlass org/apache/spark/sql/catalyst/analysis/ColumnResolutionHelper$$Lambda$1320
instanceKlass org/apache/spark/sql/catalyst/analysis/ColumnResolutionHelper$$Lambda$1319
instanceKlass org/apache/spark/sql/catalyst/analysis/ColumnResolutionHelper$$Lambda$1318
instanceKlass org/apache/spark/sql/catalyst/analysis/ColumnResolutionHelper$$Lambda$1317
instanceKlass org/apache/spark/sql/catalyst/analysis/ColumnResolutionHelper$$Lambda$1316
instanceKlass org/apache/spark/sql/catalyst/analysis/ColumnResolutionHelper$$Lambda$1315
instanceKlass org/apache/spark/sql/internal/BaseSessionStateBuilder$$Lambda$1314
instanceKlass org/apache/spark/sql/catalyst/catalog/SessionCatalog$
instanceKlass org/apache/spark/sql/internal/SparkUDFExpressionBuilder
instanceKlass org/apache/spark/sql/internal/SessionState$$$Lambda$1313
instanceKlass org/apache/spark/sql/internal/SessionState$
instanceKlass org/apache/spark/sql/internal/BaseSessionStateBuilder$$Lambda$1312
instanceKlass org/apache/spark/sql/catalyst/catalog/GlobalTempViewManager
instanceKlass org/apache/spark/sql/internal/BaseSessionStateBuilder$$Lambda$1311
instanceKlass org/apache/spark/sql/catalyst/catalog/ExternalCatalogWithListener
instanceKlass org/apache/spark/sql/catalyst/catalog/ExternalCatalog
instanceKlass org/apache/spark/sql/connector/catalog/functions/UnboundFunction
instanceKlass org/apache/spark/sql/connector/catalog/functions/Function
instanceKlass org/apache/spark/sql/connector/catalog/Table
instanceKlass org/apache/spark/sql/execution/datasources/v2/V2SessionCatalog
instanceKlass org/apache/spark/sql/connector/catalog/SupportsNamespaces
instanceKlass org/apache/spark/sql/connector/catalog/FunctionCatalog
instanceKlass org/apache/spark/sql/connector/catalog/TableCatalog
instanceKlass org/apache/spark/sql/connector/catalog/CatalogManager
instanceKlass org/apache/spark/sql/catalyst/analysis/LeafNodeWithoutStats
instanceKlass org/apache/spark/sql/catalyst/expressions/WindowSpec
instanceKlass org/apache/spark/sql/execution/QueryExecution$$Lambda$1310
instanceKlass org/apache/spark/sql/execution/QueryExecution$$Lambda$1309
instanceKlass org/apache/spark/sql/execution/QueryExecution$$Lambda$1308
instanceKlass org/apache/spark/sql/execution/QueryExecution$
instanceKlass org/apache/spark/sql/catalyst/expressions/PythonFuncExpression
instanceKlass org/apache/spark/sql/catalyst/expressions/UserDefinedExpression
instanceKlass org/apache/spark/sql/RelationalGroupedDataset$GroupType
instanceKlass org/apache/spark/sql/Column
instanceKlass org/apache/spark/sql/Dataset
instanceKlass org/apache/spark/sql/Dataset$
instanceKlass org/apache/spark/sql/catalyst/plans/logical/LocalRelation$$Lambda$1307
instanceKlass org/apache/spark/sql/catalyst/analysis/TypeCheckResult$TypeCheckSuccess$
instanceKlass org/apache/spark/sql/catalyst/expressions/Expression$$Lambda$1306
instanceKlass org/apache/spark/sql/catalyst/plans/logical/LocalRelation$$Lambda$1305
instanceKlass org/apache/spark/sql/catalyst/plans/logical/LocalRelation$
instanceKlass org/apache/spark/sql/catalyst/expressions/codegen/CodeGenerator$$$Lambda$1304
instanceKlass org/apache/spark/sql/catalyst/expressions/codegen/ByteCodeStats
instanceKlass org/apache/spark/sql/catalyst/expressions/codegen/CodeGenerator$$$Lambda$1303
instanceKlass org/apache/spark/sql/catalyst/expressions/codegen/CodeGenerator$$$Lambda$1302
instanceKlass org/apache/spark/sql/catalyst/expressions/codegen/CodeGenerator$$$Lambda$1301
instanceKlass org/apache/spark/sql/catalyst/expressions/codegen/CodeGenerator$$$Lambda$1300
instanceKlass org/codehaus/janino/SimpleCompiler$2
instanceKlass org/codehaus/janino/util/ClassFile$FieldInfo
instanceKlass org/codehaus/janino/UnitCompiler$28$1
instanceKlass org/apache/spark/unsafe/types/UTF8String$LongWrapper
instanceKlass org/apache/spark/unsafe/types/UTF8String$IntWrapper
instanceKlass org/codehaus/commons/compiler/util/iterator/FilterListIterator
instanceKlass org/codehaus/janino/UnitCompiler$7
instanceKlass org/codehaus/janino/UnitCompiler$14$1
instanceKlass org/codehaus/janino/UnitCompiler$14
instanceKlass org/codehaus/janino/UnitCompiler$20
instanceKlass org/codehaus/janino/UnitCompiler$22
instanceKlass org/codehaus/janino/UnitCompiler$28$2$1
instanceKlass org/codehaus/janino/UnitCompiler$28$2
instanceKlass org/codehaus/janino/UnitCompiler$28
instanceKlass org/apache/spark/sql/catalyst/expressions/codegen/BufferHolder
instanceKlass org/codehaus/janino/UnitCompiler$13
instanceKlass org/codehaus/janino/util/ClassFile$InnerClassesAttribute$Entry
instanceKlass java/lang/invoke/SerializedLambda
instanceKlass org/apache/spark/sql/catalyst/expressions/SubExprEvaluationRuntime
instanceKlass org/codehaus/janino/UnitCompiler$44
instanceKlass org/codehaus/janino/util/ClassFile$CodeAttribute$ExceptionTableEntry
instanceKlass org/codehaus/janino/UnitCompiler$11
instanceKlass org/codehaus/janino/CodeContext$FixUp
instanceKlass org/codehaus/janino/util/ClassFile$StackMapTableAttribute$7
instanceKlass org/codehaus/janino/util/ClassFile$StackMapTableAttribute$6
instanceKlass org/codehaus/janino/util/ClassFile$StackMapTableAttribute$5
instanceKlass org/codehaus/janino/util/ClassFile$StackMapTableAttribute$4
instanceKlass org/codehaus/janino/util/ClassFile$StackMapTableAttribute$3
instanceKlass org/codehaus/janino/util/ClassFile$StackMapTableAttribute$2
instanceKlass org/codehaus/janino/util/ClassFile$StackMapTableAttribute$1
instanceKlass org/codehaus/janino/util/ClassFile$StackMapTableAttribute$StackMapFrame
instanceKlass org/codehaus/janino/UnitCompiler$16$1
instanceKlass org/codehaus/janino/UnitCompiler$15$1
instanceKlass org/codehaus/janino/UnitCompiler$19$1
instanceKlass org/apache/spark/sql/catalyst/expressions/package$AttributeSeq$
instanceKlass org/apache/spark/sql/catalyst/expressions/package$AttributeSeq
instanceKlass org/apache/spark/sql/catalyst/expressions/package
instanceKlass org/codehaus/janino/UnitCompiler$23
instanceKlass org/codehaus/janino/UnitCompiler$26
instanceKlass org/codehaus/janino/UnitCompiler$25
instanceKlass org/codehaus/janino/CodeContext$Relocatable
instanceKlass org/codehaus/janino/util/ClassFile$StackMapTableAttribute$UninitializedVariableInfo
instanceKlass org/codehaus/janino/UnitCompiler$16
instanceKlass org/codehaus/janino/UnitCompiler$15
instanceKlass org/codehaus/janino/UnitCompiler$19
instanceKlass org/codehaus/janino/UnitCompiler$6
instanceKlass org/codehaus/janino/UnitCompiler$12
instanceKlass org/codehaus/janino/Java$LocalVariable
instanceKlass org/codehaus/janino/util/ClassFile$StackMapTableAttribute$ObjectVariableInfo
instanceKlass org/codehaus/janino/Java$LocalVariableSlot
instanceKlass org/codehaus/janino/CodeContext$LocalScope
instanceKlass org/codehaus/janino/StackMap
instanceKlass org/codehaus/janino/CodeContext
instanceKlass org/codehaus/janino/util/ClassFile$MethodInfo
instanceKlass org/codehaus/janino/Mod
instanceKlass org/codehaus/janino/UnitCompiler$42
instanceKlass org/codehaus/janino/util/ClassFile$ConstantPoolInfo
instanceKlass org/codehaus/janino/util/ClassFile
instanceKlass org/codehaus/commons/compiler/util/iterator/Iterables$5
instanceKlass org/codehaus/commons/compiler/util/iterator/Iterables$4
instanceKlass org/codehaus/commons/compiler/util/iterator/Iterables$2
instanceKlass org/codehaus/commons/compiler/util/iterator/Iterables$1
instanceKlass org/codehaus/commons/compiler/util/Predicate
instanceKlass org/codehaus/commons/compiler/util/iterator/Iterables
instanceKlass org/codehaus/janino/UnitCompiler$24
instanceKlass org/codehaus/janino/MethodDescriptor
instanceKlass org/apache/spark/sql/errors/QueryExecutionErrors
instanceKlass org/codehaus/janino/UnitCompiler$43
instanceKlass org/codehaus/janino/UnitCompiler$3
instanceKlass org/codehaus/janino/UnitCompiler$2
instanceKlass org/codehaus/janino/SimpleCompiler$1
instanceKlass org/codehaus/janino/UnitCompiler$17$2
instanceKlass org/codehaus/janino/UnitCompiler$17$1
instanceKlass org/codehaus/janino/UnitCompiler$17
instanceKlass java/util/regex/CharPredicates$$Lambda$1299
instanceKlass org/codehaus/janino/IClass$IField
instanceKlass org/codehaus/janino/util/Annotatable
instanceKlass org/codehaus/janino/UnitCompiler$Compilable2
instanceKlass org/codehaus/janino/util/ClassFile$ElementValue
instanceKlass org/codehaus/janino/util/ClassFile$AttributeInfo
instanceKlass org/codehaus/janino/CodeContext$Offset
instanceKlass org/codehaus/janino/util/ClassFile$StackMapTableAttribute$VerificationTypeInfo
instanceKlass org/codehaus/janino/UnitCompiler
instanceKlass org/codehaus/janino/IParameterizedType
instanceKlass java/lang/Override
instanceKlass org/codehaus/janino/IClass$IAnnotation
instanceKlass org/codehaus/janino/IClass$IInvocable
instanceKlass org/codehaus/janino/IClass$IMember
instanceKlass org/codehaus/janino/IClass$1
instanceKlass org/codehaus/janino/ITypeVariable
instanceKlass org/codehaus/janino/Descriptor
instanceKlass org/codehaus/janino/IClass
instanceKlass org/codehaus/janino/ITypeVariableOrIClass
instanceKlass org/codehaus/commons/compiler/util/resource/ResourceFinder
instanceKlass org/codehaus/janino/Parser$1
instanceKlass org/codehaus/janino/util/AbstractTraverser$4$1
instanceKlass org/codehaus/janino/util/AbstractTraverser$7$1
instanceKlass org/codehaus/janino/util/AbstractTraverser$11
instanceKlass org/codehaus/janino/util/AbstractTraverser$10
instanceKlass org/codehaus/janino/util/AbstractTraverser$9
instanceKlass org/codehaus/janino/util/AbstractTraverser$8
instanceKlass org/codehaus/janino/Visitor$ConstructorInvocationVisitor
instanceKlass org/codehaus/janino/Visitor$TypeVisitor
instanceKlass org/codehaus/janino/util/AbstractTraverser$7
instanceKlass org/codehaus/janino/util/AbstractTraverser$6
instanceKlass org/codehaus/janino/Visitor$FunctionDeclaratorVisitor
instanceKlass org/codehaus/janino/util/AbstractTraverser$5
instanceKlass org/codehaus/janino/Visitor$LvalueVisitor
instanceKlass org/codehaus/janino/util/AbstractTraverser$4
instanceKlass org/codehaus/janino/util/AbstractTraverser$3
instanceKlass org/codehaus/janino/util/AbstractTraverser$2
instanceKlass org/codehaus/janino/util/AbstractTraverser$1
instanceKlass org/codehaus/janino/Visitor$TryStatementResourceVisitor
instanceKlass org/codehaus/janino/Visitor$AnnotationVisitor
instanceKlass org/codehaus/janino/Visitor$ElementValueVisitor
instanceKlass org/codehaus/janino/Visitor$ArrayInitializerOrRvalueVisitor
instanceKlass org/codehaus/janino/Visitor$AtomVisitor
instanceKlass org/codehaus/janino/Visitor$BlockStatementVisitor
instanceKlass org/codehaus/janino/Visitor$FieldDeclarationOrInitializerVisitor
instanceKlass org/codehaus/janino/Visitor$TypeBodyDeclarationVisitor
instanceKlass org/codehaus/janino/Visitor$RvalueVisitor
instanceKlass org/codehaus/janino/Visitor$TypeDeclarationVisitor
instanceKlass org/codehaus/janino/Visitor$ImportVisitor
instanceKlass org/codehaus/janino/Visitor$AbstractCompilationUnitVisitor
instanceKlass org/codehaus/janino/util/AbstractTraverser
instanceKlass org/codehaus/janino/util/Traverser
instanceKlass org/codehaus/janino/Java$Rvalue$2
instanceKlass org/codehaus/janino/Java$EnclosingScopeOfTypeDeclaration
instanceKlass org/codehaus/janino/IType
instanceKlass org/codehaus/janino/Java
instanceKlass org/codehaus/janino/Java$FieldDeclarationOrInitializer
instanceKlass org/codehaus/janino/TokenStreamImpl$1
instanceKlass org/codehaus/janino/Token
instanceKlass org/codehaus/commons/compiler/Location
instanceKlass org/codehaus/janino/TokenStreamImpl
instanceKlass org/codehaus/janino/Java$Annotation
instanceKlass org/codehaus/janino/TokenStream
instanceKlass org/codehaus/janino/Java$LambdaBody
instanceKlass org/codehaus/janino/Java$LambdaParameters
instanceKlass org/codehaus/janino/Java$BlockStatement
instanceKlass org/codehaus/janino/Java$AnnotationTypeDeclaration
instanceKlass org/codehaus/janino/Java$EnumDeclaration
instanceKlass org/codehaus/janino/Java$InnerClassDeclaration
instanceKlass org/codehaus/janino/Java$MemberTypeDeclaration
instanceKlass org/codehaus/janino/Java$TypeBodyDeclaration
instanceKlass org/codehaus/janino/Java$TypeArgument
instanceKlass org/codehaus/janino/Java$Modifier
instanceKlass org/codehaus/janino/Java$ModuleDirective
instanceKlass org/codehaus/janino/Java$ElementValue
instanceKlass org/codehaus/janino/Java$ArrayInitializerOrRvalue
instanceKlass org/codehaus/janino/Parser
instanceKlass org/codehaus/janino/Scanner
instanceKlass org/apache/spark/sql/catalyst/expressions/codegen/CodeGenerator$$$Lambda$1298
instanceKlass org/apache/spark/sql/catalyst/expressions/codegen/GeneratedClass
instanceKlass org/apache/spark/sql/catalyst/util/QuotingUtils$
instanceKlass org/apache/spark/sql/errors/DataTypeErrorsBase$$Lambda$1297
instanceKlass org/apache/spark/sql/catalyst/util/AttributeNameParser$
instanceKlass org/apache/spark/sql/errors/QueryExecutionErrors$
instanceKlass org/apache/spark/sql/errors/ExecutionErrors
instanceKlass org/apache/spark/executor/InputMetrics
instanceKlass org/apache/spark/TaskContext
instanceKlass org/codehaus/commons/compiler/util/SystemProperties
instanceKlass org/codehaus/janino/Java$Located
instanceKlass org/codehaus/janino/UnitCompiler$ClassFileConsumer
instanceKlass org/codehaus/janino/IClassLoader
instanceKlass org/codehaus/commons/compiler/ISimpleCompiler
instanceKlass org/codehaus/janino/Java$DocCommentable
instanceKlass org/codehaus/janino/Java$PackageMemberTypeDeclaration
instanceKlass org/codehaus/janino/Java$NamedTypeDeclaration
instanceKlass org/codehaus/janino/Java$AbstractTypeDeclaration
instanceKlass org/codehaus/janino/Java$ClassDeclaration
instanceKlass org/codehaus/janino/Java$TypeDeclaration
instanceKlass org/codehaus/janino/Java$Locatable
instanceKlass org/codehaus/janino/Java$Annotatable
instanceKlass org/codehaus/janino/Java$AbstractCompilationUnit
instanceKlass org/codehaus/janino/Java$Scope
instanceKlass org/codehaus/commons/compiler/Cookable
instanceKlass org/codehaus/commons/compiler/IClassBodyEvaluator
instanceKlass org/codehaus/commons/compiler/ICookable
instanceKlass org/apache/spark/util/NonFateSharingLoadingCache$$Lambda$1296
instanceKlass org/apache/spark/sql/catalyst/expressions/codegen/GenerateUnsafeProjection$$$Lambda$1295
instanceKlass org/apache/spark/sql/catalyst/expressions/codegen/CodeFormatter$$$Lambda$1294
instanceKlass org/apache/spark/sql/catalyst/expressions/codegen/CodeFormatter$$$Lambda$1293
instanceKlass org/apache/spark/sql/catalyst/expressions/codegen/CodeAndComment
instanceKlass org/apache/spark/sql/catalyst/expressions/codegen/CodegenContext$$Lambda$1292
instanceKlass org/apache/spark/sql/catalyst/expressions/codegen/CodegenContext$$Lambda$1291
instanceKlass org/apache/spark/sql/catalyst/expressions/codegen/CodegenContext$$Lambda$1290
instanceKlass org/apache/spark/sql/catalyst/expressions/codegen/CodegenContext$$Lambda$1289
instanceKlass org/apache/spark/sql/catalyst/expressions/codegen/CodegenContext$$Lambda$1288
instanceKlass org/apache/spark/sql/catalyst/expressions/codegen/CodegenContext$$Lambda$1287
instanceKlass java/lang/invoke/LambdaForm$DMH
instanceKlass org/apache/spark/sql/catalyst/expressions/codegen/CodegenContext$$Lambda$1286
instanceKlass org/apache/spark/sql/catalyst/expressions/codegen/CodegenContext$$Lambda$1285
instanceKlass org/apache/spark/sql/catalyst/expressions/package$Projection
instanceKlass org/apache/spark/sql/catalyst/expressions/ExpressionsEvaluator
instanceKlass org/apache/spark/sql/catalyst/expressions/codegen/SimpleExprValue
instanceKlass java/lang/invoke/LambdaForm$MH
instanceKlass java/lang/invoke/LambdaForm$DMH
instanceKlass org/apache/spark/sql/catalyst/expressions/codegen/CodegenContext$$Lambda$1284
instanceKlass org/apache/spark/sql/catalyst/expressions/codegen/CodegenContext$$Lambda$1283
instanceKlass org/apache/spark/sql/catalyst/expressions/codegen/CodegenContext$$Lambda$1282
instanceKlass org/apache/spark/sql/catalyst/expressions/codegen/CodegenContext$$Lambda$1281
instanceKlass org/apache/spark/sql/catalyst/expressions/codegen/CodegenContext$$Lambda$1280
instanceKlass org/apache/spark/sql/catalyst/expressions/codegen/CodegenContext$$Lambda$1279
instanceKlass scala/collection/TraversableLike$$Lambda$1278
instanceKlass org/apache/spark/sql/catalyst/expressions/codegen/CodegenContext$$Lambda$1277
instanceKlass org/apache/spark/sql/catalyst/expressions/codegen/CodegenContext$$Lambda$1276
instanceKlass org/apache/spark/sql/catalyst/expressions/codegen/CodegenContext$$Lambda$1275
instanceKlass org/apache/spark/sql/catalyst/expressions/codegen/GenerateUnsafeProjection$$$Lambda$1274
instanceKlass org/apache/spark/sql/types/UserDefinedType$
instanceKlass org/apache/spark/sql/catalyst/expressions/codegen/GenerateUnsafeProjection$$$Lambda$1273
instanceKlass org/apache/spark/sql/catalyst/expressions/codegen/GenerateUnsafeProjection$$$Lambda$1272
instanceKlass org/apache/spark/sql/catalyst/expressions/codegen/GenerateUnsafeProjection$$$Lambda$1271
instanceKlass org/apache/spark/sql/catalyst/expressions/codegen/CodegenContext$$Lambda$1270
instanceKlass org/apache/spark/sql/catalyst/expressions/codegen/CodegenContext$$Lambda$1269
instanceKlass org/apache/spark/sql/catalyst/expressions/codegen/GenerateUnsafeProjection$$$Lambda$1268
instanceKlass org/apache/spark/sql/catalyst/expressions/codegen/UnsafeWriter
instanceKlass org/apache/spark/sql/catalyst/expressions/codegen/GenerateUnsafeProjection$$$Lambda$1267
instanceKlass org/apache/spark/sql/catalyst/expressions/codegen/GenerateUnsafeProjection$$$Lambda$1266
instanceKlass org/apache/spark/sql/catalyst/expressions/codegen/GenerateUnsafeProjection$Schema
instanceKlass org/apache/spark/sql/catalyst/expressions/codegen/ExprValue$
instanceKlass java/util/regex/Pattern$CharPredicate$$Lambda$1265
instanceKlass java/util/regex/Pattern$BmpCharPredicate$$Lambda$1264
instanceKlass org/apache/spark/sql/catalyst/expressions/codegen/CodeFormatter$
instanceKlass org/apache/commons/lang3/reflect/MemberUtils
instanceKlass org/apache/commons/lang3/reflect/MethodUtils$$Lambda$1263
instanceKlass org/apache/commons/lang3/reflect/MethodUtils
instanceKlass org/apache/spark/sql/catalyst/expressions/codegen/CodegenContext$$Lambda$1262
instanceKlass org/apache/spark/sql/catalyst/expressions/codegen/CodegenContext$$Lambda$1261
instanceKlass org/apache/spark/sql/catalyst/expressions/codegen/CodegenContext$$Lambda$1260
instanceKlass org/apache/spark/sql/catalyst/expressions/objects/InvokeLike$$Lambda$1259
instanceKlass org/apache/spark/sql/catalyst/expressions/Expression$$Lambda$1258
instanceKlass org/apache/spark/sql/catalyst/expressions/objects/InvokeLike$$Lambda$1257
instanceKlass org/apache/spark/sql/catalyst/expressions/objects/InvokeLike$$Lambda$1256
instanceKlass org/apache/spark/sql/catalyst/expressions/codegen/CodegenContext$$Lambda$1255
instanceKlass org/apache/spark/sql/catalyst/expressions/codegen/GlobalValue
instanceKlass org/apache/spark/sql/catalyst/expressions/codegen/SubExprEliminationState$
instanceKlass org/apache/spark/sql/catalyst/expressions/codegen/NewFunctionSpec
instanceKlass org/apache/spark/sql/catalyst/expressions/codegen/CodegenContext$$Lambda$1254
instanceKlass org/apache/spark/sql/catalyst/expressions/Expression$$Lambda$1253
instanceKlass org/apache/spark/sql/catalyst/expressions/codegen/Block$BlockHelper$$$Lambda$1252
instanceKlass org/apache/spark/sql/catalyst/expressions/codegen/Block$
instanceKlass org/apache/spark/sql/catalyst/expressions/codegen/Block$BlockHelper$
instanceKlass org/apache/spark/sql/catalyst/expressions/codegen/Inline
instanceKlass org/apache/spark/sql/catalyst/expressions/BoundReference$$Lambda$1251
instanceKlass org/apache/spark/sql/catalyst/expressions/codegen/VariableValue
instanceKlass org/apache/spark/sql/catalyst/expressions/codegen/LiteralValue
instanceKlass org/apache/spark/sql/catalyst/expressions/codegen/JavaCode$
instanceKlass org/apache/spark/sql/catalyst/expressions/codegen/ExprCode$
instanceKlass org/apache/spark/sql/catalyst/expressions/Expression$$Lambda$1250
instanceKlass org/apache/spark/sql/catalyst/expressions/Expression$$Lambda$1249
instanceKlass org/apache/spark/sql/catalyst/expressions/codegen/ExprCode
instanceKlass org/apache/spark/sql/catalyst/expressions/codegen/SubExprEliminationState
instanceKlass org/apache/spark/sql/catalyst/expressions/codegen/CodegenContext$$Lambda$1248
instanceKlass org/apache/spark/sql/catalyst/expressions/codegen/CodegenContext$MutableStateArrays
instanceKlass org/apache/spark/util/KeyLock
instanceKlass org/apache/spark/util/NonFateSharingCache
instanceKlass org/apache/spark/util/NonFateSharingCache$
instanceKlass org/apache/spark/sql/catalyst/expressions/codegen/CodeGenerator$$$Lambda$1247
instanceKlass sun/security/util/ManifestEntryVerifier$SunProviderHolder
instanceKlass java/util/Base64$Encoder
instanceKlass java/util/Base64$Decoder
instanceKlass java/util/Base64
instanceKlass java/security/interfaces/RSAKey
instanceKlass javax/crypto/SecretKey
instanceKlass sun/security/util/Length
instanceKlass sun/security/util/KeyUtil
instanceKlass java/security/interfaces/XECKey
instanceKlass java/security/interfaces/ECKey
instanceKlass sun/security/util/JarConstraintsParameters
instanceKlass sun/security/util/ConstraintsParameters
instanceKlass java/security/cert/CertPath
instanceKlass java/math/MutableBigInteger
instanceKlass java/security/spec/DSAParameterSpec
instanceKlass java/security/interfaces/DSAParams
instanceKlass java/security/interfaces/DSAPrivateKey
instanceKlass java/security/PrivateKey
instanceKlass javax/security/auth/Destroyable
instanceKlass sun/security/util/SignatureUtil
instanceKlass java/security/Signature$1
instanceKlass jdk/internal/access/JavaSecuritySignatureAccess
instanceKlass java/security/SignatureSpi
instanceKlass sun/security/x509/OIDMap$OIDInfo
instanceKlass sun/security/x509/OIDMap
instanceKlass sun/security/x509/PKIXExtensions
instanceKlass sun/text/normalizer/Trie2$UTrie2Header
instanceKlass sun/text/normalizer/Trie2$1
instanceKlass sun/text/normalizer/Trie2$ValueMapper
instanceKlass sun/text/normalizer/Trie2
instanceKlass sun/text/normalizer/VersionInfo
instanceKlass sun/text/normalizer/ICUBinary$1
instanceKlass sun/text/normalizer/ICUBinary
instanceKlass sun/text/normalizer/NormalizerImpl$IsAcceptable
instanceKlass sun/text/normalizer/ICUBinary$Authenticate
instanceKlass sun/text/normalizer/NormalizerImpl
instanceKlass sun/text/normalizer/Norm2AllModes$Norm2AllModesSingleton
instanceKlass sun/text/normalizer/Norm2AllModes$NFKCSingleton
instanceKlass sun/text/normalizer/Norm2AllModes
instanceKlass sun/text/normalizer/Normalizer2
instanceKlass sun/text/normalizer/NormalizerBase$ModeImpl
instanceKlass sun/text/normalizer/NormalizerBase$NFKDModeImpl
instanceKlass sun/text/normalizer/NormalizerBase$1
instanceKlass sun/text/normalizer/NormalizerBase$Mode
instanceKlass sun/text/normalizer/NormalizerBase
instanceKlass java/text/Normalizer
instanceKlass sun/security/x509/AVAKeyword
instanceKlass sun/security/pkcs/SignerInfo$AlgorithmInfo
instanceKlass sun/security/x509/CertificateExtensions
instanceKlass sun/security/pkcs/PKCS9Attribute
instanceKlass sun/security/pkcs/PKCS9Attributes
instanceKlass java/time/zone/ZoneOffsetTransition
instanceKlass java/time/ZonedDateTime
instanceKlass java/time/chrono/ChronoZonedDateTime
instanceKlass java/time/zone/ZoneOffsetTransitionRule
instanceKlass java/time/zone/ZoneRules
instanceKlass sun/security/util/DisabledAlgorithmConstraints$Constraints$Holder
instanceKlass sun/security/util/DisabledAlgorithmConstraints$1
instanceKlass java/security/spec/ECFieldF2m
instanceKlass java/security/spec/ECParameterSpec
instanceKlass java/security/spec/AlgorithmParameterSpec
instanceKlass java/security/spec/ECPoint
instanceKlass java/security/spec/EllipticCurve
instanceKlass java/security/spec/ECFieldFp
instanceKlass java/security/spec/ECField
instanceKlass sun/security/util/CurveDB
instanceKlass sun/security/util/DisabledAlgorithmConstraints$Constraint
instanceKlass sun/security/util/DisabledAlgorithmConstraints$Constraints
instanceKlass sun/security/util/AlgorithmDecomposer
instanceKlass sun/security/util/DisabledAlgorithmConstraints$JarHolder
instanceKlass sun/security/pkcs/SignerInfo
instanceKlass jdk/internal/event/EventHelper
instanceKlass sun/security/jca/JCAUtil
instanceKlass sun/security/util/MemoryCache$CacheEntry
instanceKlass sun/security/x509/X509AttributeName
instanceKlass java/security/interfaces/DSAPublicKey
instanceKlass java/security/interfaces/DSAKey
instanceKlass java/security/spec/DSAPublicKeySpec
instanceKlass java/security/KeyFactorySpi
instanceKlass sun/security/jca/ProviderList$ServiceList$1
instanceKlass java/security/KeyFactory
instanceKlass java/security/spec/EncodedKeySpec
instanceKlass java/security/spec/KeySpec
instanceKlass sun/security/util/BitArray
instanceKlass java/security/AlgorithmParametersSpi
instanceKlass java/security/AlgorithmParameters
instanceKlass sun/security/x509/X509Key
instanceKlass java/security/PublicKey
instanceKlass java/security/Key
instanceKlass sun/security/x509/CertificateX509Key
instanceKlass sun/security/x509/CertificateValidity
instanceKlass sun/security/x509/AVA
instanceKlass sun/security/x509/RDN
instanceKlass javax/security/auth/x500/X500Principal
instanceKlass sun/security/x509/X500Name$1
instanceKlass sun/security/x509/X500Name
instanceKlass sun/security/x509/GeneralNameInterface
instanceKlass sun/security/x509/CertificateAlgorithmId
instanceKlass sun/security/x509/SerialNumber
instanceKlass sun/security/x509/CertificateSerialNumber
instanceKlass sun/security/x509/CertificateVersion
instanceKlass sun/security/x509/X509CertInfo
instanceKlass sun/security/x509/CertAttrSet
instanceKlass sun/security/util/Cache$EqualByteArray
instanceKlass sun/security/util/Cache
instanceKlass java/security/cert/CertificateFactorySpi
instanceKlass java/security/cert/CertificateFactory
instanceKlass sun/security/x509/AlgorithmId
instanceKlass sun/security/util/ByteArrayTagOrder
instanceKlass sun/security/util/ByteArrayLexOrder
instanceKlass sun/security/util/DerEncoder
instanceKlass sun/security/util/IOUtils
instanceKlass sun/security/util/DerValue
instanceKlass sun/security/pkcs/ContentInfo
instanceKlass sun/security/util/DerIndefLenConverter
instanceKlass sun/security/util/DerInputStream
instanceKlass sun/security/pkcs/PKCS7
instanceKlass sun/security/util/ManifestDigester$$Lambda$1246
instanceKlass sun/security/util/ManifestDigester$Section
instanceKlass sun/security/util/ManifestDigester$Entry
instanceKlass sun/security/util/ManifestDigester$Position
instanceKlass sun/security/util/ManifestDigester
instanceKlass sun/security/util/ManifestEntryVerifier
instanceKlass java/security/CodeSigner
instanceKlass java/util/jar/JarVerifier
instanceKlass org/apache/spark/sql/catalyst/expressions/codegen/CodeGenerator$
instanceKlass org/apache/spark/sql/catalyst/expressions/codegen/CodegenContext$$Lambda$1245
instanceKlass org/apache/spark/sql/catalyst/expressions/codegen/CodegenContext$$Lambda$1244
instanceKlass org/apache/spark/sql/catalyst/expressions/codegen/CodegenContext$$Lambda$1243
instanceKlass org/apache/spark/sql/catalyst/expressions/EquivalentExpressions$$Lambda$1242
instanceKlass org/apache/spark/sql/catalyst/expressions/EquivalentExpressions$$Lambda$1241
instanceKlass scala/math/Ordering$$anon$1
instanceKlass org/apache/spark/sql/catalyst/expressions/EquivalentExpressions$$Lambda$1240
instanceKlass org/apache/spark/sql/catalyst/expressions/EquivalentExpressions$$Lambda$1239
instanceKlass org/apache/spark/sql/catalyst/expressions/EquivalentExpressions$$Lambda$1238
instanceKlass org/apache/spark/sql/catalyst/expressions/EquivalentExpressions$$Lambda$1237
instanceKlass org/apache/spark/sql/catalyst/expressions/Expression$$Lambda$1236
instanceKlass org/apache/spark/sql/catalyst/expressions/EquivalentExpressions$$Lambda$1235
instanceKlass org/apache/spark/sql/catalyst/expressions/ExpressionStats
instanceKlass org/apache/spark/sql/catalyst/expressions/ExpressionEquals$$Lambda$1234
instanceKlass org/apache/spark/sql/catalyst/expressions/ExpressionEquals$$Lambda$1233
instanceKlass scala/runtime/java8/JFunction2$mcIII$sp
instanceKlass org/apache/spark/sql/catalyst/expressions/ExpressionEquals$$Lambda$1232
instanceKlass org/apache/spark/sql/catalyst/expressions/Expression$$Lambda$1231
instanceKlass org/apache/spark/sql/catalyst/expressions/ExpressionEquals
instanceKlass org/apache/spark/sql/catalyst/expressions/objects/Invoke$$Lambda$1230
instanceKlass org/apache/spark/sql/catalyst/expressions/objects/StaticInvoke$$Lambda$1229
instanceKlass org/apache/spark/sql/catalyst/trees/TreeNode$$Lambda$1228
instanceKlass org/apache/spark/sql/catalyst/expressions/EquivalentExpressions$$Lambda$1227
instanceKlass org/apache/spark/sql/catalyst/expressions/codegen/CodegenContext$$Lambda$1226
instanceKlass org/apache/spark/sql/catalyst/expressions/Expression$$Lambda$1225
instanceKlass org/apache/spark/sql/catalyst/expressions/Expression$$Lambda$1224
instanceKlass org/apache/spark/sql/catalyst/expressions/codegen/CodegenContext$$Lambda$1223
instanceKlass org/apache/spark/sql/catalyst/expressions/EquivalentExpressions$
instanceKlass org/apache/spark/sql/catalyst/expressions/EquivalentExpressions
instanceKlass org/apache/spark/sql/catalyst/expressions/codegen/CodegenContext
instanceKlass org/apache/spark/sql/catalyst/rules/PlanChangeLogger$$Lambda$1222
instanceKlass org/apache/spark/sql/catalyst/rules/PlanChangeLogger$$Lambda$1221
instanceKlass org/apache/spark/sql/catalyst/rules/RuleExecutor$$Lambda$1220
instanceKlass java/lang/invoke/LambdaForm$MH
instanceKlass java/lang/invoke/LambdaForm$DMH
instanceKlass java/lang/invoke/LambdaForm$DMH
instanceKlass org/apache/spark/sql/catalyst/rules/RuleExecutor$$Lambda$1219
instanceKlass java/lang/invoke/LambdaForm$DMH
instanceKlass org/apache/spark/sql/catalyst/QueryPlanningTracker
instanceKlass org/apache/spark/sql/catalyst/rules/PlanChangeLogger$$Lambda$1218
instanceKlass java/lang/invoke/LambdaForm$MH
instanceKlass java/lang/invoke/LambdaForm$DMH
instanceKlass java/lang/invoke/LambdaForm$DMH
instanceKlass org/apache/spark/sql/catalyst/rules/RuleExecutor$$Lambda$1217
instanceKlass java/lang/invoke/LambdaForm$DMH
instanceKlass java/lang/invoke/LambdaForm$MH
instanceKlass java/lang/invoke/LambdaForm$DMH
instanceKlass java/lang/invoke/LambdaForm$DMH
instanceKlass org/apache/spark/sql/catalyst/rules/RuleExecutor$$Lambda$1216
instanceKlass java/lang/invoke/LambdaForm$DMH
instanceKlass org/apache/spark/sql/catalyst/rules/QueryExecutionMetrics
instanceKlass org/apache/spark/sql/catalyst/QueryPlanningTracker$
instanceKlass org/apache/spark/sql/catalyst/rules/PlanChangeLogger$$Lambda$1215
instanceKlass org/apache/spark/sql/catalyst/rules/PlanChangeLogger$$Lambda$1214
instanceKlass org/apache/spark/sql/internal/SQLConf$$Lambda$1213
instanceKlass org/apache/spark/sql/catalyst/rules/PlanChangeLogger
instanceKlass org/sparkproject/guava/util/concurrent/AtomicLongMap
instanceKlass org/apache/spark/sql/catalyst/rules/QueryExecutionMetering
instanceKlass org/apache/spark/sql/catalyst/rules/RuleExecutor$
instanceKlass org/apache/spark/sql/catalyst/rules/RuleExecutor$Batch
instanceKlass org/apache/spark/sql/catalyst/rules/RuleExecutor$Strategy
instanceKlass org/apache/spark/sql/catalyst/expressions/codegen/GenerateUnsafeProjection$$$Lambda$1212
instanceKlass org/apache/spark/sql/catalyst/expressions/codegen/CodeGenerator
instanceKlass org/apache/spark/sql/catalyst/expressions/CodeGeneratorWithInterpretedFallback
instanceKlass org/apache/spark/sql/SparkSession$$Lambda$1211
instanceKlass org/apache/spark/sql/catalyst/expressions/AttributeReference$
instanceKlass org/apache/spark/sql/catalyst/types/DataTypeUtils$$$Lambda$1210
instanceKlass scala/collection/immutable/StreamIterator$$Lambda$1209
instanceKlass scala/collection/immutable/StreamIterator$$Lambda$1208
instanceKlass scala/collection/immutable/StreamIterator$LazyCell
instanceKlass scala/collection/immutable/StreamView
instanceKlass scala/collection/immutable/StreamViewLike
instanceKlass scala/collection/Iterator$$Lambda$1207
instanceKlass scala/collection/immutable/Stream$cons$
instanceKlass org/apache/spark/sql/catalyst/plans/QueryPlan$$Lambda$1206
instanceKlass org/apache/spark/sql/catalyst/plans/QueryPlan$$Lambda$1205
instanceKlass org/apache/spark/sql/catalyst/optimizer/ReassignLambdaVariableID$$$Lambda$1204
instanceKlass org/apache/spark/sql/catalyst/encoders/ExpressionEncoder$Serializer
instanceKlass org/apache/spark/sql/catalyst/encoders/ExpressionEncoder$$Lambda$1203
instanceKlass org/apache/spark/sql/catalyst/encoders/ExpressionEncoder$$Lambda$1202
instanceKlass org/apache/spark/sql/catalyst/encoders/package$
instanceKlass org/apache/spark/sql/DatasetHolder$
instanceKlass org/apache/spark/sql/catalyst/encoders/ExpressionEncoder$$Lambda$1201
instanceKlass org/apache/spark/sql/catalyst/encoders/ExpressionEncoder$$Lambda$1200
instanceKlass org/apache/spark/sql/catalyst/encoders/ExpressionEncoder$$Lambda$1199
instanceKlass org/apache/spark/sql/catalyst/encoders/ExpressionEncoder$$Lambda$1198
instanceKlass org/apache/spark/sql/catalyst/trees/TreeNode$$Lambda$1197
instanceKlass org/apache/spark/sql/catalyst/trees/TreeNode$$Lambda$1196
instanceKlass scala/PartialFunction$$anon$1$$Lambda$1195
instanceKlass scala/PartialFunction$$anon$1
instanceKlass scala/PartialFunction$$$Lambda$1194
instanceKlass scala/PartialFunction$
instanceKlass org/apache/spark/sql/catalyst/trees/TreeNode$$Lambda$1193
instanceKlass org/apache/spark/sql/catalyst/encoders/ExpressionEncoder$$Lambda$1192
instanceKlass org/apache/spark/sql/catalyst/encoders/ExpressionEncoder$$Lambda$1191
instanceKlass org/apache/spark/sql/catalyst/expressions/Expression$$Lambda$1190
instanceKlass org/apache/spark/sql/catalyst/expressions/AttributeSet$$$Lambda$1189
instanceKlass org/apache/spark/sql/catalyst/expressions/AttributeSet$$$Lambda$1188
instanceKlass org/apache/spark/sql/catalyst/expressions/AttributeSet
instanceKlass org/apache/spark/sql/catalyst/expressions/AttributeSet$
instanceKlass org/apache/spark/sql/catalyst/encoders/ExpressionEncoder$$Lambda$1187
instanceKlass org/apache/spark/sql/catalyst/encoders/ExpressionEncoder$$Lambda$1186
instanceKlass org/apache/spark/sql/catalyst/analysis/UnresolvedAttribute$
instanceKlass org/apache/spark/sql/catalyst/util/AttributeNameParser
instanceKlass org/apache/spark/sql/catalyst/trees/TreeNode$$Lambda$1185
instanceKlass org/apache/spark/sql/types/Metadata$$$Lambda$1184
instanceKlass org/apache/spark/sql/catalyst/trees/TreeNode$$Lambda$1183
instanceKlass org/apache/spark/sql/catalyst/trees/TreeNode$$Lambda$1182
instanceKlass org/apache/spark/sql/catalyst/trees/TreeNode$$Lambda$1181
instanceKlass org/apache/spark/sql/catalyst/expressions/ExprId
instanceKlass org/apache/spark/sql/catalyst/expressions/NamedExpression$
instanceKlass org/apache/spark/sql/catalyst/expressions/Alias$
instanceKlass org/apache/spark/sql/catalyst/expressions/CreateNamedStruct$$Lambda$1180
instanceKlass org/apache/spark/sql/catalyst/trees/TernaryLike$$Lambda$1179
instanceKlass org/apache/spark/sql/catalyst/trees/TreeNode$$Lambda$1178
instanceKlass org/apache/spark/sql/catalyst/trees/TreeNode$$Lambda$1177
instanceKlass scala/LowPriorityImplicits$$anon$4
instanceKlass org/apache/spark/unsafe/hash/Murmur3_x86_32
instanceKlass org/apache/spark/sql/catalyst/util/MapData
instanceKlass org/apache/spark/sql/catalyst/trees/TreeNode$$Lambda$1176
instanceKlass org/apache/spark/sql/catalyst/trees/TreeNode$$Lambda$1175
instanceKlass org/apache/spark/sql/catalyst/trees/UnaryLike$$Lambda$1174
instanceKlass org/apache/spark/sql/catalyst/trees/TreeNode$$Lambda$1173
instanceKlass org/apache/spark/sql/catalyst/trees/TreeNode$$Lambda$1172
instanceKlass org/apache/spark/sql/catalyst/trees/TreeNode$$Lambda$1171
instanceKlass org/apache/spark/sql/catalyst/trees/AlwaysProcess$$$Lambda$1170
instanceKlass org/apache/spark/sql/catalyst/trees/AlwaysProcess$
instanceKlass org/apache/spark/sql/catalyst/expressions/ComplexTypeMergingExpression$$Lambda$1169
instanceKlass org/apache/spark/sql/catalyst/expressions/ComplexTypeMergingExpression$$Lambda$1168
instanceKlass org/apache/spark/sql/types/DataType$$$Lambda$1167
instanceKlass org/apache/spark/sql/types/DataType$$$Lambda$1166
instanceKlass org/apache/spark/sql/types/DataType$
instanceKlass org/apache/spark/sql/internal/SQLConf$$Lambda$1165
instanceKlass org/apache/spark/sql/SparkSession$$Lambda$1164
instanceKlass org/apache/spark/sql/SparkSessionExtensions$$Lambda$1163
instanceKlass org/apache/spark/sql/SparkSessionExtensions$$Lambda$1162
instanceKlass org/apache/spark/sql/SparkSessionExtensions$$Lambda$1161
instanceKlass org/apache/spark/sql/SparkSessionExtensions$$Lambda$1160
instanceKlass org/apache/spark/sql/catalyst/rules/Rule
instanceKlass org/apache/spark/sql/execution/adaptive/AdaptiveRulesHolder
instanceKlass org/apache/spark/sql/SparkSessionExtensions$$Lambda$1159
instanceKlass org/apache/spark/sql/execution/ColumnarRule
instanceKlass org/apache/spark/sql/internal/BaseSessionStateBuilder$$Lambda$1158
instanceKlass org/apache/spark/sql/internal/SessionStateBuilder$$Lambda$1157
instanceKlass org/apache/spark/sql/internal/BaseSessionStateBuilder$$Lambda$1156
instanceKlass org/apache/spark/sql/execution/QueryExecution
instanceKlass org/apache/spark/sql/internal/BaseSessionStateBuilder$$Lambda$1155
instanceKlass org/apache/spark/sql/internal/SessionResourceLoader
instanceKlass org/apache/spark/sql/util/ExecutionListenerManager$$Lambda$1154
instanceKlass org/apache/spark/sql/internal/BaseSessionStateBuilder$$Lambda$1153
instanceKlass org/apache/spark/sql/internal/BaseSessionStateBuilder$$Lambda$1152
instanceKlass org/apache/spark/sql/util/ExecutionListenerManager
instanceKlass org/apache/spark/sql/internal/BaseSessionStateBuilder$$Lambda$1151
instanceKlass org/apache/spark/sql/streaming/StreamingQueryManager
instanceKlass org/apache/spark/sql/execution/OrderPreservingUnaryExecNode
instanceKlass org/apache/spark/sql/execution/PartitioningPreservingUnaryExecNode
instanceKlass org/apache/spark/sql/execution/UnaryExecNode
instanceKlass org/apache/spark/sql/execution/CodegenSupport
instanceKlass org/apache/spark/sql/internal/BaseSessionStateBuilder$$Lambda$1150
instanceKlass org/apache/spark/sql/internal/BaseSessionStateBuilder$$Lambda$1149
instanceKlass org/apache/spark/sql/SparkSessionExtensions$$Lambda$1148
instanceKlass org/apache/spark/sql/internal/VariableSubstitution$$anon$1
instanceKlass org/apache/spark/sql/internal/VariableSubstitution
instanceKlass org/apache/spark/sql/catalyst/analysis/ViewType
instanceKlass org/apache/spark/sql/catalyst/plans/logical/BinaryCommand
instanceKlass org/apache/spark/sql/catalyst/plans/logical/IgnoreCachedData
instanceKlass org/apache/spark/sql/execution/ExplainMode
instanceKlass org/apache/spark/sql/catalyst/plans/logical/HasPartitionExpressions
instanceKlass org/apache/spark/sql/catalyst/expressions/NullOrdering
instanceKlass org/apache/spark/sql/catalyst/plans/JoinType
instanceKlass org/apache/spark/sql/connector/expressions/Literal
instanceKlass org/apache/spark/sql/connector/expressions/Transform
instanceKlass org/apache/spark/sql/catalyst/plans/logical/V2CreateTableAsSelectPlan
instanceKlass org/apache/spark/sql/catalyst/plans/logical/AnalysisOnlyCommand
instanceKlass org/apache/spark/sql/catalyst/plans/logical/V2CreateTablePlan
instanceKlass org/apache/spark/sql/catalyst/plans/logical/TableSpecBase
instanceKlass org/apache/spark/sql/connector/expressions/NamedReference
instanceKlass org/apache/spark/sql/connector/expressions/Expression
instanceKlass org/apache/spark/sql/catalyst/plans/logical/BinaryNode
instanceKlass org/apache/spark/sql/catalyst/expressions/BaseGroupingSets
instanceKlass org/apache/spark/sql/catalyst/analysis/PartitionSpec
instanceKlass org/apache/spark/sql/catalyst/plans/logical/AlterTableCommand
instanceKlass org/apache/spark/sql/catalyst/analysis/FieldName
instanceKlass org/apache/spark/sql/catalyst/plans/logical/OrderPreservingUnaryNode
instanceKlass org/apache/spark/sql/catalyst/plans/AliasAwareQueryOutputOrdering
instanceKlass org/apache/spark/sql/catalyst/plans/AliasAwareOutputExpression
instanceKlass org/antlr/v4/runtime/tree/AbstractParseTreeVisitor
instanceKlass org/apache/spark/sql/catalyst/parser/SqlBaseParserVisitor
instanceKlass org/antlr/v4/runtime/tree/ParseTreeVisitor
instanceKlass org/antlr/v4/runtime/RuleContext
instanceKlass org/antlr/v4/runtime/tree/RuleNode
instanceKlass org/antlr/v4/runtime/tree/ParseTree
instanceKlass org/antlr/v4/runtime/tree/SyntaxTree
instanceKlass org/antlr/v4/runtime/tree/Tree
instanceKlass org/antlr/v4/runtime/ANTLRErrorStrategy
instanceKlass org/antlr/v4/runtime/tree/ParseTreeListener
instanceKlass org/antlr/v4/runtime/TokenStream
instanceKlass org/antlr/v4/runtime/TokenSource
instanceKlass org/antlr/v4/runtime/ANTLRErrorListener
instanceKlass org/antlr/v4/runtime/CharStream
instanceKlass org/antlr/v4/runtime/IntStream
instanceKlass org/apache/spark/sql/catalyst/parser/AbstractParser
instanceKlass org/apache/spark/sql/internal/BaseSessionStateBuilder$$Lambda$1147
instanceKlass org/apache/spark/sql/catalyst/catalog/SessionCatalog
instanceKlass org/apache/spark/sql/UDTFRegistration
instanceKlass org/apache/spark/sql/expressions/UserDefinedFunction
instanceKlass org/apache/spark/sql/UDFRegistration
instanceKlass org/apache/spark/sql/SparkSessionExtensions$$Lambda$1146
instanceKlass org/apache/spark/sql/SparkSessionExtensions$$Lambda$1145
instanceKlass org/apache/spark/sql/catalyst/analysis/SimpleTableFunctionRegistry$$Lambda$1144
instanceKlass org/apache/spark/sql/catalyst/analysis/TableFunctionRegistry$$$Lambda$1143
instanceKlass org/apache/spark/sql/catalyst/analysis/SimpleTableFunctionRegistry
instanceKlass org/apache/spark/sql/catalyst/analysis/TableFunctionRegistry$$$Lambda$1142
instanceKlass java/lang/invoke/LambdaForm$DMH
instanceKlass org/apache/spark/sql/catalyst/expressions/ExplodeOuterGeneratorBuilder$
instanceKlass org/apache/spark/sql/catalyst/analysis/TableFunctionRegistry$$$Lambda$1141
instanceKlass org/apache/spark/sql/catalyst/expressions/ExplodeGeneratorBuilder$
instanceKlass org/apache/spark/sql/catalyst/expressions/ExplodeGeneratorBuilderBase
instanceKlass org/apache/spark/sql/catalyst/analysis/TableFunctionRegistry$$$Lambda$1140
instanceKlass org/apache/spark/sql/catalyst/expressions/SortDirection
instanceKlass org/apache/spark/sql/catalyst/analysis/GeneratorBuilder
instanceKlass org/apache/spark/sql/catalyst/analysis/TableFunctionRegistry$
instanceKlass org/apache/spark/sql/internal/BaseSessionStateBuilder$$Lambda$1139
instanceKlass org/apache/spark/sql/internal/BaseSessionStateBuilder$$Lambda$1138
instanceKlass org/apache/spark/sql/SparkSessionExtensions$$Lambda$1137
instanceKlass org/apache/spark/sql/SparkSessionExtensions$$Lambda$1136
instanceKlass org/apache/spark/sql/catalyst/analysis/SimpleFunctionRegistry$$Lambda$1135
instanceKlass org/apache/spark/sql/catalyst/analysis/SimpleFunctionRegistryBase$$Lambda$1134
instanceKlass scala/collection/mutable/HashMap$$Lambda$1133
instanceKlass org/apache/spark/sql/catalyst/FunctionIdentifier
instanceKlass org/apache/spark/sql/catalyst/CatalystIdentifier
instanceKlass org/apache/spark/sql/catalyst/FunctionIdentifier$
instanceKlass org/apache/spark/sql/catalyst/analysis/FunctionRegistry$$$Lambda$1132
instanceKlass org/apache/spark/sql/catalyst/analysis/SimpleFunctionRegistry
instanceKlass org/apache/spark/sql/catalyst/analysis/SimpleFunctionRegistryBase
instanceKlass org/apache/spark/sql/catalyst/expressions/MaskExpressionBuilder$
instanceKlass org/apache/spark/sql/catalyst/analysis/FunctionRegistry$$$Lambda$1131
instanceKlass org/apache/spark/sql/catalyst/expressions/SizeBasedWindowFunction
instanceKlass org/apache/spark/sql/catalyst/expressions/SpecialFrameBoundary
instanceKlass org/apache/spark/sql/catalyst/expressions/FrameType
instanceKlass org/apache/spark/sql/catalyst/expressions/WindowFrame
instanceKlass org/apache/spark/sql/catalyst/expressions/OffsetWindowFunction
instanceKlass org/apache/spark/sql/catalyst/expressions/WindowFunction
instanceKlass org/apache/spark/sql/catalyst/expressions/CreateStruct$$$Lambda$1130
instanceKlass org/apache/spark/sql/catalyst/expressions/CreateStruct$
instanceKlass org/apache/spark/sql/catalyst/expressions/MapBasedSimpleHigherOrderFunction
instanceKlass org/apache/spark/sql/catalyst/expressions/Sequence$InternalSequence
instanceKlass org/apache/spark/sql/catalyst/expressions/codegen/Block
instanceKlass org/apache/spark/sql/catalyst/expressions/ArraySortLike
instanceKlass org/apache/spark/sql/catalyst/expressions/ArrayBasedSimpleHigherOrderFunction
instanceKlass org/apache/spark/sql/catalyst/expressions/SimpleHigherOrderFunction
instanceKlass org/apache/spark/sql/catalyst/expressions/HigherOrderFunction
instanceKlass org/apache/spark/sql/catalyst/util/ArrayData
instanceKlass org/apache/spark/sql/catalyst/expressions/ArrayBinaryLike
instanceKlass org/apache/spark/sql/catalyst/expressions/ArraySetLike
instanceKlass org/apache/spark/sql/catalyst/expressions/BinaryArrayExpressionWithImplicitCast
instanceKlass org/apache/spark/sql/catalyst/expressions/DatePartExpressionBuilder$
instanceKlass org/apache/spark/sql/catalyst/expressions/MakeTimestampLTZExpressionBuilder$
instanceKlass org/apache/spark/sql/catalyst/expressions/MakeTimestampNTZExpressionBuilder$
instanceKlass org/apache/spark/sql/catalyst/expressions/TruncInstant
instanceKlass org/apache/spark/sql/catalyst/expressions/ParseToTimestampLTZExpressionBuilder$
instanceKlass org/apache/spark/sql/catalyst/expressions/ParseToTimestampNTZExpressionBuilder$
instanceKlass org/apache/spark/sql/catalyst/expressions/GetTimeField
instanceKlass org/apache/spark/sql/catalyst/expressions/UTCTimestamp
instanceKlass org/apache/spark/sql/catalyst/expressions/GetDateField
instanceKlass org/apache/spark/sql/catalyst/expressions/TimestampFormatterHelper
instanceKlass org/apache/spark/sql/catalyst/expressions/CurDateExpressionBuilder$
instanceKlass org/apache/spark/sql/catalyst/expressions/RPadExpressionBuilder$
instanceKlass org/apache/spark/sql/catalyst/expressions/String2TrimExpression
instanceKlass org/apache/spark/sql/catalyst/expressions/LPadExpressionBuilder$
instanceKlass org/apache/spark/sql/catalyst/expressions/PadExpressionBuilderBase
instanceKlass org/apache/spark/sql/catalyst/expressions/String2StringExpression
instanceKlass org/apache/spark/sql/catalyst/expressions/WriteStyle
instanceKlass org/apache/spark/sql/catalyst/expressions/EndsWithExpressionBuilder$
instanceKlass org/apache/spark/sql/catalyst/expressions/StartsWithExpressionBuilder$
instanceKlass org/apache/spark/sql/catalyst/expressions/ContainsExpressionBuilder$
instanceKlass org/apache/spark/sql/catalyst/expressions/StringBinaryPredicateExpressionBuilderBase
instanceKlass org/apache/spark/sql/catalyst/plans/logical/InputParameter
instanceKlass org/apache/spark/sql/catalyst/plans/logical/FunctionSignature
instanceKlass org/apache/spark/sql/catalyst/expressions/aggregate/CountMinSketchAggExpressionBuilder$
instanceKlass org/apache/spark/util/collection/OpenHashMap
instanceKlass org/apache/spark/sql/catalyst/expressions/RuntimeReplaceableAggregate
instanceKlass org/apache/spark/sql/catalyst/expressions/IntervalDivide
instanceKlass org/apache/spark/sql/catalyst/expressions/aggregate/AggregateMode
instanceKlass org/apache/spark/sql/catalyst/expressions/TryToTimestampExpressionBuilder$
instanceKlass org/apache/spark/sql/catalyst/expressions/aggregate/TrySumExpressionBuilder$
instanceKlass org/apache/spark/sql/catalyst/expressions/aggregate/TryAverageExpressionBuilder$
instanceKlass org/apache/spark/sql/catalyst/expressions/GetArrayItemUtil
instanceKlass org/apache/spark/sql/catalyst/expressions/GetMapValueUtil
instanceKlass org/apache/spark/sql/catalyst/trees/QuaternaryLike
instanceKlass org/apache/spark/sql/catalyst/expressions/DivModLike
instanceKlass org/apache/spark/sql/catalyst/expressions/FloorExpressionBuilder$
instanceKlass org/apache/spark/sql/catalyst/expressions/codegen/CodegenFallback
instanceKlass org/apache/spark/sql/catalyst/expressions/CeilExpressionBuilder$
instanceKlass org/apache/spark/sql/catalyst/expressions/CeilFloorExpressionBuilderBase
instanceKlass org/apache/spark/sql/catalyst/expressions/ExpressionWithRandomSeed
instanceKlass org/apache/spark/sql/catalyst/expressions/Nondeterministic
instanceKlass org/apache/spark/sql/catalyst/analysis/FunctionRegistryBase$$$Lambda$1129
instanceKlass java/lang/invoke/LambdaForm$DMH
instanceKlass scala/collection/TraversableOnce$$Lambda$1128
instanceKlass scala/collection/mutable/ArrayOps$ofInt$
instanceKlass org/apache/spark/sql/catalyst/analysis/FunctionRegistryBase$$$Lambda$1127
instanceKlass scala/collection/mutable/ArrayOps$ofInt
instanceKlass org/apache/spark/sql/catalyst/expressions/RuntimeReplaceable
instanceKlass org/apache/spark/sql/catalyst/analysis/FunctionRegistry$$$Lambda$1126
instanceKlass org/apache/spark/sql/catalyst/expressions/CommutativeExpression
instanceKlass org/apache/spark/sql/catalyst/analysis/FunctionRegistry$$$Lambda$1125
instanceKlass org/apache/spark/sql/catalyst/analysis/FunctionRegistry$$$Lambda$1124
instanceKlass org/apache/spark/sql/catalyst/expressions/CollectionGenerator
instanceKlass org/apache/spark/sql/catalyst/expressions/Generator
instanceKlass org/apache/spark/sql/catalyst/expressions/ExplodeExpressionBuilder$
instanceKlass org/apache/spark/sql/catalyst/analysis/FunctionRegistry$$$Lambda$1123
instanceKlass java/lang/invoke/LambdaForm$DMH
instanceKlass org/apache/spark/sql/catalyst/analysis/FunctionRegistryBase$$$Lambda$1122
instanceKlass org/apache/spark/sql/catalyst/expressions/ExpressionInfo
instanceKlass org/apache/spark/sql/catalyst/expressions/ExpressionDescription
instanceKlass org/apache/spark/sql/catalyst/analysis/FunctionRegistryBase$$$Lambda$1121
instanceKlass org/apache/spark/sql/catalyst/analysis/FunctionRegistryBase$$$Lambda$1120
instanceKlass org/apache/spark/sql/catalyst/expressions/InheritAnalysisRules
instanceKlass org/apache/spark/sql/catalyst/analysis/FunctionRegistryBase$
instanceKlass org/apache/spark/sql/catalyst/trees/TreeNodeTag
instanceKlass org/apache/spark/sql/catalyst/analysis/ExpressionBuilder
instanceKlass org/apache/spark/sql/catalyst/plans/logical/FunctionBuilderBase
instanceKlass org/apache/spark/sql/catalyst/analysis/FunctionRegistry$
instanceKlass org/apache/spark/sql/internal/BaseSessionStateBuilder$$Lambda$1119
instanceKlass org/apache/spark/sql/internal/BaseSessionStateBuilder$$Lambda$1118
instanceKlass org/apache/spark/sql/internal/BaseSessionStateBuilder$$Lambda$1117
instanceKlass org/apache/spark/sql/internal/BaseSessionStateBuilder$$Lambda$1116
instanceKlass org/apache/spark/sql/ExperimentalMethods
instanceKlass org/apache/spark/sql/internal/SQLConf$$$Lambda$1115
instanceKlass org/apache/spark/sql/internal/SQLConf$$$Lambda$1114
instanceKlass org/apache/spark/sql/internal/SQLConf$$$Lambda$1113
instanceKlass org/apache/spark/sql/internal/SQLConf$$Lambda$1112
instanceKlass org/apache/spark/sql/internal/SQLConf$$Lambda$1111
instanceKlass org/apache/spark/sql/internal/SQLConf$$Lambda$1110
instanceKlass org/apache/spark/sql/internal/SQLConf$$Lambda$1109
instanceKlass org/apache/spark/sql/internal/SQLConf$$$Lambda$1108
instanceKlass org/apache/spark/internal/config/MapProvider
instanceKlass org/apache/spark/sql/catalyst/plans/logical/HintErrorHandler
instanceKlass org/apache/spark/sql/internal/BaseSessionStateBuilder$$Lambda$1107
instanceKlass org/apache/spark/sql/internal/BaseSessionStateBuilder$$Lambda$1106
instanceKlass org/apache/spark/sql/catalyst/planning/QueryPlanner
instanceKlass org/apache/spark/sql/connector/catalog/CatalogPlugin
instanceKlass org/apache/spark/sql/catalyst/analysis/TableFunctionRegistry
instanceKlass org/apache/spark/sql/catalyst/parser/ParserInterface
instanceKlass org/apache/spark/sql/catalyst/parser/DataTypeParserInterface
instanceKlass org/apache/spark/sql/catalyst/analysis/FunctionRegistry
instanceKlass org/apache/spark/sql/catalyst/analysis/FunctionRegistryBase
instanceKlass org/apache/spark/sql/catalyst/catalog/FunctionResourceLoader
instanceKlass org/apache/spark/sql/catalyst/catalog/FunctionExpressionBuilder
instanceKlass org/apache/spark/sql/internal/BaseSessionStateBuilder
instanceKlass org/apache/spark/sql/execution/ui/SQLTab$
instanceKlass org/apache/spark/sql/internal/SharedState$$Lambda$1105
instanceKlass org/apache/spark/sql/execution/ui/SQLAppStatusStore
instanceKlass org/apache/spark/sql/execution/ui/SQLAppStatusListener$$Lambda$1104
instanceKlass org/apache/spark/sql/execution/ui/SQLAppStatusListener$$Lambda$1103
instanceKlass org/apache/spark/sql/execution/ui/SQLExecutionUIData
instanceKlass org/apache/spark/sql/execution/datasources/FileIndex
instanceKlass org/apache/spark/sql/execution/CacheManager
instanceKlass org/apache/spark/sql/execution/adaptive/AdaptiveSparkPlanHelper
instanceKlass org/apache/spark/sql/internal/SharedState$$$Lambda$1102
instanceKlass org/apache/hadoop/fs/FileSystem$Statistics$7
instanceKlass org/apache/hadoop/fs/FileSystem$6
instanceKlass org/apache/hadoop/fs/FileSystem$Statistics$StatisticsData
instanceKlass org/apache/hadoop/fs/FileSystem$Statistics$StatisticsDataReferenceCleaner
instanceKlass org/apache/hadoop/fs/FileSystem$Statistics$StatisticsAggregator
instanceKlass org/apache/hadoop/tracing/TraceScope
instanceKlass org/apache/hadoop/tracing/Tracer
instanceKlass org/apache/hadoop/tracing/TraceUtils
instanceKlass org/apache/hadoop/tracing/Tracer$Builder
instanceKlass org/apache/hadoop/fs/FsTracer
instanceKlass org/apache/hadoop/util/DurationInfo$$Lambda$1101
instanceKlass org/apache/hadoop/util/OperationDuration
instanceKlass org/apache/hadoop/fs/FileSystem$Cache$Key
instanceKlass org/apache/spark/sql/internal/SharedState$$Lambda$1100
instanceKlass org/apache/spark/sql/internal/SharedState$$Lambda$1099
instanceKlass org/apache/spark/sql/internal/SharedState$$Lambda$1098
instanceKlass org/apache/spark/sql/internal/SharedState$$$Lambda$1097
instanceKlass org/apache/spark/sql/internal/SharedState$$$Lambda$1096
instanceKlass org/apache/spark/sql/internal/SharedState$$$Lambda$1095
instanceKlass java/text/CharacterIterator
instanceKlass org/apache/hadoop/io/BinaryComparable
instanceKlass org/apache/hadoop/io/WritableComparable
instanceKlass org/apache/hadoop/hdfs/web/WebHdfsConstants
instanceKlass org/apache/hadoop/security/token/delegation/AbstractDelegationTokenSelector
instanceKlass org/apache/hadoop/security/token/TokenSelector
instanceKlass org/apache/hadoop/fs/BlockStoragePolicySpi
instanceKlass org/apache/hadoop/fs/FileChecksum
instanceKlass org/apache/hadoop/hdfs/web/resources/HttpOpParam$Op
instanceKlass org/apache/hadoop/hdfs/web/TokenAspect$TokenManagementDelegator
instanceKlass org/apache/hadoop/fs/DelegationTokenRenewer$Renewable
instanceKlass org/apache/hadoop/hdfs/DistributedFileSystem$PartialListingIterator
instanceKlass org/apache/hadoop/fs/MultipartUploaderBuilder
instanceKlass org/apache/hadoop/fs/BatchListingOperations
instanceKlass org/apache/hadoop/crypto/key/KeyProviderTokenIssuer
instanceKlass org/apache/hadoop/fs/viewfs/InodeTree
instanceKlass org/apache/hadoop/shaded/org/apache/commons/lang3/CharSequenceUtils
instanceKlass org/apache/hadoop/fs/Path
instanceKlass org/apache/hadoop/fs/FileStatus
instanceKlass org/apache/hadoop/fs/PathHandle
instanceKlass org/apache/hadoop/fs/ChecksumFileSystem$9
instanceKlass org/apache/hadoop/fs/FutureDataInputStreamBuilder
instanceKlass org/apache/hadoop/fs/FileSystem$3
instanceKlass java/util/concurrent/Semaphore
instanceKlass org/apache/hadoop/fs/FileSystem$Cache$ClientFinalizer
instanceKlass org/apache/hadoop/fs/FileSystem$Cache
instanceKlass org/apache/commons/logging/impl/SLF4JLocationAwareLog
instanceKlass org/apache/commons/logging/Log
instanceKlass org/apache/commons/logging/LogFactory$2
instanceKlass org/apache/commons/logging/LogFactory$3
instanceKlass org/apache/commons/logging/LogFactory$4
instanceKlass org/apache/commons/logging/impl/WeakHashtable$Referenced
instanceKlass org/apache/commons/logging/LogFactory$1
instanceKlass org/apache/commons/logging/LogFactory$6
instanceKlass org/apache/commons/logging/LogFactory
instanceKlass org/apache/hadoop/fs/PathFilter
instanceKlass org/apache/hadoop/fs/StorageStatistics
instanceKlass org/apache/hadoop/fs/impl/AbstractFSBuilderImpl
instanceKlass org/apache/hadoop/fs/FSBuilder
instanceKlass org/apache/hadoop/fs/RemoteIterator
instanceKlass org/apache/hadoop/fs/QuotaUsage
instanceKlass org/apache/hadoop/fs/GlobalStorageStatistics$StorageStatisticsProvider
instanceKlass org/apache/hadoop/fs/FsUrlStreamHandlerFactory
instanceKlass org/apache/spark/sql/internal/SharedState$
instanceKlass org/apache/spark/sql/SparkSession$$Lambda$1094
instanceKlass org/apache/spark/sql/internal/SharedState
instanceKlass org/apache/spark/sql/SparkSession$$Lambda$1093
instanceKlass org/apache/spark/sql/SparkSession$$Lambda$1092
instanceKlass org/apache/spark/sql/internal/SessionState
instanceKlass org/apache/spark/sql/SparkSession$$Lambda$1091
instanceKlass org/apache/spark/sql/SparkSession$$Lambda$1090
instanceKlass org/apache/spark/sql/internal/SQLConf$$$Lambda$1089
instanceKlass org/apache/spark/sql/internal/SQLConf$$$Lambda$1088
instanceKlass org/apache/spark/sql/internal/SQLConf$$$Lambda$1087
instanceKlass org/apache/spark/sql/catalyst/types/DataTypeUtils$
instanceKlass org/apache/spark/sql/catalyst/analysis/TypeCoercionBase$$Lambda$1086
instanceKlass org/apache/spark/sql/catalyst/analysis/TypeCoercion$$$Lambda$1085
instanceKlass org/apache/spark/sql/catalyst/analysis/TypeCoercionBase
instanceKlass org/apache/spark/sql/catalyst/expressions/ComplexTypeMergingExpression$$Lambda$1084
instanceKlass org/apache/spark/sql/catalyst/DeserializerBuildHelper$$$Lambda$1083
instanceKlass org/apache/spark/sql/catalyst/encoders/AgnosticEncoders$BaseRowEncoder
instanceKlass org/apache/spark/sql/catalyst/encoders/AgnosticEncoders$StructEncoder$$Lambda$1082
instanceKlass org/apache/spark/sql/catalyst/trees/BinaryLike
instanceKlass org/apache/spark/sql/catalyst/DeserializerBuildHelper$
instanceKlass org/apache/spark/sql/catalyst/CatalystTypeConverters$CatalystTypeConverter
instanceKlass org/apache/spark/sql/catalyst/CatalystTypeConverters$
instanceKlass scala/collection/mutable/ArrayOps$ofBoolean$
instanceKlass org/apache/spark/sql/catalyst/expressions/objects/InvokeLike$$Lambda$1081
instanceKlass scala/collection/mutable/ArrayOps$ofBoolean
instanceKlass org/apache/spark/sql/catalyst/expressions/CreateNamedStruct$$Lambda$1080
instanceKlass org/apache/spark/sql/types/StructField
instanceKlass org/apache/spark/sql/catalyst/expressions/package$
instanceKlass org/apache/spark/sql/catalyst/expressions/CreateNamedStruct$$Lambda$1079
instanceKlass scala/collection/generic/GenericTraversableTemplate$$Lambda$1078
instanceKlass org/apache/spark/sql/catalyst/expressions/CreateNamedStruct$$Lambda$1077
instanceKlass scala/collection/IterableLike$$Lambda$1076
instanceKlass org/apache/spark/sql/catalyst/expressions/Literal$$$Lambda$1075
instanceKlass org/apache/spark/sql/catalyst/expressions/Literal$
instanceKlass org/apache/spark/sql/catalyst/SerializerBuildHelper$$$Lambda$1074
instanceKlass org/apache/spark/sql/catalyst/SerializerBuildHelper$$$Lambda$1073
instanceKlass org/apache/spark/sql/catalyst/encoders/AgnosticEncoders$MapEncoder
instanceKlass org/apache/spark/sql/catalyst/encoders/AgnosticEncoders$IterableEncoder
instanceKlass org/apache/spark/sql/catalyst/encoders/AgnosticEncoders$ArrayEncoder
instanceKlass org/apache/spark/sql/catalyst/encoders/AgnosticEncoders$OptionEncoder
instanceKlass org/apache/spark/sql/catalyst/encoders/AgnosticEncoders$UDTEncoder
instanceKlass org/apache/spark/sql/types/YearMonthIntervalType$$$Lambda$1072
instanceKlass org/apache/spark/sql/types/DayTimeIntervalType$$$Lambda$1071
instanceKlass org/apache/spark/sql/catalyst/encoders/AgnosticEncoders$EnumEncoder
instanceKlass org/apache/spark/sql/catalyst/InternalRow$$$Lambda$1070
instanceKlass org/apache/spark/sql/catalyst/InternalRow$$$Lambda$1069
instanceKlass org/apache/spark/sql/catalyst/types/PhysicalBinaryType$$anonfun$1
instanceKlass scala/math/LowPriorityOrderingImplicits$$anon$2
instanceKlass org/apache/spark/sql/types/DoubleType$DoubleAsIfIntegral$
instanceKlass org/apache/spark/sql/types/DoubleType$DoubleAsIfIntegral
instanceKlass org/apache/spark/sql/types/DoubleType$DoubleIsConflicted
instanceKlass scala/math/Numeric$DoubleIsFractional$
instanceKlass scala/math/Ordering$DoubleOrdering
instanceKlass scala/math/Numeric$DoubleIsFractional
instanceKlass scala/math/Numeric$DoubleIsConflicted
instanceKlass org/apache/spark/sql/catalyst/types/PhysicalDoubleType$$anonfun$2
instanceKlass org/apache/spark/sql/types/FloatType$FloatAsIfIntegral$
instanceKlass org/apache/spark/sql/types/FloatType$FloatAsIfIntegral
instanceKlass org/apache/spark/sql/types/FloatType$FloatIsConflicted
instanceKlass scala/math/Numeric$FloatIsFractional$
instanceKlass scala/math/Ordering$FloatOrdering
instanceKlass scala/math/Numeric$FloatIsFractional
instanceKlass scala/math/Fractional
instanceKlass scala/math/Numeric$FloatIsConflicted
instanceKlass org/apache/spark/sql/catalyst/types/PhysicalFloatType$$anonfun$3
instanceKlass org/apache/spark/sql/types/LongExactNumeric$
instanceKlass org/apache/spark/sql/types/IntegerExactNumeric$
instanceKlass scala/math/Numeric$IntIsIntegral$
instanceKlass scala/math/Numeric$IntIsIntegral
instanceKlass org/apache/spark/sql/types/ShortExactNumeric$
instanceKlass scala/math/Numeric$ShortIsIntegral$
instanceKlass scala/math/Numeric$ShortIsIntegral
instanceKlass scala/math/Ordering$Short$
instanceKlass scala/math/Ordering$ShortOrdering
instanceKlass org/apache/spark/sql/types/ByteExactNumeric$
instanceKlass scala/math/Numeric$ByteIsIntegral$
instanceKlass scala/math/Numeric$ByteIsIntegral
instanceKlass scala/math/Ordering$Byte$
instanceKlass scala/math/Ordering$ByteOrdering
instanceKlass scala/math/Ordering$Boolean$
instanceKlass scala/math/Ordering$BooleanOrdering
instanceKlass org/apache/spark/sql/catalyst/types/PhysicalPrimitiveType
instanceKlass org/apache/spark/sql/catalyst/types/PhysicalDataType
instanceKlass org/apache/spark/sql/catalyst/types/PhysicalDataType$
instanceKlass org/apache/spark/sql/catalyst/expressions/BaseGenericInternalRow
instanceKlass org/apache/spark/sql/catalyst/InternalRow
instanceKlass org/apache/spark/sql/catalyst/expressions/SpecializedGetters
instanceKlass org/apache/spark/sql/catalyst/InternalRow$
instanceKlass org/apache/spark/sql/catalyst/rules/RuleIdCollection$$$Lambda$1068
instanceKlass org/apache/spark/sql/catalyst/rules/RuleIdCollection$
instanceKlass org/apache/spark/util/collection/BitSet
instanceKlass org/apache/spark/sql/catalyst/trees/Origin
instanceKlass org/apache/spark/sql/catalyst/trees/CurrentOrigin$
instanceKlass org/apache/spark/unsafe/types/UTF8String
instanceKlass com/esotericsoftware/kryo/KryoSerializable
instanceKlass org/apache/spark/sql/catalyst/encoders/EncoderUtils$
instanceKlass org/apache/spark/sql/catalyst/analysis/TypeCheckResult
instanceKlass org/apache/spark/sql/catalyst/expressions/codegen/ExprValue
instanceKlass org/apache/spark/sql/catalyst/expressions/codegen/JavaCode
instanceKlass org/apache/spark/sql/catalyst/rules/RuleId
instanceKlass org/apache/spark/sql/catalyst/expressions/TaggingExpression
instanceKlass org/apache/spark/sql/catalyst/SerializerBuildHelper$
instanceKlass org/apache/spark/sql/catalyst/plans/logical/ObjectProducer
instanceKlass org/apache/spark/sql/catalyst/expressions/NamedExpression
instanceKlass org/apache/spark/sql/catalyst/rules/RuleExecutor
instanceKlass org/apache/spark/sql/catalyst/analysis/ColumnResolutionHelper
instanceKlass org/apache/spark/sql/catalyst/analysis/CheckAnalysis
instanceKlass org/apache/spark/sql/connector/catalog/LookupCatalog
instanceKlass org/apache/spark/sql/catalyst/expressions/PredicateHelper
instanceKlass org/apache/spark/sql/catalyst/expressions/AliasHelper
instanceKlass org/apache/spark/sql/catalyst/encoders/ExpressionEncoder
instanceKlass org/apache/spark/sql/catalyst/encoders/OuterScopes$
instanceKlass org/apache/spark/sql/catalyst/encoders/AgnosticEncoders$ProductEncoder
instanceKlass org/apache/spark/sql/catalyst/encoders/AgnosticEncoders$StructEncoder
instanceKlass scala/reflect/runtime/JavaMirrors$JavaMirror$$Lambda$1067
instanceKlass scala/reflect/internal/Symbols$Symbol$$Lambda$1066
instanceKlass scala/reflect/runtime/SynchronizedTypes$$Lambda$1065
instanceKlass scala/reflect/internal/Definitions$DefinitionsClass$$Lambda$1064
instanceKlass org/apache/spark/sql/types/Metadata
instanceKlass org/json4s/JsonAST$JNumber
instanceKlass org/apache/spark/sql/types/Metadata$
instanceKlass org/apache/spark/sql/catalyst/encoders/AgnosticEncoders$LeafEncoder
instanceKlass sun/reflect/generics/tree/BooleanSignature
instanceKlass scala/reflect/internal/Types$Type$$Lambda$1063
instanceKlass scala/reflect/runtime/SynchronizedTypes$$Lambda$1062
instanceKlass org/apache/spark/sql/catalyst/ScalaReflection$$$Lambda$1061
instanceKlass org/apache/spark/sql/catalyst/encoders/AgnosticEncoders$EncoderField
instanceKlass org/apache/spark/sql/catalyst/ScalaReflection$$Lambda$1060
instanceKlass org/apache/spark/sql/catalyst/ScalaReflection$$$Lambda$1059
instanceKlass org/apache/spark/sql/types/UDTRegistration$
instanceKlass org/apache/spark/sql/catalyst/ScalaReflection$$$Lambda$1058
instanceKlass org/apache/spark/annotation/Stable
instanceKlass org/apache/spark/sql/Row
instanceKlass scala/reflect/runtime/JavaMirrors$JavaMirror$$Lambda$1057
instanceKlass org/apache/spark/unsafe/types/CalendarInterval
instanceKlass org/apache/spark/sql/types/Decimal
instanceKlass org/apache/spark/sql/types/package
instanceKlass scala/reflect/runtime/SynchronizedTypes$$Lambda$1056
instanceKlass scala/reflect/internal/tpe/TypeConstraints$TypeConstraint$$Lambda$1055
instanceKlass scala/reflect/internal/tpe/TypeConstraints$TypeConstraint$$Lambda$1054
instanceKlass scala/reflect/internal/tpe/TypeConstraints$TypeConstraint
instanceKlass scala/reflect/internal/Types$ExistentialType$$Lambda$1053
instanceKlass scala/reflect/internal/Symbols$Symbol$$Lambda$1052
instanceKlass scala/reflect/internal/Symbols$$Lambda$1051
instanceKlass scala/reflect/internal/tpe/TypeComparers$$Lambda$1050
instanceKlass scala/reflect/internal/ReificationSupport$ReificationSupportImpl$FlagsRepr$
instanceKlass scala/reflect/internal/Mirrors$RootsBase$$Lambda$1049
instanceKlass org/apache/spark/sql/catalyst/package
instanceKlass org/apache/spark/annotation/DeveloperApi
instanceKlass org/apache/spark/sql/catalyst/planning/GenericStrategy
instanceKlass org/apache/spark/sql/execution/package
instanceKlass org/apache/spark/annotation/Unstable
instanceKlass org/apache/spark/annotation/package
instanceKlass org/apache/spark/sql/package
instanceKlass org/apache/spark/package
instanceKlass scala/reflect/internal/Mirrors$RootsBase$$Lambda$1048
instanceKlass org/apache/spark/sql/catalyst/WalkedTypePath
instanceKlass scala/reflect/internal/Types$TypeApiImpl$$Lambda$1047
instanceKlass scala/reflect/internal/util/TriState$
instanceKlass scala/reflect/runtime/SynchronizedTypes$$Lambda$1046
instanceKlass org/apache/spark/sql/catalyst/ScalaSubtypeLock$
instanceKlass scala/reflect/runtime/SynchronizedTypes$$Lambda$1045
instanceKlass scala/reflect/internal/tpe/TypeConstraints$UndoLog
instanceKlass org/apache/spark/sql/catalyst/ScalaReflection$$$Lambda$1044
instanceKlass scala/reflect/internal/Mirrors$RootsBase$$Lambda$1043
instanceKlass org/apache/spark/sql/catalyst/encoders/AgnosticEncoder
instanceKlass org/apache/spark/sql/catalyst/ScalaReflection$
instanceKlass org/apache/spark/sql/catalyst/ScalaReflection
instanceKlass org/apache/spark/sql/catalyst/expressions/ExtractValue
instanceKlass org/apache/spark/sql/catalyst/trees/TernaryLike
instanceKlass org/apache/spark/sql/catalyst/expressions/ConditionalExpression
instanceKlass org/apache/spark/sql/catalyst/expressions/ComplexTypeMergingExpression
instanceKlass org/apache/spark/sql/catalyst/expressions/Predicate
instanceKlass org/apache/spark/sql/catalyst/expressions/objects/InvokeLike
instanceKlass org/apache/spark/sql/catalyst/expressions/ImplicitCastInputTypes
instanceKlass org/apache/spark/sql/catalyst/expressions/ExpectsInputTypes
instanceKlass org/apache/spark/sql/catalyst/expressions/NoThrow
instanceKlass org/apache/spark/sql/catalyst/encoders/ExpressionEncoder$
instanceKlass org/apache/spark/sql/catalyst/expressions/objects/SerializerSupport
instanceKlass org/apache/spark/sql/errors/QueryErrorsBase
instanceKlass org/apache/spark/sql/errors/DataTypeErrorsBase
instanceKlass org/apache/spark/sql/catalyst/expressions/SupportQueryContext
instanceKlass org/apache/spark/sql/catalyst/expressions/package$NullIntolerant
instanceKlass org/apache/spark/sql/catalyst/expressions/ToStringBase
instanceKlass org/apache/spark/sql/catalyst/expressions/TimeZoneAwareExpression
instanceKlass org/apache/spark/sql/catalyst/expressions/NonSQLExpression
instanceKlass org/apache/spark/sql/catalyst/expressions/Unevaluable
instanceKlass org/apache/spark/sql/Encoders$
instanceKlass scala/reflect/internal/transform/Erasure$GenericArray$
instanceKlass scala/reflect/internal/transform/UnCurry$DesugaredParameterType$
instanceKlass scala/collection/immutable/HashMap$HashMapValues$$Lambda$1042
instanceKlass scala/runtime/LazyDouble
instanceKlass scala/runtime/LazyFloat
instanceKlass scala/runtime/LazyLong
instanceKlass scala/runtime/LazyInt
instanceKlass scala/runtime/LazyChar
instanceKlass scala/runtime/LazyShort
instanceKlass scala/runtime/LazyByte
instanceKlass scala/runtime/LazyUnit
instanceKlass scala/reflect/internal/Definitions$ValueClassDefinitions$$Lambda$1041
instanceKlass scala/reflect/internal/Definitions$ValueClassDefinitions$$Lambda$1040
instanceKlass scala/reflect/internal/Definitions$ValueClassDefinitions$$Lambda$1039
instanceKlass scala/runtime/VolatileDoubleRef
instanceKlass scala/runtime/VolatileFloatRef
instanceKlass scala/runtime/VolatileLongRef
instanceKlass scala/runtime/VolatileIntRef
instanceKlass scala/runtime/VolatileCharRef
instanceKlass scala/runtime/VolatileShortRef
instanceKlass scala/runtime/VolatileByteRef
instanceKlass scala/runtime/VolatileBooleanRef
instanceKlass scala/reflect/internal/Definitions$ValueClassDefinitions$$Lambda$1038
instanceKlass scala/runtime/DoubleRef
instanceKlass scala/runtime/FloatRef
instanceKlass scala/runtime/LongRef
instanceKlass scala/runtime/CharRef
instanceKlass scala/runtime/ShortRef
instanceKlass scala/runtime/ByteRef
instanceKlass scala/reflect/internal/Definitions$ValueClassDefinitions$$Lambda$1037
instanceKlass scala/reflect/internal/Definitions$ValueClassDefinitions$$Lambda$1036
instanceKlass scala/reflect/internal/Definitions$ValueClassDefinitions$$Lambda$1035
instanceKlass scala/reflect/internal/Definitions$ValueClassDefinitions$$Lambda$1034
instanceKlass scala/reflect/internal/Definitions$ValueClassDefinitions$$Lambda$1033
instanceKlass scala/reflect/internal/Definitions$ValueClassDefinitions$$Lambda$1032
instanceKlass scala/reflect/internal/Definitions$ValueClassDefinitions$$Lambda$1031
instanceKlass scala/reflect/internal/Definitions$ValueClassDefinitions$$Lambda$1030
instanceKlass scala/reflect/internal/Definitions$ValueClassDefinitions$$Lambda$1029
instanceKlass scala/collection/immutable/Map$$Lambda$1028
instanceKlass scala/reflect/internal/Definitions$ValueClassDefinitions$$Lambda$1027
instanceKlass scala/reflect/internal/Definitions$ValueClassDefinitions$$Lambda$1026
instanceKlass scala/reflect/internal/Scopes$$Lambda$1025
instanceKlass scala/reflect/internal/Definitions$DefinitionsClass$$Lambda$1024
instanceKlass scala/languageFeature
instanceKlass scala/reflect/runtime/ReflectionUtils$$$Lambda$1023
instanceKlass scala/reflect/internal/util/ScalaClassLoader
instanceKlass scala/reflect/internal/MissingRequirementError$
instanceKlass scala/reflect/runtime/JavaMirrors$$Lambda$1022
instanceKlass scala/reflect/internal/Definitions$DefinitionsClass$$Lambda$1021
instanceKlass java/lang/FunctionalInterface
instanceKlass scala/reflect/internal/annotations/package
instanceKlass java/lang/annotation/Repeatable
instanceKlass scala/runtime/VolatileObjectRef
instanceKlass scala/reflect/internal/Types$$Lambda$1020
instanceKlass scala/reflect/internal/Types$$Lambda$1019
instanceKlass scala/reflect/internal/Definitions$DefinitionsClass$$Lambda$1018
instanceKlass scala/reflect/internal/Definitions$DefinitionsClass$MacroContextType$
instanceKlass scala/annotation/meta/package
instanceKlass scala/reflect/internal/pickling/UnPickler$Scan$$Lambda$1017
instanceKlass scala/reflect/internal/pickling/UnPickler$Scan$$Lambda$1016
instanceKlass scala/reflect/internal/pickling/UnPickler$Scan$$Lambda$1015
instanceKlass scala/concurrent/package
instanceKlass scala/runtime/AbstractFunction22
instanceKlass scala/runtime/AbstractFunction21
instanceKlass scala/runtime/AbstractFunction20
instanceKlass scala/runtime/AbstractFunction19
instanceKlass scala/runtime/AbstractFunction18
instanceKlass scala/runtime/AbstractFunction17
instanceKlass scala/runtime/AbstractFunction16
instanceKlass scala/runtime/AbstractFunction15
instanceKlass scala/runtime/AbstractFunction14
instanceKlass scala/runtime/AbstractFunction13
instanceKlass scala/runtime/AbstractFunction12
instanceKlass scala/runtime/AbstractFunction11
instanceKlass scala/runtime/AbstractFunction10
instanceKlass scala/runtime/AbstractFunction9
instanceKlass scala/runtime/AbstractFunction6
instanceKlass scala/runtime/AbstractFunction5
instanceKlass scala/runtime/AbstractFunction4
instanceKlass scala/Function22
instanceKlass scala/Function21
instanceKlass scala/Function20
instanceKlass scala/Function19
instanceKlass scala/Function18
instanceKlass scala/Function17
instanceKlass scala/Function16
instanceKlass scala/Function15
instanceKlass scala/Function14
instanceKlass scala/Function13
instanceKlass scala/Function12
instanceKlass scala/Function11
instanceKlass scala/Function10
instanceKlass scala/Function9
instanceKlass scala/Function6
instanceKlass scala/Function5
instanceKlass scala/Function4
instanceKlass scala/Tuple22
instanceKlass scala/Tuple21
instanceKlass scala/Tuple20
instanceKlass scala/Tuple19
instanceKlass scala/Tuple18
instanceKlass scala/Tuple17
instanceKlass scala/Tuple16
instanceKlass scala/Tuple15
instanceKlass scala/Tuple14
instanceKlass scala/Tuple13
instanceKlass scala/Tuple12
instanceKlass scala/Tuple11
instanceKlass scala/Tuple10
instanceKlass scala/Tuple9
instanceKlass scala/Tuple8
instanceKlass scala/Tuple6
instanceKlass scala/Tuple5
instanceKlass scala/Tuple4
instanceKlass scala/Tuple1
instanceKlass scala/reflect/internal/Definitions$ValueClassDefinitions$SymbolSet$$Lambda$1014
instanceKlass scala/reflect/internal/Definitions$ValueClassDefinitions$SymbolSet
instanceKlass scala/collection/package$WrappedCanBuildFrom
instanceKlass scala/collection/package$
instanceKlass scala/Product22
instanceKlass scala/Product21
instanceKlass scala/Product20
instanceKlass scala/Product19
instanceKlass scala/Product18
instanceKlass scala/Product17
instanceKlass scala/Product16
instanceKlass scala/Product15
instanceKlass scala/Product14
instanceKlass scala/Product13
instanceKlass scala/Product12
instanceKlass scala/Product11
instanceKlass scala/Product10
instanceKlass scala/Product9
instanceKlass scala/Product8
instanceKlass scala/Product6
instanceKlass scala/Product5
instanceKlass scala/Product4
instanceKlass scala/Product1
instanceKlass scala/reflect/internal/Definitions$DefinitionsClass$VarArityClass$$Lambda$1013
instanceKlass scala/reflect/internal/Definitions$DefinitionsClass$VarArityClass$
instanceKlass scala/Some$
instanceKlass scala/None
instanceKlass scala/reflect/ScalaLongSignature
instanceKlass scala/StringContext$
instanceKlass scala/reflect/macros/whitebox/Context
instanceKlass scala/reflect/macros/blackbox/Context
instanceKlass scala/reflect/macros/Internals
instanceKlass scala/reflect/macros/ExprUtils
instanceKlass scala/reflect/macros/Evals
instanceKlass scala/reflect/macros/Parsers
instanceKlass scala/reflect/macros/Typers
instanceKlass scala/reflect/macros/Infrastructure
instanceKlass scala/reflect/macros/FrontEnds
instanceKlass scala/reflect/macros/Reifiers
instanceKlass scala/reflect/macros/Names
instanceKlass scala/reflect/macros/Enclosures
instanceKlass scala/reflect/macros/Aliases
instanceKlass scala/reflect/macros/package
instanceKlass scala/reflect/api/TreeCreator
instanceKlass scala/reflect/NoManifest
instanceKlass scala/reflect/ManifestFactory
instanceKlass scala/reflect/runtime/package
instanceKlass scala/reflect/api/package
instanceKlass scala/reflect/runtime/SynchronizedOps$SynchronizedScope$$Lambda$1012
instanceKlass scala/reflect/runtime/SynchronizedOps$SynchronizedScope$$Lambda$1011
instanceKlass scala/reflect/internal/pickling/UnPickler$Scan$$Lambda$1010
instanceKlass scala/reflect/internal/pickling/UnPickler$Scan$$Lambda$1009
instanceKlass scala/annotation/ClassfileAnnotation
instanceKlass scala/reflect/ClassManifestFactory
instanceKlass scala/reflect/package
instanceKlass scala/xml/TopScope
instanceKlass scala/xml/package
instanceKlass scala/runtime/SymbolLiteral
instanceKlass scala/runtime/StructuralCallSite
instanceKlass scala/reflect/internal/Mirrors$RootsBase$$Lambda$1008
instanceKlass scala/runtime/MethodCache
instanceKlass scala/reflect/internal/tpe/TypeMaps$AsSeenFromMap$$Lambda$1007
instanceKlass scala/reflect/internal/tpe/TypeMaps$AsSeenFromMap$$Lambda$1006
instanceKlass scala/reflect/internal/Types$substTypeMapCache$
instanceKlass scala/reflect/internal/tpe/TypeMaps$KeepOnlyTypeConstraints
instanceKlass scala/reflect/internal/tpe/TypeMaps$AnnotationFilter
instanceKlass scala/collection/immutable/Nil
instanceKlass java/rmi/Remote
instanceKlass scala/annotation/TypeConstraint
instanceKlass scala/DelayedInit
instanceKlass scala/reflect/internal/pickling/UnPickler$Scan$$Lambda$1005
instanceKlass scala/math/package
instanceKlass scala/runtime/StringAdd
instanceKlass scala/UniquenessCache
instanceKlass scala/runtime/ScalaRunTime
instanceKlass scala/reflect/internal/Definitions$DefinitionsClass$$Lambda$1004
instanceKlass scala/reflect/internal/Mirrors$RootsBase$$Lambda$1003
instanceKlass scala/Predef
instanceKlass scala/reflect/internal/Mirrors$RootsBase$$Lambda$1002
instanceKlass scala/sys/package
instanceKlass scala/Dynamic
instanceKlass scala/Symbol
instanceKlass scala/reflect/internal/Types$TypeRef$$Lambda$1001
instanceKlass scala/reflect/internal/Types$TypeRef$$Lambda$1000
instanceKlass java/io/ObjectOutput
instanceKlass java/lang/Throwable$SentinelHolder
instanceKlass java/lang/Throwable$PrintStreamOrWriter
instanceKlass scala/reflect/internal/pickling/UnPickler$Scan$$Lambda$999
instanceKlass scala/reflect/api/Exprs$Expr
instanceKlass scala/reflect/api/Exprs$Expr$
instanceKlass scala/reflect/api/Printers$BooleanFlag$
instanceKlass scala/reflect/api/Liftables$Unliftable
instanceKlass scala/reflect/api/Liftables$Unliftable$
instanceKlass scala/reflect/api/StandardLiftables$StandardUnliftableInstances
instanceKlass scala/reflect/api/Liftables$Liftable
instanceKlass scala/reflect/api/Liftables$Liftable$
instanceKlass scala/reflect/api/StandardLiftables$StandardLiftableInstances
instanceKlass scala/reflect/internal/tpe/TypeConstraints$TypeConstraint$
instanceKlass scala/reflect/internal/Types$TypeUnwrapper
instanceKlass scala/reflect/internal/Types$ErasedValueType$
instanceKlass scala/reflect/internal/Types$StaticallyAnnotatedType$
instanceKlass scala/reflect/internal/Types$UntouchableTypeVar
instanceKlass scala/reflect/internal/Types$TypeVar$
instanceKlass scala/reflect/internal/Types$ArrayTypeRef$
instanceKlass scala/reflect/internal/Types$HasTypeMember$
instanceKlass scala/reflect/internal/Types$CompoundType$
instanceKlass scala/reflect/internal/Kinds$inferKind$InferKind
instanceKlass scala/reflect/internal/Kinds$inferKind$
instanceKlass scala/reflect/internal/Kinds$TypeConKind$
instanceKlass scala/reflect/internal/Kinds$ProperTypeKind$
instanceKlass scala/reflect/internal/Kinds$Kind$
instanceKlass scala/reflect/internal/FlagSets$Flag$
instanceKlass scala/reflect/internal/Scopes$Scope$
instanceKlass scala/reflect/internal/Scopes$LookupNotFound$
instanceKlass scala/reflect/internal/Scopes$NameLookup
instanceKlass scala/reflect/runtime/SynchronizedOps$$Lambda$998
instanceKlass scala/reflect/internal/StdNames$binarynme$
instanceKlass scala/reflect/internal/AnnotationInfos$ThrownException$
instanceKlass scala/reflect/api/Trees$Traverser
instanceKlass scala/reflect/internal/Trees$MethodValue$
instanceKlass scala/reflect/internal/Trees$ValOrDefDef$
instanceKlass java/io/Console$2
instanceKlass jdk/internal/access/JavaIOAccess
instanceKlass java/io/Console
instanceKlass scala/reflect/internal/TypeDebugging$typeDebug$
instanceKlass scala/reflect/internal/TypeDebugging$noPrint$
instanceKlass scala/reflect/internal/StdAttachments$KnownDirectSubclassesCalled$
instanceKlass scala/reflect/internal/StdAttachments$UseInvokeSpecial$
instanceKlass scala/reflect/internal/StdAttachments$OuterArgCanBeElided$
instanceKlass scala/reflect/internal/StdAttachments$InlineAnnotatedAttachment
instanceKlass scala/reflect/internal/StdAttachments$SyntheticUnitAttachment$
instanceKlass scala/reflect/internal/StdAttachments$ForAttachment$
instanceKlass scala/reflect/internal/StdAttachments$PatVarDefAttachment$
instanceKlass scala/reflect/internal/StdAttachments$NoWarnAttachment$
instanceKlass scala/reflect/internal/StdAttachments$AutoApplicationAttachment$
instanceKlass scala/reflect/internal/StdAttachments$InfixAttachment$
instanceKlass scala/reflect/internal/StdAttachments$PostfixAttachment$
instanceKlass scala/reflect/internal/StdAttachments$BackquotedIdentifierAttachment$
instanceKlass scala/reflect/internal/StdAttachments$DelambdafyTarget$
instanceKlass scala/reflect/internal/StdAttachments$PlainAttachment
instanceKlass scala/reflect/internal/StdAttachments$ImportableAttachment
instanceKlass scala/runtime/AbstractFunction2
instanceKlass scala/reflect/internal/FreshNames$FreshNameExtractor$
instanceKlass scala/reflect/internal/Internals$$anon$4
instanceKlass scala/reflect/api/Internals$CompatToken
instanceKlass scala/reflect/internal/Internals$$anon$2
instanceKlass scala/collection/mutable/Map$$Lambda$997
instanceKlass scala/reflect/internal/SymbolTable$traceSymbols$
instanceKlass scala/reflect/internal/util/TraceSymbolActivity
instanceKlass scala/reflect/macros/Universe$MacroInternalApi$MacroDecoratorApi
instanceKlass scala/reflect/api/Internals$InternalApi$DecoratorApi
instanceKlass scala/reflect/runtime/JavaUniverse$$anon$4
instanceKlass scala/reflect/internal/Internals$SymbolTableInternal
instanceKlass scala/reflect/api/TypeTags$TypeTag$$$Lambda$996
instanceKlass scala/reflect/api/TypeTags$TypeTag$$$Lambda$995
instanceKlass scala/reflect/api/TypeTags$TypeTag$$$Lambda$994
instanceKlass scala/reflect/api/TypeTags$TypeTag$$$Lambda$993
instanceKlass scala/reflect/api/TypeTags$TypeTag$$$Lambda$992
instanceKlass scala/reflect/api/TypeTags$TypeTag$$$Lambda$991
instanceKlass scala/reflect/api/TypeTags$TypeTag$$$Lambda$990
instanceKlass scala/reflect/api/TypeTags$TypeTag$$$Lambda$989
instanceKlass scala/reflect/api/TypeTags$TypeTag$$$Lambda$988
instanceKlass scala/reflect/api/TypeTags$TypeTag$$$Lambda$987
instanceKlass scala/reflect/api/TypeTags$TypeTag$$$Lambda$986
instanceKlass scala/reflect/api/TypeTags$TypeTag$$$Lambda$985
instanceKlass scala/reflect/api/TypeTags$TypeTag$$$Lambda$984
instanceKlass scala/reflect/api/TypeTags$TypeTag$$$Lambda$983
instanceKlass scala/Short
instanceKlass scala/reflect/api/TypeTags$TypeTag$$$Lambda$982
instanceKlass scala/reflect/api/TypeTags$WeakTypeTagImpl
instanceKlass scala/reflect/api/TypeTags$TypeTag$
instanceKlass scala/reflect/api/TypeTags$WeakTypeTag$
instanceKlass scala/reflect/internal/StdNames$compactify$
instanceKlass scala/reflect/api/Trees$Transformer
instanceKlass scala/reflect/internal/Definitions$DefinitionsClass$$Lambda$981
instanceKlass scala/reflect/internal/Symbols$TypeSymbol$$Lambda$980
instanceKlass scala/reflect/runtime/JavaMirrors$JavaMirror$$Lambda$979
instanceKlass sun/reflect/generics/tree/IntSignature
instanceKlass scala/reflect/internal/Definitions$DefinitionsClass$$Lambda$978
instanceKlass scala/collection/TraversableLike$$Lambda$977
instanceKlass scala/reflect/runtime/JavaMirrors$JavaMirror$$Lambda$976
instanceKlass scala/Double
instanceKlass scala/Float
instanceKlass scala/Char
instanceKlass jdk/internal/vm/annotation/Stable
instanceKlass scala/Byte
instanceKlass scala/reflect/runtime/JavaMirrors$JavaMirror$$Lambda$975
instanceKlass scala/reflect/runtime/JavaMirrors$JavaMirror$$Lambda$974
instanceKlass scala/reflect/runtime/JavaMirrors$JavaMirror$$Lambda$973
instanceKlass scala/reflect/internal/StdNames$TermNames$raw$
instanceKlass scala/reflect/internal/Definitions$DefinitionsClass$$Lambda$972
instanceKlass scala/reflect/internal/util/package$
instanceKlass scala/reflect/internal/Definitions$DefinitionsClass$$Lambda$971
instanceKlass scala/reflect/internal/Definitions$DefinitionsClass$$Lambda$970
instanceKlass scala/reflect/internal/Definitions$DefinitionsClass$$Lambda$969
instanceKlass scala/reflect/internal/Definitions$DefinitionsClass$$Lambda$968
instanceKlass scala/reflect/internal/Definitions$DefinitionsClass$$Lambda$967
instanceKlass scala/reflect/internal/Symbols$Symbol$$Lambda$966
instanceKlass scala/reflect/internal/Definitions$DefinitionsClass$$Lambda$965
instanceKlass scala/reflect/internal/Definitions$DefinitionsClass$$Lambda$964
instanceKlass scala/reflect/internal/Symbols$Symbol$$Lambda$963
instanceKlass scala/reflect/internal/Symbols$Symbol$$Lambda$962
instanceKlass scala/reflect/runtime/JavaMirrors$JavaMirror$$Lambda$961
instanceKlass scala/reflect/runtime/JavaMirrors$JavaMirror$$Lambda$960
instanceKlass scala/reflect/internal/Types$$Lambda$959
instanceKlass scala/reflect/runtime/JavaMirrors$JavaMirror$$Lambda$958
instanceKlass scala/reflect/runtime/JavaMirrors$JavaMirror$$Lambda$957
instanceKlass scala/reflect/runtime/JavaMirrors$JavaMirror$$Lambda$956
instanceKlass scala/reflect/runtime/JavaMirrors$JavaMirror$$Lambda$955
instanceKlass scala/Boolean
instanceKlass scala/reflect/internal/pickling/UnPickler$Scan$$Lambda$954
instanceKlass scala/reflect/internal/pickling/UnPickler$Scan$$Lambda$953
instanceKlass java/lang/invoke/LambdaForm$MH
instanceKlass scala/Int
instanceKlass scala/Long
instanceKlass scala/annotation/Annotation
instanceKlass scala/reflect/internal/AnnotationInfos$AnnotationInfo$
instanceKlass scala/reflect/internal/AnnotationInfos$Annotatable$$Lambda$952
instanceKlass scala/reflect/internal/PrivateWithin$$Lambda$951
instanceKlass scala/Unit
instanceKlass scala/reflect/runtime/JavaMirrors$JavaMirror$$Lambda$950
instanceKlass scala/reflect/runtime/JavaMirrors$JavaMirror$$Lambda$949
instanceKlass scala/reflect/runtime/JavaMirrors$JavaMirror$jMemberOps
instanceKlass scala/reflect/runtime/JavaMirrors$JavaMirror$RichClass
instanceKlass scala/reflect/runtime/ReflectionUtils$EnclosedIn
instanceKlass scala/reflect/runtime/ReflectionUtils$PrimitiveOrArray$
instanceKlass scala/reflect/runtime/JavaMirrors$JavaMirror$$Lambda$948
instanceKlass scala/reflect/runtime/JavaMirrors$JavaMirror$$Lambda$947
instanceKlass scala/reflect/runtime/JavaMirrors$JavaMirror$$Lambda$946
instanceKlass scala/reflect/runtime/JavaMirrors$JavaMirror$FromJavaClassCompleter$$Lambda$945
instanceKlass scala/reflect/runtime/JavaMirrors$JavaMirror$FromJavaClassCompleter$$Lambda$944
instanceKlass scala/reflect/runtime/JavaMirrors$JavaMirror$FromJavaClassCompleter$$Lambda$943
instanceKlass scala/reflect/runtime/JavaMirrors$JavaMirror$FromJavaClassCompleter$$Lambda$942
instanceKlass scala/reflect/internal/ClassfileConstants$FlagTranslation
instanceKlass scala/reflect/internal/JavaAccFlags$
instanceKlass scala/reflect/runtime/JavaMirrors$JavaMirror$jClassOps
instanceKlass scala/reflect/runtime/JavaMirrors$JavaMirror$$Lambda$941
instanceKlass scala/reflect/internal/Mirrors$RootsBase$$Lambda$940
instanceKlass scala/reflect/internal/Mirrors$RootsBase$$Lambda$939
instanceKlass scala/AnyVal
instanceKlass scala/Array
instanceKlass scala/reflect/internal/Types$GenPolyType$
instanceKlass scala/reflect/internal/pickling/UnPickler$Scan$$Lambda$938
instanceKlass scala/collection/package
instanceKlass scala/reflect/internal/Definitions$DefinitionsClass$$Lambda$937
instanceKlass scala/runtime/package
instanceKlass scala/reflect/internal/Mirrors$RootsBase$$Lambda$936
instanceKlass scala/reflect/internal/Mirrors$RootsBase$$Lambda$935
instanceKlass scala/annotation/StaticAnnotation
instanceKlass scala/reflect/internal/SymbolTable$$Lambda$934
instanceKlass scala/reflect/internal/Symbols$Symbol$$Lambda$933
instanceKlass scala/reflect/internal/util/ThreeValues$
instanceKlass scala/reflect/internal/Types$TypeRef$$Lambda$932
instanceKlass scala/reflect/internal/SymbolTable$$Lambda$931
instanceKlass scala/reflect/internal/SymbolTable$$Lambda$930
instanceKlass scala/reflect/runtime/SynchronizedOps$SynchronizedScope$$Lambda$929
instanceKlass scala/reflect/runtime/TwoWayCaches$TwoWayCache$SomeRef$
instanceKlass scala/reflect/runtime/JavaMirrors$JavaMirror$$Lambda$928
instanceKlass java/lang/ClassLoader$$Lambda$927
instanceKlass jdk/internal/loader/BootLoader$PackageHelper$$Lambda$926
instanceKlass jdk/internal/loader/BootLoader$PackageHelper
instanceKlass scala/ref/WeakReference$
instanceKlass scala/compat/Platform$
instanceKlass scala/reflect/internal/pickling/UnPickler$Scan$LazyTypeRef$$Lambda$925
instanceKlass scala/reflect/internal/pickling/UnPickler$Scan$LazyTypeRef$$Lambda$924
instanceKlass java/lang/invoke/LambdaForm$MH
instanceKlass java/lang/invoke/LambdaForm$MH
instanceKlass scala/reflect/internal/pickling/UnPickler$Scan$$Lambda$923
instanceKlass scala/reflect/runtime/SynchronizedSymbols$SynchronizedMethodSymbol
instanceKlass scala/reflect/internal/pickling/UnPickler$Scan$$Lambda$922
instanceKlass scala/reflect/internal/pickling/UnPickler$Scan$$Lambda$921
instanceKlass scala/reflect/internal/pickling/UnPickler$Scan$$Lambda$920
instanceKlass scala/reflect/internal/Mirrors$RootsBase$$Lambda$919
instanceKlass scala/reflect/internal/pickling/UnPickler$Scan$$Lambda$918
instanceKlass scala/io/Codec$$Lambda$917
instanceKlass scala/io/Codec
instanceKlass scala/io/Codec$
instanceKlass scala/io/LowPriorityCodecImplicits
instanceKlass scala/reflect/internal/pickling/UnPickler$Scan$$Lambda$916
instanceKlass scala/reflect/internal/pickling/PickleFormat$
instanceKlass scala/reflect/internal/pickling/PickleBuffer
instanceKlass scala/collection/mutable/ArrayOps$ofByte
instanceKlass scala/reflect/internal/pickling/UnPickler
instanceKlass scala/reflect/runtime/ReflectionUtils$
instanceKlass scala/reflect/internal/pickling/ByteCodecs$
instanceKlass scala/reflect/runtime/JavaMirrors$JavaMirror$$Lambda$915
instanceKlass scala/reflect/runtime/JavaMirrors$JavaMirror$$Lambda$914
instanceKlass scala/reflect/runtime/JavaMirrors$JavaMirror$$Lambda$913
instanceKlass scala/reflect/ScalaSignature
instanceKlass scala/reflect/runtime/SymbolLoaders$TopClassCompleter$$Lambda$912
instanceKlass scala/reflect/runtime/SymbolLoaders$TopClassCompleter$$Lambda$911
instanceKlass scala/reflect/runtime/SymbolLoaders$PackageScope$$Lambda$910
instanceKlass scala/reflect/runtime/SymbolLoaders$PackageScope$$Lambda$909
instanceKlass scala/reflect/internal/Types$FlagAssigningCompleter
instanceKlass scala/package
instanceKlass scala/reflect/internal/Mirrors$RootsBase$$Lambda$908
instanceKlass scala/reflect/internal/Symbols$ClassSymbol$$Lambda$907
instanceKlass scala/reflect/runtime/SynchronizedOps$SynchronizedScope$$Lambda$906
instanceKlass scala/reflect/internal/Mirrors$RootsBase$$Lambda$905
instanceKlass scala/reflect/runtime/JavaMirrors$JavaMirror$$Lambda$904
instanceKlass scala/reflect/internal/Symbols$$Lambda$903
instanceKlass scala/reflect/internal/Symbols$$Lambda$902
instanceKlass scala/reflect/internal/Mirrors$RootsBase$$Lambda$901
instanceKlass scala/reflect/internal/Mirrors$RootsBase$$Lambda$900
instanceKlass scala/reflect/internal/Mirrors$RootsBase$$Lambda$899
instanceKlass scala/reflect/internal/Mirrors$RootsBase$$Lambda$898
instanceKlass scala/reflect/runtime/SynchronizedOps$SynchronizedScope$$Lambda$897
instanceKlass scala/reflect/runtime/SynchronizedOps$SynchronizedScope$$Lambda$896
instanceKlass scala/reflect/internal/Symbols$$Lambda$895
instanceKlass scala/reflect/internal/Symbols$$Lambda$894
instanceKlass scala/reflect/runtime/SymbolLoaders$PackageScope$$Lambda$893
instanceKlass scala/reflect/runtime/SynchronizedOps$SynchronizedScope$$Lambda$892
instanceKlass scala/reflect/runtime/SymbolLoaders$PackageScope$$Lambda$891
instanceKlass scala/reflect/internal/Scopes$ScopeEntry
instanceKlass scala/reflect/runtime/ThreadLocalStorage$MyThreadLocalStorage
instanceKlass scala/reflect/runtime/SynchronizedTypes$$Lambda$890
instanceKlass scala/reflect/internal/Types$$Lambda$889
instanceKlass scala/reflect/internal/Types$$Lambda$888
instanceKlass scala/reflect/runtime/SymbolLoaders$LazyPackageType$$Lambda$887
instanceKlass scala/reflect/internal/Types$AbstractTypeRef
instanceKlass scala/reflect/internal/Types$AliasTypeRef
instanceKlass scala/reflect/internal/Types$NonClassTypeRef
instanceKlass scala/reflect/runtime/SynchronizedSymbols$SynchronizedTermSymbol
instanceKlass java/lang/invoke/LambdaForm$MH
instanceKlass java/lang/invoke/LambdaForm$MH
instanceKlass java/lang/invoke/LambdaForm$MH
instanceKlass sun/invoke/util/ValueConversions$WrapperCache
instanceKlass scala/reflect/internal/util/AlmostFinalValue
instanceKlass scala/reflect/internal/util/StatisticsStatics
instanceKlass scala/reflect/internal/settings/MutableSettings$
instanceKlass scala/reflect/internal/settings/MutableSettings$SettingsOps$
instanceKlass scala/reflect/runtime/SynchronizedSymbols$SynchronizedModuleClassSymbol
instanceKlass scala/reflect/runtime/SynchronizedSymbols$SynchronizedClassSymbol
instanceKlass scala/reflect/runtime/SynchronizedSymbols$SynchronizedTypeSymbol
instanceKlass scala/ref/ReferenceWithWrapper
instanceKlass scala/ref/WeakReference
instanceKlass scala/ref/ReferenceWrapper
instanceKlass scala/ref/Reference
instanceKlass scala/reflect/runtime/JavaMirrors$JavaMirror$$Lambda$886
instanceKlass scala/reflect/runtime/JavaMirrors$JavaMirror$$Lambda$885
instanceKlass scala/reflect/runtime/JavaMirrors$JavaMirror$$Lambda$884
instanceKlass scala/reflect/runtime/JavaMirrors$JavaMirror$$Lambda$883
instanceKlass scala/reflect/runtime/JavaMirrors$JavaMirror$$Lambda$882
instanceKlass scala/reflect/runtime/HasJavaClass
instanceKlass scala/reflect/runtime/TwoWayCaches$TwoWayCache
instanceKlass scala/reflect/api/Mirrors$MethodMirror
instanceKlass scala/reflect/api/Mirrors$ModuleMirror
instanceKlass scala/reflect/internal/Types$FlagAgnosticCompleter
instanceKlass scala/reflect/runtime/JavaMirrors$JavaClassCompleter
instanceKlass scala/reflect/api/Mirrors$InstanceMirror
instanceKlass scala/reflect/api/Mirrors$ClassMirror
instanceKlass scala/reflect/api/Mirrors$TemplateMirror
instanceKlass scala/reflect/internal/Flags$$Lambda$881
instanceKlass java/lang/invoke/LambdaForm$DMH
instanceKlass scala/reflect/internal/Flags$$Lambda$880
instanceKlass scala/runtime/java8/JFunction1$mcJJ$sp
instanceKlass scala/reflect/internal/Flags$$Lambda$879
instanceKlass scala/runtime/java8/JFunction1$mcJI$sp
instanceKlass java/lang/invoke/LambdaForm$DMH
instanceKlass scala/collection/mutable/ArrayOps$ofLong$
instanceKlass scala/reflect/internal/Flags$MapFlags$$Lambda$878
instanceKlass scala/runtime/java8/JFunction2$mcJJJ$sp
instanceKlass scala/collection/mutable/ArrayOps$ofLong
instanceKlass scala/reflect/internal/Flags$MapFlags
instanceKlass scala/Function1$mcJJ$sp
instanceKlass scala/reflect/internal/Flags$$Lambda$877
instanceKlass scala/reflect/internal/Flags$$Lambda$876
instanceKlass scala/reflect/internal/ModifierFlags
instanceKlass scala/reflect/internal/Symbols$TypeHistory
instanceKlass scala/reflect/io/AbstractFile
instanceKlass scala/reflect/api/StandardDefinitions$DefinitionsApi$VarArityClassApi
instanceKlass scala/reflect/internal/Definitions$DefinitionsClass
instanceKlass scala/reflect/internal/Definitions$ValueClassDefinitions
instanceKlass scala/reflect/internal/ScopeStats$$Lambda$875
instanceKlass scala/reflect/internal/SymbolsStats$$Lambda$874
instanceKlass scala/collection/mutable/SynchronizedMap
instanceKlass scala/reflect/internal/TreesStats$$Lambda$873
instanceKlass scala/reflect/internal/TreesStats$$Lambda$872
instanceKlass scala/reflect/internal/util/Statistics$TimerStack
instanceKlass scala/reflect/internal/util/Statistics$View
instanceKlass scala/reflect/internal/TypesStats$$Lambda$871
instanceKlass scala/reflect/internal/util/Statistics$Timer
instanceKlass scala/reflect/internal/SymbolTable$$Lambda$870
instanceKlass scala/reflect/internal/util/package$StringContextStripMarginOps
instanceKlass scala/reflect/internal/util/StripMarginInterpolator
instanceKlass scala/StringContext
instanceKlass scala/reflect/internal/util/FreshNameCreator$
instanceKlass scala/reflect/internal/util/FreshNameCreator
instanceKlass scala/reflect/api/Internals$ReificationSupportApi$SyntacticBlockExtractor
instanceKlass scala/reflect/api/Internals$ReificationSupportApi$SyntacticClassDefExtractor
instanceKlass scala/reflect/api/Internals$ReificationSupportApi$SyntacticTraitDefExtractor
instanceKlass scala/reflect/api/Internals$ReificationSupportApi$SyntacticCompoundTypeExtractor
instanceKlass scala/reflect/api/Internals$ReificationSupportApi$SyntacticEmptyTypeTreeExtractor
instanceKlass scala/reflect/api/Internals$ReificationSupportApi$SyntacticTypeProjectionExtractor
instanceKlass scala/reflect/api/Internals$ReificationSupportApi$SyntacticAnnotatedTypeExtractor
instanceKlass scala/reflect/api/Internals$ReificationSupportApi$SyntacticPartialFunctionExtractor
instanceKlass scala/reflect/api/Internals$ReificationSupportApi$SyntacticSelectTermExtractor
instanceKlass scala/reflect/api/Internals$ReificationSupportApi$SyntacticFunctionTypeExtractor
instanceKlass scala/reflect/api/Internals$ReificationSupportApi$SyntacticExistentialTypeExtractor
instanceKlass scala/reflect/api/Internals$ReificationSupportApi$UnliftListElementwise
instanceKlass scala/reflect/api/Internals$ReificationSupportApi$SyntacticSelectTypeExtractor
instanceKlass scala/reflect/api/Internals$ReificationSupportApi$UnliftListOfListsElementwise
instanceKlass scala/reflect/api/Internals$ReificationSupportApi$SyntacticTypeAppliedExtractor
instanceKlass scala/reflect/api/Internals$ReificationSupportApi$SyntacitcSingletonTypeExtractor
instanceKlass scala/reflect/api/Internals$ReificationSupportApi$SyntacticPackageObjectDefExtractor
instanceKlass scala/reflect/api/Internals$ReificationSupportApi$SyntacticTermIdentExtractor
instanceKlass scala/reflect/api/Internals$ReificationSupportApi$SyntacticAppliedExtractor
instanceKlass scala/reflect/api/Internals$ReificationSupportApi$SyntacticValEqExtractor
instanceKlass scala/reflect/api/Internals$ReificationSupportApi$FlagsReprExtractor
instanceKlass scala/reflect/api/Internals$ReificationSupportApi$SyntacticNewExtractor
instanceKlass scala/reflect/api/Internals$ReificationSupportApi$SyntacticPatDefExtractor
instanceKlass scala/reflect/api/Internals$ReificationSupportApi$SyntacticValFromExtractor
instanceKlass scala/reflect/api/Internals$ReificationSupportApi$SyntacticObjectDefExtractor
instanceKlass scala/reflect/api/Internals$ReificationSupportApi$SyntacticFunctionExtractor
instanceKlass scala/reflect/api/Internals$ReificationSupportApi$SyntacticImportExtractor
instanceKlass scala/reflect/api/Internals$ReificationSupportApi$SyntacticTypeIdentExtractor
instanceKlass scala/reflect/api/Internals$ReificationSupportApi$SyntacticForExtractor
instanceKlass scala/reflect/api/Internals$ReificationSupportApi$ImplicitParamsExtractor
instanceKlass scala/reflect/api/Internals$ReificationSupportApi$SyntacticMatchExtractor
instanceKlass scala/reflect/api/Internals$ReificationSupportApi$SyntacticValDefExtractor
instanceKlass scala/reflect/api/Internals$ReificationSupportApi$SyntacticTryExtractor
instanceKlass scala/reflect/api/Internals$ReificationSupportApi$ScalaDotExtractor
instanceKlass scala/reflect/api/Internals$ReificationSupportApi$SyntacticFilterExtractor
instanceKlass scala/reflect/api/Internals$ReificationSupportApi$SyntacticTupleExtractor
instanceKlass scala/reflect/api/Internals$ReificationSupportApi$SyntacticAssignExtractor
instanceKlass scala/reflect/api/Internals$ReificationSupportApi$SyntacticDefDefExtractor
instanceKlass scala/reflect/internal/ReificationSupport$ReificationSupportImpl
instanceKlass scala/reflect/internal/Positions$WrappingPosAccumulator
instanceKlass scala/reflect/internal/Positions$$Lambda$869
instanceKlass scala/reflect/internal/Positions$SetChildrenPosAccumulator
instanceKlass scala/reflect/internal/Positions$$anon$1
instanceKlass scala/reflect/internal/util/SourceFile
instanceKlass scala/reflect/internal/Trees$ImportSelector
instanceKlass scala/reflect/internal/Trees$$Lambda$868
instanceKlass scala/reflect/internal/Trees$OnlyChildAccumulator
instanceKlass scala/reflect/internal/StdNames$TermNames$$Lambda$867
instanceKlass scala/reflect/internal/Names$NameOps
instanceKlass scala/reflect/NameTransformer$OpCodes
instanceKlass scala/reflect/NameTransformer$
instanceKlass scala/reflect/internal/StdNames$JavaKeywords
instanceKlass scala/reflect/internal/StdNames$KeywordSetBuilder
instanceKlass scala/reflect/internal/StdNames$CommonNames
instanceKlass scala/reflect/internal/transform/Transforms$$Lambda$866
instanceKlass scala/reflect/internal/transform/Transforms$$anon$3
instanceKlass scala/reflect/internal/transform/PostErasure
instanceKlass scala/reflect/internal/transform/Transforms$$Lambda$865
instanceKlass scala/reflect/internal/transform/Transforms$$anon$2
instanceKlass scala/reflect/internal/transform/Erasure
instanceKlass scala/reflect/internal/transform/Transforms$$Lambda$864
instanceKlass scala/reflect/internal/transform/Transforms$$anon$1
instanceKlass scala/reflect/internal/transform/UnCurry
instanceKlass scala/reflect/internal/transform/Transforms$Lazy
instanceKlass scala/reflect/internal/Scopes$$Lambda$863
instanceKlass scala/reflect/internal/Kinds$KindErrors
instanceKlass scala/reflect/internal/Variances$varianceInType$$Lambda$862
instanceKlass scala/reflect/internal/Variance$Extractor
instanceKlass scala/reflect/internal/Variances$$Lambda$861
instanceKlass scala/reflect/internal/Variances$varianceInType
instanceKlass scala/reflect/api/Types$ThisTypeApi
instanceKlass scala/reflect/api/Types$SuperTypeApi
instanceKlass scala/reflect/api/Types$SingleTypeApi
instanceKlass scala/reflect/internal/Types$$Lambda$860
instanceKlass scala/reflect/internal/Types$$Lambda$859
instanceKlass scala/reflect/internal/Variance$
instanceKlass scala/reflect/internal/Types$$Lambda$858
instanceKlass scala/reflect/api/Types$BoundedWildcardTypeApi
instanceKlass scala/reflect/internal/AnnotationInfos$AnnotationInfo
instanceKlass scala/reflect/internal/Types$$Lambda$857
instanceKlass scala/reflect/internal/tpe/FindMembers$$Lambda$856
instanceKlass scala/reflect/internal/tpe/FindMembers$FindMemberBase
instanceKlass scala/reflect/internal/util/ReusableInstance
instanceKlass scala/reflect/internal/Depth$
instanceKlass scala/reflect/runtime/Settings$IntSetting
instanceKlass scala/reflect/runtime/Settings$BooleanSetting
instanceKlass scala/reflect/runtime/Settings$Setting
instanceKlass scala/reflect/internal/settings/MutableSettings$SettingValue
instanceKlass scala/reflect/internal/settings/AbsSettings$AbsSettingValue
instanceKlass scala/reflect/internal/Symbols$SymbolOps
instanceKlass scala/reflect/internal/Symbols$$Lambda$855
instanceKlass scala/reflect/api/Internals$FreeTypeSymbolApi
instanceKlass scala/reflect/api/Internals$FreeTermSymbolApi
instanceKlass scala/reflect/internal/Symbols$FreeSymbol
instanceKlass scala/reflect/internal/util/JavaClearable
instanceKlass scala/collection/mutable/AnyRefMap$$$Lambda$854
instanceKlass scala/collection/mutable/AnyRefMap$$anon$2
instanceKlass scala/collection/mutable/AnyRefMap$ExceptionDefault
instanceKlass scala/collection/mutable/AnyRefMap$
instanceKlass scala/reflect/internal/SymbolTable$perRunCaches$
instanceKlass scala/reflect/api/Trees$ExistentialTypeTreeApi
instanceKlass scala/reflect/api/Trees$IfApi
instanceKlass scala/reflect/api/Trees$AssignOrNamedArgApi
instanceKlass scala/reflect/api/Trees$LabelDefApi
instanceKlass scala/reflect/api/Trees$AssignApi
instanceKlass scala/reflect/api/Trees$AppliedTypeTreeApi
instanceKlass scala/reflect/api/Trees$ImportApi
instanceKlass scala/reflect/api/Trees$SingletonTypeTreeApi
instanceKlass scala/reflect/api/Trees$AnnotatedApi
instanceKlass scala/reflect/api/Trees$AlternativeApi
instanceKlass scala/reflect/api/Trees$UnApplyApi
instanceKlass scala/reflect/api/Trees$FunctionApi
instanceKlass scala/reflect/api/Trees$SelectFromTypeTreeApi
instanceKlass scala/reflect/api/Trees$TypeApplyApi
instanceKlass scala/reflect/api/Trees$ThisApi
instanceKlass scala/reflect/api/Trees$StarApi
instanceKlass scala/reflect/api/Trees$ReturnApi
instanceKlass scala/reflect/api/Trees$CompoundTypeTreeApi
instanceKlass scala/reflect/api/Trees$ClassDefApi
instanceKlass scala/reflect/api/Trees$TypedApi
instanceKlass scala/reflect/api/Trees$PackageDefApi
instanceKlass scala/reflect/api/Trees$MatchApi
instanceKlass scala/reflect/internal/SymbolTable$ReflectStats
instanceKlass scala/reflect/internal/ScopeStats
instanceKlass scala/reflect/internal/SymbolsStats
instanceKlass scala/reflect/internal/TreesStats
instanceKlass scala/reflect/internal/SymbolTableStats
instanceKlass scala/reflect/internal/TypesStats
instanceKlass scala/reflect/internal/BaseTypeSeqsStats
instanceKlass scala/reflect/internal/util/Statistics
instanceKlass scala/reflect/internal/Reporting$RunReporting
instanceKlass scala/reflect/api/Trees$TreeCopierOps
instanceKlass scala/reflect/internal/TreeInfo
instanceKlass scala/reflect/api/JavaUniverse$JavaMirror
instanceKlass scala/reflect/api/Mirrors$RuntimeMirror
instanceKlass scala/reflect/api/Mirrors$ReflectiveMirror
instanceKlass scala/reflect/api/Mirror
instanceKlass scala/reflect/internal/Reporting$PerRunReportingBase
instanceKlass scala/reflect/internal/Reporter
instanceKlass scala/reflect/internal/settings/MutableSettings
instanceKlass scala/reflect/internal/settings/AbsSettings
instanceKlass scala/reflect/runtime/SynchronizedOps$SynchronizedBaseTypeSeq
instanceKlass scala/reflect/internal/BaseTypeSeqs$BaseTypeSeq
instanceKlass scala/reflect/runtime/SynchronizedOps$SynchronizedScope
instanceKlass scala/reflect/runtime/SynchronizedSymbols$SynchronizedSymbol
instanceKlass scala/reflect/runtime/ThreadLocalStorage$ThreadLocalStorage
instanceKlass scala/reflect/internal/Mirrors$Roots$RootSymbol
instanceKlass scala/reflect/internal/Mirrors$RootSymbol
instanceKlass scala/reflect/internal/Mirrors$Roots$WellKnownSymbol
instanceKlass scala/reflect/api/Trees$ExistentialTypeTreeExtractor
instanceKlass scala/reflect/api/Types$BoundedWildcardTypeExtractor
instanceKlass scala/reflect/api/StandardDefinitions$DefinitionsApi
instanceKlass scala/reflect/api/StandardDefinitions$StandardTypes
instanceKlass scala/reflect/api/Internals$ReificationSupportApi
instanceKlass scala/reflect/internal/InfoTransformers$InfoTransformer
instanceKlass scala/reflect/internal/Phase
instanceKlass scala/reflect/internal/TreeGen
instanceKlass scala/reflect/api/Trees$IfExtractor
instanceKlass scala/reflect/api/Annotations$AnnotationApi
instanceKlass scala/reflect/api/Annotations$ArrayArgumentExtractor
instanceKlass scala/reflect/api/Annotations$NestedArgumentExtractor
instanceKlass scala/reflect/api/Annotations$LiteralArgumentExtractor
instanceKlass scala/reflect/api/Types$MethodTypeExtractor
instanceKlass scala/reflect/api/Types$PolyTypeExtractor
instanceKlass scala/reflect/api/Types$ExistentialTypeExtractor
instanceKlass scala/reflect/api/Types$RefinedTypeExtractor
instanceKlass scala/reflect/api/Types$ConstantTypeExtractor
instanceKlass scala/reflect/api/Types$AnnotatedTypeExtractor
instanceKlass scala/reflect/api/Types$NullaryMethodTypeExtractor
instanceKlass scala/reflect/api/Types$SuperTypeExtractor
instanceKlass scala/reflect/api/Types$TypeBoundsExtractor
instanceKlass scala/reflect/api/Trees$TypeTreeExtractor
instanceKlass scala/reflect/api/Trees$AssignOrNamedArgExtractor
instanceKlass scala/reflect/api/Trees$ApplyExtractor
instanceKlass scala/reflect/api/Trees$LabelDefExtractor
instanceKlass scala/reflect/api/Trees$AssignExtractor
instanceKlass scala/reflect/api/Trees$AppliedTypeTreeExtractor
instanceKlass scala/reflect/api/Trees$BindApi
instanceKlass scala/reflect/api/Trees$BindExtractor
instanceKlass scala/reflect/api/Trees$CaseDefExtractor
instanceKlass scala/reflect/api/Trees$CaseDefApi
instanceKlass scala/reflect/api/Trees$ImportExtractor
instanceKlass scala/reflect/api/Internals$ReferenceToBoxedExtractor
instanceKlass scala/reflect/api/Trees$SingletonTypeTreeExtractor
instanceKlass scala/reflect/api/Trees$AnnotatedExtractor
instanceKlass scala/reflect/api/Trees$DefDefExtractor
instanceKlass scala/reflect/api/Trees$ImportSelectorExtractor
instanceKlass scala/reflect/api/Trees$AlternativeExtractor
instanceKlass scala/reflect/api/Trees$NewExtractor
instanceKlass scala/reflect/api/Trees$ThrowApi
instanceKlass scala/reflect/api/Trees$ThrowExtractor
instanceKlass scala/reflect/api/Trees$TypeDefExtractor
instanceKlass scala/reflect/api/Trees$IdentExtractor
instanceKlass scala/reflect/api/Trees$UnApplyExtractor
instanceKlass scala/reflect/api/Annotations$AnnotationExtractor
instanceKlass scala/reflect/api/Trees$ValDefExtractor
instanceKlass scala/reflect/api/Trees$FunctionExtractor
instanceKlass scala/reflect/api/Trees$SelectFromTypeTreeExtractor
instanceKlass scala/reflect/api/FlagSets$FlagValues
instanceKlass scala/reflect/api/Trees$SuperExtractor
instanceKlass scala/reflect/api/Trees$TemplateExtractor
instanceKlass scala/reflect/api/Trees$ModuleDefExtractor
instanceKlass scala/reflect/api/Trees$TypeApplyExtractor
instanceKlass scala/reflect/api/Trees$TryApi
instanceKlass scala/reflect/api/Trees$TryExtractor
instanceKlass scala/reflect/api/Trees$BlockApi
instanceKlass scala/reflect/api/Trees$BlockExtractor
instanceKlass scala/reflect/api/Trees$ThisExtractor
instanceKlass scala/reflect/api/Trees$TypeBoundsTreeExtractor
instanceKlass scala/reflect/api/Trees$ModifiersExtractor
instanceKlass scala/reflect/api/Trees$StarExtractor
instanceKlass scala/reflect/api/StandardNames$TypeNamesApi
instanceKlass scala/reflect/api/Trees$ReturnExtractor
instanceKlass scala/reflect/api/Trees$CompoundTypeTreeExtractor
instanceKlass scala/reflect/api/Constants$ConstantExtractor
instanceKlass scala/reflect/api/Types$ClassInfoTypeExtractor
instanceKlass scala/reflect/api/Names$TypeNameExtractor
instanceKlass scala/reflect/api/Types$ThisTypeExtractor
instanceKlass scala/reflect/api/Names$TermNameExtractor
instanceKlass scala/reflect/api/Types$SingleTypeExtractor
instanceKlass scala/reflect/api/Types$TypeRefExtractor
instanceKlass scala/reflect/api/StandardNames$TermNamesApi
instanceKlass scala/reflect/api/StandardNames$NamesApi
instanceKlass scala/reflect/api/Trees$RefTreeExtractor
instanceKlass scala/reflect/api/Trees$ClassDefExtractor
instanceKlass scala/reflect/api/Trees$TypedExtractor
instanceKlass scala/reflect/api/Trees$PackageDefExtractor
instanceKlass scala/reflect/api/Trees$LiteralExtractor
instanceKlass scala/reflect/api/Trees$SelectExtractor
instanceKlass scala/reflect/api/Trees$MatchExtractor
instanceKlass scala/reflect/macros/Universe$MacroCompatApi
instanceKlass scala/reflect/api/Internals$CompatApi
instanceKlass scala/reflect/macros/Universe$TreeGen
instanceKlass scala/reflect/macros/Universe$MacroInternalApi
instanceKlass scala/reflect/api/Internals$InternalApi
instanceKlass scala/reflect/api/Internals$ReferenceToBoxedApi
instanceKlass scala/reflect/internal/Positions$PosAssigner
instanceKlass scala/reflect/internal/Printers$TreePrinter
instanceKlass scala/reflect/api/Printers$TreePrinter
instanceKlass scala/reflect/api/Trees$DefDefApi
instanceKlass scala/reflect/api/Trees$TypeDefApi
instanceKlass scala/reflect/api/Trees$ModuleDefApi
instanceKlass scala/reflect/api/Trees$ImplDefApi
instanceKlass scala/reflect/api/Trees$ImportSelectorApi
instanceKlass scala/reflect/api/Trees$ModifiersApi
instanceKlass scala/reflect/api/Constants$ConstantApi
instanceKlass scala/reflect/api/Trees$SuperApi
instanceKlass scala/reflect/api/Trees$TemplateApi
instanceKlass scala/reflect/api/Trees$ValDefApi
instanceKlass scala/reflect/api/Trees$ValOrDefDefApi
instanceKlass scala/reflect/api/Trees$MemberDefApi
instanceKlass scala/reflect/api/Trees$DefTreeApi
instanceKlass scala/reflect/api/Trees$LiteralApi
instanceKlass scala/reflect/api/Trees$TypeBoundsTreeApi
instanceKlass scala/reflect/api/Annotations$NestedArgumentApi
instanceKlass scala/reflect/api/Annotations$ArrayArgumentApi
instanceKlass scala/reflect/api/Annotations$LiteralArgumentApi
instanceKlass scala/reflect/internal/AnnotationInfos$ClassfileAnnotArg
instanceKlass scala/reflect/api/Annotations$JavaArgumentApi
instanceKlass scala/reflect/api/Trees$SelectApi
instanceKlass scala/reflect/api/Trees$NewApi
instanceKlass scala/reflect/api/Trees$TypeTreeApi
instanceKlass scala/reflect/internal/Trees$TypTree
instanceKlass scala/reflect/api/Trees$TypTreeApi
instanceKlass scala/reflect/internal/Trees$CannotHaveAttrs
instanceKlass scala/reflect/internal/Trees$TermTree
instanceKlass scala/reflect/api/Trees$ApplyApi
instanceKlass scala/reflect/api/Trees$GenericApplyApi
instanceKlass scala/reflect/api/Trees$TermTreeApi
instanceKlass scala/reflect/api/Types$ConstantTypeApi
instanceKlass scala/reflect/api/Trees$IdentApi
instanceKlass scala/reflect/internal/Trees$RefTree
instanceKlass scala/reflect/api/Trees$RefTreeApi
instanceKlass scala/reflect/api/Trees$SymTreeApi
instanceKlass scala/reflect/internal/Trees$NameTree
instanceKlass scala/reflect/api/Trees$NameTreeApi
instanceKlass scala/reflect/internal/Trees$TreeContextApiImpl
instanceKlass scala/reflect/api/Trees$TreeApi
instanceKlass scala/reflect/internal/StdNames$SymbolNames
instanceKlass scala/reflect/api/Symbols$MethodSymbolApi
instanceKlass scala/reflect/api/Types$ClassInfoTypeApi
instanceKlass scala/reflect/macros/Attachments
instanceKlass scala/reflect/internal/util/DeprecatedPosition
instanceKlass scala/reflect/internal/util/InternalPositionImpl
instanceKlass scala/reflect/api/Position
instanceKlass scala/reflect/internal/Scopes$Scope
instanceKlass scala/reflect/api/Scopes$MemberScopeApi
instanceKlass scala/reflect/api/Scopes$ScopeApi
instanceKlass scala/reflect/api/FlagSets$FlagOps
instanceKlass scala/reflect/internal/util/Statistics$SubQuantity
instanceKlass scala/reflect/internal/util/Statistics$Counter
instanceKlass scala/reflect/internal/util/Statistics$Quantity
instanceKlass scala/reflect/api/Types$ExistentialTypeApi
instanceKlass scala/reflect/api/Types$AnnotatedTypeApi
instanceKlass scala/reflect/internal/Types$RewrappingTypeProxy
instanceKlass scala/reflect/api/Types$CompoundTypeApi
instanceKlass scala/reflect/api/Types$RefinedTypeApi
instanceKlass scala/reflect/internal/tpe/TypeMaps$TypeMap
instanceKlass scala/reflect/api/Types$TypeBoundsApi
instanceKlass scala/reflect/api/Types$NullaryMethodTypeApi
instanceKlass scala/reflect/api/Types$MethodTypeApi
instanceKlass scala/reflect/api/Types$PolyTypeApi
instanceKlass scala/reflect/api/Types$TypeRefApi
instanceKlass scala/reflect/api/Types$SingletonTypeApi
instanceKlass scala/reflect/internal/Types$SimpleTypeProxy
instanceKlass scala/reflect/api/Types$TypeApi
instanceKlass scala/reflect/api/Symbols$ModuleSymbolApi
instanceKlass scala/reflect/api/Symbols$TermSymbolApi
instanceKlass scala/reflect/api/Symbols$ClassSymbolApi
instanceKlass scala/reflect/api/Symbols$TypeSymbolApi
instanceKlass scala/reflect/internal/Symbols$StubSymbol
instanceKlass scala/reflect/internal/Symbols$SymbolContextApiImpl
instanceKlass scala/reflect/api/Symbols$SymbolApi
instanceKlass scala/reflect/internal/StdAttachments$Attachable
instanceKlass scala/reflect/internal/AnnotationInfos$Annotatable
instanceKlass scala/reflect/internal/HasFlags
instanceKlass scala/reflect/api/Names$TypeNameApi
instanceKlass scala/reflect/api/Names$TermNameApi
instanceKlass scala/reflect/api/Names$NameApi
instanceKlass scala/reflect/internal/Names$NameHasIsEmpty
instanceKlass scala/reflect/api/TypeTags$TypeTag
instanceKlass scala/reflect/api/TypeTags$WeakTypeTag
instanceKlass scala/reflect/api/Universe
instanceKlass scala/reflect/api/Quasiquotes
instanceKlass scala/reflect/api/Liftables
instanceKlass scala/reflect/api/StandardLiftables
instanceKlass scala/reflect/api/StandardNames
instanceKlass scala/reflect/api/ImplicitTags
instanceKlass scala/reflect/api/TypeTags
instanceKlass scala/reflect/api/Exprs
instanceKlass scala/reflect/internal/Reporting
instanceKlass scala/reflect/internal/Internals
instanceKlass scala/reflect/api/Internals
instanceKlass scala/reflect/internal/FreshNames
instanceKlass scala/reflect/internal/pickling/Translations
instanceKlass scala/reflect/internal/PrivateWithin
instanceKlass scala/reflect/internal/ReificationSupport
instanceKlass scala/reflect/internal/StdCreators
instanceKlass scala/reflect/internal/StdAttachments
instanceKlass scala/reflect/internal/CapturedVariables
instanceKlass scala/reflect/internal/Importers
instanceKlass scala/reflect/internal/TypeDebugging
instanceKlass scala/reflect/internal/Positions
instanceKlass scala/reflect/api/Positions
instanceKlass scala/reflect/internal/Printers
instanceKlass scala/reflect/api/Printers
instanceKlass scala/reflect/internal/Trees
instanceKlass scala/reflect/api/Trees
instanceKlass scala/reflect/internal/AnnotationCheckers
instanceKlass scala/reflect/internal/AnnotationInfos
instanceKlass scala/reflect/api/Annotations
instanceKlass scala/reflect/internal/StdNames
instanceKlass scala/reflect/internal/transform/Transforms
instanceKlass scala/reflect/internal/InfoTransformers
instanceKlass scala/reflect/internal/BaseTypeSeqs
instanceKlass scala/reflect/internal/Constants
instanceKlass scala/reflect/api/Constants
instanceKlass scala/reflect/internal/Definitions
instanceKlass scala/reflect/api/StandardDefinitions
instanceKlass scala/reflect/internal/Mirrors
instanceKlass scala/reflect/api/Mirrors
instanceKlass scala/reflect/internal/Scopes
instanceKlass scala/reflect/api/Scopes
instanceKlass scala/reflect/internal/FlagSets
instanceKlass scala/reflect/api/FlagSets
instanceKlass scala/reflect/internal/ExistentialsAndSkolems
instanceKlass scala/reflect/internal/Kinds
instanceKlass scala/reflect/internal/Variances
instanceKlass scala/reflect/internal/Names
instanceKlass scala/reflect/api/Names
instanceKlass scala/reflect/runtime/SymbolTable
instanceKlass scala/reflect/runtime/ThreadLocalStorage
instanceKlass scala/reflect/runtime/Gil
instanceKlass scala/reflect/runtime/SynchronizedOps
instanceKlass scala/reflect/runtime/SynchronizedTypes
instanceKlass scala/reflect/internal/Types
instanceKlass scala/reflect/internal/util/Collections
instanceKlass scala/reflect/internal/tpe/FindMembers
instanceKlass scala/reflect/internal/tpe/TypeConstraints
instanceKlass scala/reflect/internal/tpe/TypeMaps
instanceKlass scala/reflect/internal/tpe/GlbLubs
instanceKlass scala/reflect/internal/tpe/CommonOwners
instanceKlass scala/reflect/internal/tpe/TypeToStrings
instanceKlass scala/reflect/internal/tpe/TypeComparers
instanceKlass scala/reflect/api/Types
instanceKlass scala/reflect/runtime/SynchronizedSymbols
instanceKlass scala/reflect/internal/Symbols
instanceKlass scala/reflect/api/Symbols
instanceKlass scala/reflect/runtime/SymbolLoaders
instanceKlass scala/reflect/runtime/JavaMirrors
instanceKlass scala/reflect/runtime/TwoWayCaches
instanceKlass scala/reflect/runtime/ReflectSetup
instanceKlass scala/reflect/runtime/JavaUniverseForce
instanceKlass scala/reflect/api/JavaUniverse
instanceKlass scala/reflect/runtime/package$
instanceKlass org/apache/spark/sql/Encoder
instanceKlass org/apache/spark/sql/SQLImplicits
instanceKlass org/apache/spark/sql/LowPrioritySQLImplicits
instanceKlass com/ecommerce/analytics/TransactionEnrichie
instanceKlass scala/reflect/api/TypeCreator
instanceKlass com/ecommerce/analytics/TestDataGenerator$
instanceKlass scala/DeprecatedConsole
instanceKlass scala/io/AnsiColor
instanceKlass org/apache/spark/sql/catalyst/plans/logical/UnaryCommand
instanceKlass org/apache/spark/sql/SQLContext
instanceKlass org/apache/spark/sql/SparkSession$$Lambda$853
instanceKlass org/apache/spark/sql/catalyst/plans/logical/ExposesMetadataColumns
instanceKlass org/apache/spark/sql/catalyst/analysis/NamedRelation
instanceKlass org/apache/spark/sql/catalyst/analysis/UnresolvedLeafNode
instanceKlass org/apache/spark/sql/catalyst/analysis/UnresolvedUnaryNode
instanceKlass org/apache/spark/sql/catalyst/analysis/UnresolvedNode
instanceKlass org/apache/spark/sql/catalyst/plans/logical/UnaryNode
instanceKlass org/apache/spark/sql/catalyst/trees/UnaryLike
instanceKlass org/apache/spark/sql/types/AbstractDataType
instanceKlass org/apache/spark/sql/catalyst/analysis/MultiInstanceRelation
instanceKlass org/apache/spark/sql/catalyst/plans/logical/LeafNode
instanceKlass org/apache/spark/sql/catalog/Catalog
instanceKlass org/apache/spark/sql/execution/command/LeafRunnableCommand
instanceKlass org/apache/spark/sql/catalyst/trees/LeafLike
instanceKlass org/apache/spark/sql/execution/command/RunnableCommand
instanceKlass org/apache/spark/sql/catalyst/plans/logical/Command
instanceKlass org/apache/spark/sql/catalyst/trees/TreeNode
instanceKlass org/apache/spark/sql/catalyst/trees/WithOrigin
instanceKlass org/apache/spark/sql/catalyst/trees/TreePatternBits
instanceKlass org/apache/spark/sql/catalyst/SQLConfHelper
instanceKlass org/apache/spark/sql/catalyst/plans/logical/QueryPlanConstraints
instanceKlass org/apache/spark/sql/catalyst/plans/logical/ConstraintHelper
instanceKlass org/apache/spark/sql/catalyst/plans/logical/LogicalPlanDistinctKeys
instanceKlass org/apache/spark/sql/catalyst/plans/logical/statsEstimation/LogicalPlanStats
instanceKlass org/apache/spark/sql/catalyst/plans/logical/AnalysisHelper
instanceKlass org/apache/spark/sql/SparkSession
instanceKlass org/apache/spark/sql/SparkSession$$$Lambda$852
instanceKlass org/apache/spark/sql/SparkSession$$$Lambda$851
instanceKlass org/apache/spark/sql/internal/StaticSQLConf$$$Lambda$850
instanceKlass org/apache/spark/sql/internal/StaticSQLConf$$$Lambda$849
instanceKlass org/apache/spark/sql/internal/StaticSQLConf$$$Lambda$848
instanceKlass org/apache/spark/sql/internal/StaticSQLConf$$$Lambda$847
instanceKlass org/apache/spark/sql/internal/StaticSQLConf$$$Lambda$846
instanceKlass org/apache/spark/sql/internal/StaticSQLConf$$$Lambda$845
instanceKlass org/apache/spark/sql/internal/SQLConf$$$Lambda$844
instanceKlass org/apache/spark/sql/internal/SQLConf$$$Lambda$843
instanceKlass org/apache/spark/sql/internal/SQLConf$RemovedConfig
instanceKlass org/apache/spark/sql/internal/SQLConf$$$Lambda$842
instanceKlass org/apache/spark/sql/internal/SQLConf$DeprecatedConfig
instanceKlass org/apache/spark/sql/internal/SQLConf$$$Lambda$841
instanceKlass org/apache/spark/sql/internal/SQLConf$$$Lambda$840
instanceKlass org/apache/spark/sql/internal/SQLConf$$$Lambda$839
instanceKlass org/apache/spark/sql/internal/SQLConf$$$Lambda$838
instanceKlass org/apache/spark/sql/internal/SQLConf$$$Lambda$837
instanceKlass org/apache/spark/sql/internal/SQLConf$$$Lambda$836
instanceKlass org/apache/spark/sql/internal/SQLConf$$$Lambda$835
instanceKlass org/apache/spark/sql/internal/SQLConf$$$Lambda$834
instanceKlass org/apache/spark/sql/internal/SQLConf$$$Lambda$833
instanceKlass org/apache/spark/sql/internal/SQLConf$$$Lambda$832
instanceKlass org/apache/spark/sql/internal/SQLConf$$$Lambda$831
instanceKlass org/apache/spark/sql/internal/SQLConf$$$Lambda$830
instanceKlass org/apache/spark/sql/internal/SQLConf$$$Lambda$829
instanceKlass org/apache/spark/sql/internal/SQLConf$$$Lambda$828
instanceKlass org/apache/spark/sql/internal/SQLConf$$$Lambda$827
instanceKlass org/apache/spark/sql/internal/SQLConf$$$Lambda$826
instanceKlass org/apache/spark/sql/internal/SQLConf$$$Lambda$825
instanceKlass org/apache/spark/sql/internal/SQLConf$$$Lambda$824
instanceKlass org/apache/spark/sql/internal/SQLConf$$$Lambda$823
instanceKlass org/apache/spark/sql/internal/SQLConf$$$Lambda$822
instanceKlass org/apache/spark/sql/internal/SQLConf$$$Lambda$821
instanceKlass org/apache/spark/sql/internal/SQLConf$$$Lambda$820
instanceKlass org/apache/spark/sql/internal/SQLConf$$$Lambda$819
instanceKlass org/apache/spark/sql/internal/SQLConf$$$Lambda$818
instanceKlass org/apache/spark/sql/internal/SQLConf$$$Lambda$817
instanceKlass org/apache/spark/sql/internal/SQLConf$$$Lambda$816
instanceKlass org/apache/spark/sql/connector/catalog/CatalogManager$
instanceKlass org/apache/spark/sql/internal/SQLConf$$$Lambda$815
instanceKlass org/apache/spark/sql/internal/SQLConf$$$Lambda$814
instanceKlass org/apache/spark/sql/internal/SQLConf$$$Lambda$813
instanceKlass org/apache/spark/sql/internal/SQLConf$$$Lambda$812
instanceKlass org/apache/spark/sql/internal/SQLConf$$$Lambda$811
instanceKlass org/apache/spark/sql/internal/SQLConf$$$Lambda$810
instanceKlass org/apache/spark/sql/internal/SQLConf$$$Lambda$809
instanceKlass org/apache/spark/sql/internal/SQLConf$$$Lambda$808
instanceKlass org/apache/spark/sql/internal/SQLConf$$$Lambda$807
instanceKlass org/apache/spark/sql/internal/SQLConf$$$Lambda$806
instanceKlass org/apache/spark/sql/internal/SQLConf$$$Lambda$805
instanceKlass org/apache/spark/sql/internal/SQLConf$$$Lambda$804
instanceKlass org/apache/spark/sql/internal/SQLConf$$$Lambda$803
instanceKlass org/apache/spark/sql/internal/SQLConf$$$Lambda$802
instanceKlass org/apache/spark/sql/internal/SQLConf$$$Lambda$801
instanceKlass org/apache/spark/sql/internal/SQLConf$$$Lambda$800
instanceKlass org/apache/spark/sql/internal/SQLConf$$$Lambda$799
instanceKlass org/apache/spark/sql/internal/SQLConf$$$Lambda$798
instanceKlass org/apache/spark/sql/internal/SQLConf$$$Lambda$797
instanceKlass org/apache/spark/sql/internal/SQLConf$$$Lambda$796
instanceKlass org/apache/spark/sql/internal/SQLConf$$$Lambda$795
instanceKlass org/apache/spark/sql/internal/SQLConf$$$Lambda$794
instanceKlass org/apache/spark/sql/internal/SQLConf$$$Lambda$793
instanceKlass org/apache/spark/sql/internal/SQLConf$$$Lambda$792
instanceKlass org/apache/spark/sql/internal/SQLConf$$$Lambda$791
instanceKlass org/apache/spark/sql/internal/SQLConf$$$Lambda$790
instanceKlass org/apache/spark/sql/internal/SQLConf$$$Lambda$789
instanceKlass org/apache/spark/sql/internal/SQLConf$$$Lambda$788
instanceKlass org/apache/spark/sql/internal/SQLConf$$$Lambda$787
instanceKlass org/apache/spark/sql/internal/SQLConf$$$Lambda$786
instanceKlass org/apache/spark/sql/internal/SQLConf$$$Lambda$785
instanceKlass org/apache/spark/sql/internal/SQLConf$$$Lambda$784
instanceKlass org/apache/spark/sql/internal/SQLConf$$$Lambda$783
instanceKlass org/apache/spark/sql/internal/SQLConf$$$Lambda$782
instanceKlass org/apache/spark/sql/internal/SQLConf$$$Lambda$781
instanceKlass org/apache/spark/sql/internal/SQLConf$$$Lambda$780
instanceKlass org/apache/spark/sql/internal/SQLConf$$$Lambda$779
instanceKlass org/apache/spark/sql/internal/SQLConf$$$Lambda$778
instanceKlass org/apache/spark/sql/internal/SQLConf$$$Lambda$777
instanceKlass org/apache/spark/sql/internal/SQLConf$$$Lambda$776
instanceKlass org/apache/spark/sql/internal/SQLConf$$$Lambda$775
instanceKlass org/apache/spark/sql/internal/SQLConf$$$Lambda$774
instanceKlass org/apache/spark/sql/internal/SQLConf$$$Lambda$773
instanceKlass org/apache/spark/sql/internal/SQLConf$$$Lambda$772
instanceKlass org/apache/spark/sql/internal/SQLConf$$$Lambda$771
instanceKlass org/apache/spark/sql/internal/SQLConf$$$Lambda$770
instanceKlass org/apache/spark/sql/internal/SQLConf$$$Lambda$769
instanceKlass org/apache/spark/sql/internal/SQLConf$$$Lambda$768
instanceKlass org/apache/spark/sql/internal/SQLConf$$$Lambda$767
instanceKlass org/apache/spark/sql/internal/SQLConf$$$Lambda$766
instanceKlass org/apache/spark/sql/internal/SQLConf$$$Lambda$765
instanceKlass org/apache/spark/sql/internal/SQLConf$$$Lambda$764
instanceKlass org/apache/spark/sql/internal/SQLConf$$$Lambda$763
instanceKlass org/apache/spark/sql/internal/SQLConf$$$Lambda$762
instanceKlass org/apache/spark/sql/internal/SQLConf$$$Lambda$761
instanceKlass org/apache/spark/sql/internal/SQLConf$$$Lambda$760
instanceKlass org/apache/spark/sql/internal/SQLConf$$$Lambda$759
instanceKlass org/apache/spark/sql/internal/SQLConf$$$Lambda$758
instanceKlass org/apache/spark/sql/internal/SQLConf$$$Lambda$757
instanceKlass org/apache/spark/sql/internal/SQLConf$$$Lambda$756
instanceKlass org/apache/spark/sql/internal/SQLConf$$$Lambda$755
instanceKlass org/apache/spark/sql/internal/SQLConf$$$Lambda$754
instanceKlass org/apache/spark/sql/internal/SqlApiConf$$$Lambda$753
instanceKlass org/apache/spark/sql/internal/SqlApiConf$$$Lambda$752
instanceKlass org/apache/spark/sql/internal/DefaultSqlApiConf$
instanceKlass org/apache/spark/sql/internal/SqlApiConf$
instanceKlass org/apache/spark/sql/internal/SQLConf$$$Lambda$751
instanceKlass org/apache/spark/sql/internal/SQLConf
instanceKlass org/apache/spark/sql/internal/SqlApiConf
instanceKlass org/apache/spark/sql/internal/SQLConf$
instanceKlass org/apache/spark/sql/internal/StaticSQLConf$
instanceKlass org/apache/spark/sql/SparkSessionExtensionsProvider
instanceKlass org/apache/spark/SparkContext$$Lambda$750
instanceKlass org/apache/spark/internal/plugin/PluginContainer
instanceKlass org/apache/spark/SparkContext$$Lambda$749
instanceKlass org/apache/spark/SparkContext$$Lambda$748
instanceKlass org/apache/spark/executor/ExecutorMetricsSource$$Lambda$747
instanceKlass org/apache/spark/executor/ExecutorMetricsSource$$Lambda$746
instanceKlass org/apache/spark/executor/ExecutorMetricsSource$ExecutorMetricGauge
instanceKlass org/apache/spark/SparkContext$$Lambda$745
instanceKlass org/apache/spark/metrics/source/JVMCPUSource$$anon$1
instanceKlass org/apache/spark/metrics/source/JVMCPUSource
instanceKlass org/apache/spark/storage/BlockManagerSource$$Lambda$744
instanceKlass org/apache/spark/storage/BlockManagerSource$$Lambda$743
instanceKlass org/apache/spark/storage/BlockManagerSource$$Lambda$742
instanceKlass org/apache/spark/storage/BlockManagerSource$$Lambda$741
instanceKlass org/apache/spark/storage/BlockManagerSource$$Lambda$740
instanceKlass org/apache/spark/storage/BlockManagerSource$$Lambda$739
instanceKlass org/apache/spark/storage/BlockManagerSource$$Lambda$738
instanceKlass org/apache/spark/storage/BlockManagerSource$$Lambda$737
instanceKlass org/apache/spark/storage/BlockManagerSource$$Lambda$736
instanceKlass org/apache/spark/storage/BlockManagerSource$$anon$1
instanceKlass org/apache/spark/storage/BlockManagerSource$$Lambda$735
instanceKlass org/apache/spark/storage/BlockManagerSource
instanceKlass org/apache/spark/SparkContext$$Lambda$734
instanceKlass org/apache/spark/SparkContext$$Lambda$733
instanceKlass org/apache/spark/ui/SparkUI$$Lambda$732
instanceKlass org/apache/spark/SparkContext$$Lambda$731
instanceKlass org/apache/spark/SparkContext$$Lambda$730
instanceKlass scala/Array$$$Lambda$729
instanceKlass org/apache/spark/metrics/MetricsSystem$$Lambda$728
instanceKlass org/apache/spark/metrics/MetricsSystem$$Lambda$727
instanceKlass org/apache/spark/metrics/sink/PrometheusServlet
instanceKlass org/apache/spark/metrics/MetricsSystem$$Lambda$726
instanceKlass org/apache/spark/ui/JettyUtils$ServletParams$$$Lambda$725
instanceKlass org/apache/spark/ui/JettyUtils$ServletParams$
instanceKlass org/apache/spark/metrics/sink/MetricsServlet$$Lambda$724
instanceKlass org/apache/spark/metrics/MetricsSystem$$Lambda$723
instanceKlass org/apache/spark/metrics/MetricsSystem$$Lambda$722
instanceKlass org/sparkproject/jetty/http/pathmap/MatchedPath$2
instanceKlass org/sparkproject/jetty/http/pathmap/MatchedPath$1
instanceKlass org/sparkproject/jetty/http/pathmap/MatchedPath
instanceKlass org/apache/spark/ContextCleaner$$Lambda$721
instanceKlass org/apache/spark/ContextCleaner$$Lambda$720
instanceKlass org/sparkproject/jetty/http/HttpContent
instanceKlass org/sparkproject/jetty/server/ResourceContentFactory
instanceKlass org/sparkproject/jetty/util/resource/Resource
instanceKlass java/util/stream/Nodes$ArrayNode
instanceKlass java/util/stream/Node$Builder
instanceKlass java/util/stream/Node$OfDouble
instanceKlass java/util/stream/Node$OfLong
instanceKlass java/util/stream/Node$OfInt
instanceKlass java/util/stream/Node$OfPrimitive
instanceKlass java/util/stream/Nodes$EmptyNode
instanceKlass java/util/stream/Node
instanceKlass java/util/stream/Nodes
instanceKlass org/sparkproject/jetty/server/ResourceService$$Lambda$719
instanceKlass java/util/function/IntFunction
instanceKlass org/sparkproject/jetty/server/ResourceService$$Lambda$718
instanceKlass org/apache/spark/status/ElementTrackingStore$$Lambda$717
instanceKlass java/lang/invoke/LambdaForm$DMH
instanceKlass org/apache/spark/status/AppStatusListener$$Lambda$716
instanceKlass org/apache/spark/status/ApplicationInfoWrapper
instanceKlass org/apache/spark/status/api/v1/ApplicationInfo
instanceKlass scala/runtime/AbstractFunction7
instanceKlass scala/Function7
instanceKlass org/apache/spark/status/api/v1/ApplicationAttemptInfo
instanceKlass scala/runtime/AbstractFunction8
instanceKlass scala/Function8
instanceKlass org/apache/spark/status/AppStatusListener$$Lambda$715
instanceKlass org/apache/spark/status/ApplicationEnvironmentInfoWrapper
instanceKlass org/apache/spark/status/AppStatusListener$$Lambda$714
instanceKlass org/apache/spark/status/AppStatusListener$$Lambda$713
instanceKlass org/apache/spark/status/AppStatusListener$$Lambda$712
instanceKlass org/apache/spark/status/AppStatusListener$$Lambda$711
instanceKlass org/apache/spark/status/AppStatusListener$$Lambda$710
instanceKlass org/apache/spark/status/AppStatusListener$$Lambda$709
instanceKlass org/apache/spark/status/AppStatusListener$$Lambda$708
instanceKlass org/apache/spark/status/api/v1/ApplicationEnvironmentInfo
instanceKlass org/apache/spark/status/api/v1/RuntimeInfo
instanceKlass org/apache/spark/status/api/v1/MemoryMetrics
instanceKlass org/apache/spark/status/AppStatusListener$$Lambda$707
instanceKlass java/lang/invoke/LambdaForm$DMH
instanceKlass org/apache/spark/status/ElementTrackingStore$$Lambda$706
instanceKlass org/apache/spark/status/ElementTrackingStore$WriteSkippedQueue$
instanceKlass org/apache/spark/status/ElementTrackingStore$WriteQueued$
instanceKlass org/apache/spark/status/ElementTrackingStore$$anon$1
instanceKlass org/apache/spark/status/ElementTrackingStore$LatchedTriggers$$Lambda$705
instanceKlass org/apache/spark/status/ElementTrackingStore$$Lambda$704
instanceKlass org/apache/spark/status/ElementTrackingStore$$Lambda$703
instanceKlass org/apache/spark/util/kvstore/KVTypeInfo$FieldAccessor
instanceKlass org/apache/spark/status/LiveExecutor$$Lambda$702
instanceKlass org/apache/spark/status/api/v1/ExecutorSummary
instanceKlass org/apache/spark/status/AppStatusListener$$Lambda$701
instanceKlass org/apache/spark/status/AppStatusListener$$Lambda$700
instanceKlass org/apache/spark/status/AppStatusListener$$Lambda$699
instanceKlass org/apache/spark/status/AppStatusListener$$Lambda$698
instanceKlass org/apache/spark/status/AppStatusListener$$Lambda$697
instanceKlass org/apache/spark/executor/ExecutorMetrics
instanceKlass org/apache/spark/status/AppStatusListener$$Lambda$696
instanceKlass org/apache/spark/ui/SparkUI$$Lambda$695
instanceKlass org/sparkproject/jetty/servlet/BaseHolder$Wrapped
instanceKlass org/apache/spark/util/kvstore/KVTypeInfo$MethodAccessor
instanceKlass org/apache/spark/util/kvstore/KVTypeInfo$Accessor
instanceKlass org/apache/spark/ui/ServerInfo$$Lambda$694
instanceKlass scala/collection/IndexedSeqOptimized$$Lambda$693
instanceKlass org/apache/spark/ui/ServerInfo$$Lambda$692
instanceKlass org/apache/spark/ui/SparkUI$$Lambda$691
instanceKlass org/apache/spark/SparkContext$$Lambda$690
instanceKlass org/apache/spark/annotation/Private
instanceKlass org/apache/spark/SparkContext$$Lambda$689
instanceKlass org/apache/spark/util/logging/DriverLogger
instanceKlass com/fasterxml/jackson/annotation/JacksonAnnotation
instanceKlass com/fasterxml/jackson/annotation/JsonIgnore
instanceKlass org/apache/spark/util/kvstore/KVIndex
instanceKlass org/apache/spark/util/kvstore/KVTypeInfo
instanceKlass org/apache/spark/HeartbeatReceiver$$Lambda$688
instanceKlass org/apache/spark/util/kvstore/InMemoryStore$InMemoryLists$$Lambda$687
instanceKlass org/apache/spark/util/kvstore/InMemoryStore$InstanceList
instanceKlass com/codahale/metrics/WeightedSnapshot$WeightedSample
instanceKlass org/apache/spark/status/ResourceProfileWrapper
instanceKlass org/apache/spark/status/api/v1/ResourceProfileInfo
instanceKlass org/apache/spark/scheduler/SparkListenerUnschedulableTaskSetRemoved
instanceKlass org/apache/spark/scheduler/SparkListenerUnschedulableTaskSetAdded
instanceKlass org/apache/spark/scheduler/SparkListenerSpeculativeTaskSubmitted
instanceKlass org/apache/spark/scheduler/SparkListenerBlockUpdated
instanceKlass org/apache/spark/SparkEnv$$$Lambda$686
instanceKlass org/apache/spark/scheduler/SparkListenerNodeUnexcluded
instanceKlass org/apache/spark/scheduler/SparkListenerNodeExcluded
instanceKlass scala/collection/convert/DecorateAsScala$$Lambda$685
instanceKlass org/apache/spark/scheduler/SparkListenerExecutorUnexcluded
instanceKlass org/apache/spark/scheduler/SparkListenerExecutorExcluded
instanceKlass org/apache/spark/scheduler/SparkListenerNodeExcludedForStage
instanceKlass org/apache/spark/scheduler/SparkListenerExecutorExcludedForStage
instanceKlass org/apache/spark/SparkEnv$$$Lambda$684
instanceKlass org/apache/spark/scheduler/SparkListenerNodeUnblacklisted
instanceKlass org/apache/spark/SparkEnv$$$Lambda$683
instanceKlass org/apache/spark/scheduler/SparkListenerNodeBlacklisted
instanceKlass org/apache/spark/scheduler/SparkListenerExecutorUnblacklisted
instanceKlass org/apache/spark/SparkEnv$$$Lambda$682
instanceKlass org/apache/spark/scheduler/SparkListenerExecutorBlacklisted
instanceKlass org/apache/spark/scheduler/SparkListenerNodeBlacklistedForStage
instanceKlass org/apache/spark/scheduler/SparkListenerExecutorBlacklistedForStage
instanceKlass org/apache/spark/SparkEnv$$$Lambda$681
instanceKlass scala/collection/MapLike$$Lambda$680
instanceKlass org/apache/spark/scheduler/SparkListenerExecutorRemoved
instanceKlass org/apache/spark/scheduler/SparkListenerStageExecutorMetrics
instanceKlass org/apache/spark/scheduler/SparkListenerExecutorMetricsUpdate
instanceKlass org/apache/spark/scheduler/SparkListenerApplicationEnd
instanceKlass scala/collection/SeqLike$$Lambda$679
instanceKlass org/apache/spark/scheduler/SparkListenerApplicationStart
instanceKlass scala/math/Ordering$Tuple2Ordering
instanceKlass org/apache/spark/scheduler/SparkListenerUnpersistRDD
instanceKlass org/apache/spark/scheduler/SparkListenerBlockManagerRemoved
instanceKlass scala/util/PropertiesTrait$$Lambda$678
instanceKlass org/apache/spark/scheduler/SparkListenerEnvironmentUpdate
instanceKlass scala/util/PropertiesTrait$$Lambda$677
instanceKlass org/apache/spark/scheduler/SparkListenerTaskEnd
instanceKlass scala/util/PropertiesTrait$$Lambda$676
instanceKlass org/apache/spark/scheduler/SparkListenerTaskGettingResult
instanceKlass scala/Option$WithFilter
instanceKlass scala/util/PropertiesTrait$$Lambda$675
instanceKlass org/apache/spark/scheduler/SparkListenerTaskStart
instanceKlass org/apache/spark/scheduler/SparkListenerJobEnd
instanceKlass org/apache/spark/scheduler/SparkListenerJobStart
instanceKlass org/apache/spark/scheduler/SparkListenerStageCompleted
instanceKlass org/apache/spark/scheduler/SparkListenerStageSubmitted
instanceKlass scala/util/Properties$
instanceKlass scala/util/PropertiesTrait
instanceKlass com/codahale/metrics/Timer$Context
instanceKlass org/apache/spark/scheduler/AsyncEventQueue$$anon$3
instanceKlass org/apache/spark/scheduler/AsyncEventQueue$
instanceKlass org/apache/spark/scheduler/AsyncEventQueue$$Lambda$674
instanceKlass org/apache/spark/scheduler/AsyncEventQueue$$anon$2$$Lambda$673
instanceKlass org/apache/spark/scheduler/LiveListenerBus$$Lambda$672
instanceKlass org/apache/spark/scheduler/LiveListenerBus$$Lambda$671
instanceKlass org/apache/spark/SparkContext$$Lambda$670
instanceKlass org/apache/spark/SparkContext$$Lambda$669
instanceKlass org/apache/spark/ExecutorAllocationManager
instanceKlass org/apache/spark/ContextCleaner$
instanceKlass org/apache/spark/ContextCleaner$$Lambda$668
instanceKlass org/apache/spark/ContextCleaner$$Lambda$667
instanceKlass org/apache/spark/SparkContext$$Lambda$666
instanceKlass org/apache/spark/CleanupTask
instanceKlass org/apache/spark/ContextCleaner
instanceKlass org/apache/spark/metrics/MetricsSystem$$Lambda$665
instanceKlass com/fasterxml/jackson/databind/util/ArrayBuilders
instanceKlass com/fasterxml/jackson/databind/type/ClassKey
instanceKlass com/fasterxml/jackson/databind/ser/Serializers$Base
instanceKlass com/fasterxml/jackson/databind/ObjectMapper$1
instanceKlass com/codahale/metrics/MetricFilter$$Lambda$664
instanceKlass com/codahale/metrics/MetricFilter
instanceKlass com/fasterxml/jackson/core/Version
instanceKlass com/fasterxml/jackson/databind/ser/BeanSerializerModifier
instanceKlass com/fasterxml/jackson/databind/ser/Serializers
instanceKlass com/fasterxml/jackson/databind/cfg/SerializerFactoryConfig
instanceKlass java/util/Currency
instanceKlass com/fasterxml/jackson/databind/ser/std/StdJdkSerializers
instanceKlass com/fasterxml/jackson/databind/ser/std/NumberSerializers
instanceKlass com/fasterxml/jackson/databind/deser/DeserializerCache
instanceKlass org/apache/spark/storage/BlockManager$RemoteBlockDownloadFileManager$$Lambda$663
instanceKlass org/apache/spark/storage/BlockManager$RemoteBlockDownloadFileManager$$Lambda$662
instanceKlass com/fasterxml/jackson/databind/KeyDeserializer
instanceKlass com/fasterxml/jackson/databind/deser/std/StdKeyDeserializers
instanceKlass com/fasterxml/jackson/databind/deser/KeyDeserializers
instanceKlass com/fasterxml/jackson/databind/deser/ValueInstantiators
instanceKlass com/fasterxml/jackson/databind/AbstractTypeResolver
instanceKlass com/fasterxml/jackson/databind/deser/BeanDeserializerModifier
instanceKlass com/fasterxml/jackson/databind/cfg/DeserializerFactoryConfig
instanceKlass com/fasterxml/jackson/databind/PropertyName
instanceKlass com/fasterxml/jackson/databind/deser/Deserializers
instanceKlass com/fasterxml/jackson/annotation/ObjectIdGenerator
instanceKlass com/fasterxml/jackson/databind/deser/ResolvableDeserializer
instanceKlass com/fasterxml/jackson/databind/deser/ValueInstantiator$Gettable
instanceKlass com/fasterxml/jackson/databind/deser/ContextualDeserializer
instanceKlass com/fasterxml/jackson/databind/JsonDeserializer
instanceKlass com/fasterxml/jackson/databind/deser/NullValueProvider
instanceKlass com/fasterxml/jackson/databind/ser/SerializerCache
instanceKlass com/fasterxml/jackson/databind/ser/ResolvableSerializer
instanceKlass com/fasterxml/jackson/databind/jsonschema/SchemaAware
instanceKlass com/fasterxml/jackson/databind/ser/ContextualSerializer
instanceKlass com/fasterxml/jackson/databind/JsonSerializer
instanceKlass com/fasterxml/jackson/databind/jsonFormatVisitors/JsonFormatVisitable
instanceKlass com/fasterxml/jackson/databind/node/JsonNodeFactory
instanceKlass com/fasterxml/jackson/databind/node/JsonNodeCreator
instanceKlass com/fasterxml/jackson/databind/cfg/ContextAttributes
instanceKlass com/fasterxml/jackson/databind/cfg/DatatypeFeature
instanceKlass com/fasterxml/jackson/databind/cfg/DatatypeFeatures$DefaultHolder
instanceKlass com/fasterxml/jackson/databind/cfg/DatatypeFeatures
instanceKlass com/fasterxml/jackson/core/util/Separators
instanceKlass com/fasterxml/jackson/core/util/DefaultPrettyPrinter$NopIndenter
instanceKlass com/fasterxml/jackson/databind/cfg/ConfigFeature
instanceKlass com/fasterxml/jackson/databind/cfg/ConfigOverride
instanceKlass com/fasterxml/jackson/annotation/JsonFormat$Features
instanceKlass com/fasterxml/jackson/annotation/JsonFormat$Value
instanceKlass com/fasterxml/jackson/databind/cfg/CoercionConfig
instanceKlass com/fasterxml/jackson/databind/cfg/CoercionConfigs
instanceKlass com/fasterxml/jackson/databind/introspect/VisibilityChecker$Std
instanceKlass com/fasterxml/jackson/annotation/JsonSetter$Value
instanceKlass com/fasterxml/jackson/annotation/JsonInclude$Value
instanceKlass com/fasterxml/jackson/annotation/JacksonAnnotationValue
instanceKlass com/fasterxml/jackson/databind/cfg/ConfigOverrides
instanceKlass com/fasterxml/jackson/databind/introspect/AnnotatedClass$Creators
instanceKlass com/fasterxml/jackson/databind/introspect/AnnotationCollector$NoAnnotations
instanceKlass com/fasterxml/jackson/databind/util/Annotations
instanceKlass com/fasterxml/jackson/databind/introspect/AnnotationCollector
instanceKlass com/fasterxml/jackson/databind/introspect/AnnotatedClassResolver
instanceKlass com/fasterxml/jackson/databind/BeanDescription
instanceKlass com/fasterxml/jackson/databind/cfg/MapperConfig
instanceKlass com/fasterxml/jackson/databind/introspect/SimpleMixInResolver
instanceKlass com/fasterxml/jackson/databind/introspect/ClassIntrospector$MixInResolver
instanceKlass com/fasterxml/jackson/databind/util/RootNameLookup
instanceKlass com/fasterxml/jackson/core/StreamReadConstraints
instanceKlass com/fasterxml/jackson/core/sym/ByteQuadsCanonicalizer$TableInfo
instanceKlass com/fasterxml/jackson/core/sym/ByteQuadsCanonicalizer
instanceKlass com/fasterxml/jackson/core/sym/CharsToNameCanonicalizer$Bucket
instanceKlass com/fasterxml/jackson/core/sym/CharsToNameCanonicalizer$TableInfo
instanceKlass com/fasterxml/jackson/core/sym/CharsToNameCanonicalizer
instanceKlass com/fasterxml/jackson/core/io/CharTypes
instanceKlass com/fasterxml/jackson/core/io/JsonStringEncoder
instanceKlass com/fasterxml/jackson/core/io/SerializedString
instanceKlass com/fasterxml/jackson/core/util/DefaultPrettyPrinter$Indenter
instanceKlass com/fasterxml/jackson/core/util/DefaultPrettyPrinter
instanceKlass com/fasterxml/jackson/core/util/Instantiatable
instanceKlass com/fasterxml/jackson/core/PrettyPrinter
instanceKlass com/fasterxml/jackson/core/util/JacksonFeature
instanceKlass com/fasterxml/jackson/core/TSFBuilder
instanceKlass com/fasterxml/jackson/core/async/ByteBufferFeeder
instanceKlass com/fasterxml/jackson/core/SerializableString
instanceKlass com/fasterxml/jackson/core/async/ByteArrayFeeder
instanceKlass com/fasterxml/jackson/core/async/NonBlockingInputFeeder
instanceKlass com/fasterxml/jackson/databind/introspect/AccessorNamingStrategy
instanceKlass com/fasterxml/jackson/core/Base64Variant
instanceKlass com/fasterxml/jackson/core/Base64Variants
instanceKlass com/fasterxml/jackson/databind/type/TypeBindings
instanceKlass com/fasterxml/jackson/databind/type/TypeParser
instanceKlass com/fasterxml/jackson/databind/type/TypeFactory
instanceKlass com/fasterxml/jackson/databind/cfg/BaseSettings
instanceKlass java/util/concurrent/atomic/AtomicLongArray
instanceKlass com/fasterxml/jackson/databind/util/internal/Linked
instanceKlass com/fasterxml/jackson/databind/util/internal/PrivateMaxEntriesMap$Builder
instanceKlass com/fasterxml/jackson/databind/util/LRUMap
instanceKlass com/fasterxml/jackson/databind/util/LookupCache
instanceKlass java/beans/ConstructorProperties
instanceKlass java/beans/Transient
instanceKlass com/fasterxml/jackson/databind/util/ClassUtil$Ctor
instanceKlass com/fasterxml/jackson/databind/util/ClassUtil
instanceKlass com/fasterxml/jackson/databind/ext/Java7Support
instanceKlass com/fasterxml/jackson/annotation/JsonMerge
instanceKlass com/fasterxml/jackson/databind/annotation/JsonDeserialize
instanceKlass com/fasterxml/jackson/annotation/JsonManagedReference
instanceKlass com/fasterxml/jackson/annotation/JsonBackReference
instanceKlass com/fasterxml/jackson/annotation/JsonUnwrapped
instanceKlass com/fasterxml/jackson/annotation/JsonRawValue
instanceKlass com/fasterxml/jackson/annotation/JsonTypeInfo
instanceKlass com/fasterxml/jackson/annotation/JsonFormat
instanceKlass com/fasterxml/jackson/annotation/JsonView
instanceKlass com/fasterxml/jackson/databind/annotation/JsonSerialize
instanceKlass com/fasterxml/jackson/databind/introspect/ConcreteBeanPropertyBase
instanceKlass com/fasterxml/jackson/databind/BeanProperty
instanceKlass com/fasterxml/jackson/databind/introspect/BeanPropertyDefinition
instanceKlass com/fasterxml/jackson/databind/util/Named
instanceKlass com/fasterxml/jackson/databind/introspect/TypeResolutionContext
instanceKlass com/fasterxml/jackson/databind/introspect/Annotated
instanceKlass com/fasterxml/jackson/databind/jsontype/PolymorphicTypeValidator
instanceKlass com/fasterxml/jackson/databind/introspect/AccessorNamingStrategy$Provider
instanceKlass com/fasterxml/jackson/databind/AnnotationIntrospector
instanceKlass com/fasterxml/jackson/databind/ser/SerializerFactory
instanceKlass com/fasterxml/jackson/databind/deser/DeserializerFactory
instanceKlass com/fasterxml/jackson/databind/jsontype/SubtypeResolver
instanceKlass com/fasterxml/jackson/core/TokenStreamFactory
instanceKlass com/fasterxml/jackson/core/type/ResolvedType
instanceKlass com/fasterxml/jackson/core/JsonGenerator
instanceKlass com/fasterxml/jackson/databind/Module$SetupContext
instanceKlass com/fasterxml/jackson/databind/jsontype/TypeResolverBuilder
instanceKlass com/fasterxml/jackson/databind/introspect/VisibilityChecker
instanceKlass com/fasterxml/jackson/databind/introspect/ClassIntrospector
instanceKlass com/fasterxml/jackson/databind/DatabindContext
instanceKlass org/apache/spark/metrics/sink/MetricsServlet$$Lambda$661
instanceKlass org/apache/spark/metrics/sink/MetricsServlet$$Lambda$660
instanceKlass org/apache/spark/metrics/sink/MetricsServlet
instanceKlass org/apache/spark/metrics/sink/Sink
instanceKlass org/apache/spark/metrics/MetricsSystem$$Lambda$659
instanceKlass org/apache/spark/metrics/MetricsSystem$$Lambda$658
instanceKlass org/apache/spark/metrics/MetricsConfig$$Lambda$657
instanceKlass com/codahale/metrics/MetricRegistry$1
instanceKlass org/apache/spark/metrics/MetricsSystem$$Lambda$656
instanceKlass org/apache/spark/metrics/MetricsSystem$$Lambda$655
instanceKlass org/apache/spark/metrics/source/HiveCatalogMetrics$
instanceKlass org/apache/spark/metrics/source/CodegenMetrics$
instanceKlass org/apache/spark/metrics/source/StaticSources$
instanceKlass org/apache/spark/metrics/MetricsSystem$$Lambda$654
instanceKlass org/apache/spark/storage/FallbackStorage$
instanceKlass org/apache/spark/storage/BlockManager$$Lambda$653
instanceKlass org/apache/spark/storage/HostLocalDirManager
instanceKlass org/apache/spark/storage/BlockManagerMaster$$Lambda$652
instanceKlass org/apache/spark/scheduler/SparkListenerBlockManagerAdded
instanceKlass org/apache/spark/storage/BlockManagerInfo
instanceKlass org/apache/spark/storage/BlockManagerMasterEndpoint$$Lambda$651
instanceKlass org/apache/spark/storage/DefaultTopologyMapper$$Lambda$650
instanceKlass scala/runtime/LazyBoolean
instanceKlass org/apache/spark/storage/BlockManagerMessages$RegisterBlockManager
instanceKlass org/apache/spark/storage/BlockManagerMessages$ToBlockManagerMaster
instanceKlass org/apache/spark/storage/BlockManagerMaster$$Lambda$649
instanceKlass org/sparkproject/guava/util/concurrent/Uninterruptibles
instanceKlass org/sparkproject/guava/base/Platform
instanceKlass org/sparkproject/guava/cache/LocalCache$StrongEntry
instanceKlass org/sparkproject/guava/base/Stopwatch
instanceKlass org/sparkproject/guava/util/concurrent/ExecutionList
instanceKlass org/sparkproject/guava/util/concurrent/AbstractFuture
instanceKlass org/sparkproject/guava/cache/LocalCache$LoadingValueReference
instanceKlass org/apache/spark/storage/BlockManagerId
instanceKlass org/apache/spark/storage/BlockManagerId$
instanceKlass org/apache/spark/storage/BlockManager$$Lambda$648
instanceKlass org/apache/spark/storage/BlockManager$$Lambda$647
instanceKlass org/apache/spark/network/netty/NettyBlockTransferService$$Lambda$646
instanceKlass scala/collection/convert/DecorateAsJava$$Lambda$645
instanceKlass org/apache/commons/lang3/tuple/Pair
instanceKlass org/apache/spark/SparkContext$$Lambda$644
instanceKlass org/apache/spark/SparkContext$$Lambda$643
instanceKlass org/apache/spark/shuffle/sort/io/LocalDiskShuffleDriverComponents
instanceKlass org/apache/spark/shuffle/ShuffleDataIOUtils$$$Lambda$642
instanceKlass org/apache/spark/util/Utils$$$Lambda$641
instanceKlass org/apache/spark/util/Utils$$$Lambda$640
instanceKlass org/apache/spark/shuffle/api/ShuffleExecutorComponents
instanceKlass org/apache/spark/shuffle/api/ShuffleDriverComponents
instanceKlass org/apache/spark/shuffle/ShuffleDataIOUtils$
instanceKlass org/apache/spark/SparkContext$$Lambda$639
instanceKlass org/apache/spark/scheduler/cluster/ExecutorInfo
instanceKlass org/apache/spark/scheduler/SparkListenerExecutorAdded
instanceKlass org/apache/spark/executor/ExecutorMetricsPoller$$Lambda$638
instanceKlass org/apache/spark/executor/Executor$$Lambda$637
instanceKlass org/apache/spark/executor/Executor$$Lambda$636
instanceKlass org/apache/spark/executor/Executor$$Lambda$635
instanceKlass org/apache/spark/executor/Executor$$Lambda$634
instanceKlass org/apache/spark/executor/Executor$$Lambda$633
instanceKlass org/apache/spark/executor/Executor$$Lambda$632
instanceKlass org/apache/spark/executor/Executor$$Lambda$631
instanceKlass org/apache/spark/executor/Executor$$Lambda$630
instanceKlass org/apache/spark/executor/Executor$$Lambda$629
instanceKlass org/apache/spark/executor/Executor$$Lambda$628
instanceKlass org/apache/spark/executor/Executor$$Lambda$627
instanceKlass scala/runtime/LazyRef
instanceKlass scala/Tuple3
instanceKlass scala/Product3
instanceKlass org/apache/spark/executor/Executor$$Lambda$626
instanceKlass org/apache/spark/executor/Executor$$Lambda$625
instanceKlass org/apache/spark/executor/Executor$$Lambda$624
instanceKlass scala/math/Ordering$Long$
instanceKlass scala/runtime/RichLong$
instanceKlass scala/concurrent/Promise$$Lambda$623
instanceKlass scala/runtime/RichLong
instanceKlass scala/runtime/IntegralProxy
instanceKlass scala/runtime/RangedProxy
instanceKlass scala/runtime/ScalaWholeNumberProxy
instanceKlass scala/runtime/ScalaNumberProxy
instanceKlass scala/runtime/OrderedProxy
instanceKlass scala/Proxy$Typed
instanceKlass org/apache/spark/util/SparkThreadUtils$
instanceKlass scala/concurrent/impl/Promise$$Lambda$622
instanceKlass scala/concurrent/Future$$Lambda$621
instanceKlass org/apache/spark/rpc/netty/NettyRpcEnv$$Lambda$620
instanceKlass org/apache/spark/rpc/netty/RpcEndpointVerifier$CheckExistence
instanceKlass org/apache/spark/rpc/RpcEndpointAddress$
instanceKlass org/apache/spark/executor/Executor$$Lambda$619
instanceKlass org/apache/spark/executor/ExecutorMetricsPoller
instanceKlass org/apache/spark/executor/Executor$$anon$2
instanceKlass com/esotericsoftware/kryo/pool/KryoPoolQueueImpl
instanceKlass com/esotericsoftware/kryo/pool/SoftReferenceQueue
instanceKlass org/apache/spark/serializer/KryoSerializer$$anon$1
instanceKlass com/esotericsoftware/kryo/pool/KryoPool$Builder
instanceKlass org/apache/spark/serializer/KryoSerializer$PoolWrapper
instanceKlass org/apache/spark/executor/Executor$$anon$1
instanceKlass org/apache/spark/executor/IsolatedSessionState
instanceKlass org/apache/spark/executor/Executor$$Lambda$618
instanceKlass org/apache/spark/executor/Executor$$Lambda$617
instanceKlass java/net/URLClassLoader$7
instanceKlass jdk/internal/access/JavaNetURLClassLoaderAccess
instanceKlass org/apache/spark/executor/Executor$$Lambda$616
instanceKlass scala/collection/mutable/HashMap$$anon$1$$Lambda$615
instanceKlass org/apache/spark/executor/Executor$$Lambda$614
instanceKlass org/apache/spark/executor/Executor$$Lambda$613
instanceKlass org/apache/spark/JobArtifactState
instanceKlass org/apache/spark/executor/ExecutorSource$$Lambda$612
instanceKlass org/apache/spark/executor/ExecutorSource$$Lambda$611
instanceKlass org/apache/spark/executor/ExecutorSource$$Lambda$610
instanceKlass org/apache/spark/executor/ExecutorSource$$Lambda$609
instanceKlass org/apache/spark/executor/ExecutorSource$$anon$1
instanceKlass org/apache/spark/executor/ExecutorSource$$Lambda$608
instanceKlass org/apache/hadoop/fs/FileSystem$Statistics
instanceKlass org/apache/spark/executor/ExecutorSource$$Lambda$607
instanceKlass org/apache/spark/executor/ExecutorSource$$anon$6
instanceKlass org/apache/spark/executor/ExecutorSource$$anon$5
instanceKlass org/apache/spark/executor/ExecutorSource$$anon$4
instanceKlass org/apache/spark/executor/ExecutorSource$$anon$3
instanceKlass org/apache/spark/executor/ExecutorSource$$anon$2
instanceKlass org/apache/spark/executor/ExecutorSource
instanceKlass org/apache/spark/executor/Executor$$Lambda$606
instanceKlass org/apache/spark/executor/Executor$$Lambda$605
instanceKlass org/apache/spark/executor/Executor$$Lambda$604
instanceKlass org/apache/spark/util/Utils$$$Lambda$603
instanceKlass org/apache/spark/executor/Executor$$Lambda$602
instanceKlass org/apache/spark/executor/Executor$$Lambda$601
instanceKlass org/apache/spark/executor/Executor$$Lambda$600
instanceKlass org/apache/spark/executor/Executor$$Lambda$599
instanceKlass org/apache/spark/executor/Executor
instanceKlass org/apache/spark/executor/Executor$
instanceKlass org/apache/spark/scheduler/local/LocalEndpoint
instanceKlass org/apache/spark/Heartbeater$$anon$1
instanceKlass java/lang/Math$RandomNumberGeneratorHolder
instanceKlass org/apache/spark/SparkContext$$Lambda$598
instanceKlass org/apache/spark/Heartbeater
instanceKlass org/apache/spark/executor/ExecutorMetricsSource$$Lambda$597
instanceKlass scala/collection/mutable/LinkedEntry
instanceKlass org/apache/spark/metrics/ExecutorMetricType$$$Lambda$596
instanceKlass java/lang/invoke/LambdaForm$DMH
instanceKlass org/apache/spark/metrics/ExecutorMetricType$$$Lambda$595
instanceKlass org/apache/spark/metrics/ProcessTreeMetrics$
instanceKlass javax/management/MBeanServerInvocationHandler
instanceKlass java/lang/management/ManagementFactory$$Lambda$594
instanceKlass org/apache/spark/metrics/MBeanExecutorMetricType
instanceKlass org/apache/spark/metrics/MemoryManagerExecutorMetricType
instanceKlass org/apache/spark/metrics/JVMOffHeapMemory$
instanceKlass org/apache/spark/metrics/JVMHeapMemory$
instanceKlass org/apache/spark/metrics/SingleValueExecutorMetricType
instanceKlass org/apache/spark/metrics/ExecutorMetricType$
instanceKlass org/apache/spark/executor/ExecutorMetricsSource
instanceKlass java/util/concurrent/BlockingDeque
instanceKlass org/apache/spark/util/EventLoop
instanceKlass org/apache/spark/scheduler/DAGSchedulerSource$$anon$5
instanceKlass org/apache/spark/scheduler/DAGSchedulerSource$$anon$4
instanceKlass org/apache/spark/scheduler/DAGSchedulerSource$$anon$3
instanceKlass org/apache/spark/scheduler/DAGSchedulerSource$$anon$2
instanceKlass org/apache/spark/scheduler/DAGSchedulerSource$$anon$1
instanceKlass org/apache/spark/scheduler/DAGSchedulerSource
instanceKlass org/apache/spark/scheduler/DAGScheduler$
instanceKlass org/apache/spark/scheduler/Stage
instanceKlass org/apache/spark/scheduler/JobListener
instanceKlass org/apache/spark/scheduler/JobResult
instanceKlass org/apache/spark/scheduler/DAGScheduler
instanceKlass org/apache/spark/scheduler/FIFOSchedulableBuilder
instanceKlass org/apache/spark/launcher/LauncherBackend$$Lambda$593
instanceKlass org/apache/spark/launcher/LauncherBackend$$Lambda$592
instanceKlass org/apache/spark/launcher/LauncherBackend$$Lambda$591
instanceKlass org/apache/spark/launcher/LauncherProtocol$Message
instanceKlass org/apache/spark/scheduler/local/LocalSchedulerBackend$$Lambda$590
instanceKlass org/apache/spark/scheduler/local/LocalSchedulerBackend$$Lambda$589
instanceKlass org/apache/spark/scheduler/local/LocalSchedulerBackend$$Lambda$588
instanceKlass org/apache/spark/launcher/LauncherBackend
instanceKlass org/apache/spark/scheduler/local/LocalSchedulerBackend
instanceKlass org/apache/spark/executor/ExecutorBackend
instanceKlass org/apache/spark/scheduler/TaskResultGetter
instanceKlass org/apache/spark/scheduler/FIFOSchedulingAlgorithm
instanceKlass org/apache/spark/scheduler/SchedulingAlgorithm
instanceKlass org/apache/spark/scheduler/Pool
instanceKlass scala/concurrent/BatchingExecutor$Batch$$Lambda$587
instanceKlass scala/Enumeration$$Lambda$586
instanceKlass scala/concurrent/BlockContext$DefaultBlockContext$
instanceKlass scala/concurrent/BlockContext$
instanceKlass scala/concurrent/BatchingExecutor$Batch
instanceKlass scala/Enumeration$ValueSet$$Lambda$585
instanceKlass scala/concurrent/BlockContext
instanceKlass org/apache/spark/rpc/netty/RpcFailure
instanceKlass java/util/Timer$1
instanceKlass org/apache/spark/rpc/netty/NettyRpcEnv$$Lambda$584
instanceKlass org/apache/spark/HeartbeatReceiver$$Lambda$583
instanceKlass scala/concurrent/Future$$Lambda$582
instanceKlass org/apache/spark/HeartbeatReceiver$$Lambda$581
instanceKlass org/apache/spark/HeartbeatReceiver$$Lambda$580
instanceKlass scala/concurrent/impl/Promise$$Lambda$579
instanceKlass scala/concurrent/Future$$Lambda$578
instanceKlass scala/concurrent/Future$$Lambda$577
instanceKlass scala/concurrent/impl/Promise$KeptPromise$Successful
instanceKlass org/apache/spark/TaskSchedulerIsSet$
instanceKlass scala/concurrent/impl/Promise$KeptPromise$Kept
instanceKlass org/apache/spark/ExecutorRemoved
instanceKlass org/apache/spark/ExecutorRegistered
instanceKlass org/apache/spark/rpc/netty/Inbox$$Lambda$576
instanceKlass scala/concurrent/impl/Promise$
instanceKlass scala/concurrent/impl/Promise$KeptPromise$
instanceKlass java/util/TaskQueue
instanceKlass java/util/Timer
instanceKlass scala/concurrent/Future$
instanceKlass scala/concurrent/Future$InternalCallbackExecutor$
instanceKlass scala/concurrent/BatchingExecutor
instanceKlass org/apache/spark/SparkConf$$Lambda$575
instanceKlass org/apache/spark/rpc/AbortableRpcFuture
instanceKlass java/lang/invoke/LambdaForm$DMH
instanceKlass org/apache/spark/rpc/netty/NettyRpcEnv$$Lambda$574
instanceKlass org/apache/spark/scheduler/TaskSchedulerImpl$
instanceKlass org/apache/spark/rpc/netty/NettyRpcEnv$$anon$1
instanceKlass org/apache/spark/rpc/netty/Dispatcher$$Lambda$573
instanceKlass org/apache/spark/scheduler/SchedulableBuilder
instanceKlass scala/concurrent/impl/CallbackRunnable
instanceKlass scala/concurrent/OnCompleteRunnable
instanceKlass org/apache/spark/rpc/netty/NettyRpcEnv$$Lambda$572
instanceKlass scala/concurrent/impl/Promise
instanceKlass scala/concurrent/Promise
instanceKlass scala/concurrent/Promise$
instanceKlass org/apache/spark/rpc/netty/RequestMessage
instanceKlass org/apache/spark/ExpireDeadHosts$
instanceKlass org/apache/spark/HeartbeatReceiver$$Lambda$571
instanceKlass scala/concurrent/Future
instanceKlass org/apache/spark/scheduler/Schedulable
instanceKlass org/apache/spark/scheduler/TaskSchedulerImpl
instanceKlass org/apache/spark/scheduler/TaskScheduler
instanceKlass org/apache/spark/rpc/RpcEndpoint$$Lambda$570
instanceKlass org/apache/spark/HeartbeatReceiver$$Lambda$569
instanceKlass org/apache/spark/resource/ResourceUtils$$$Lambda$568
instanceKlass java/util/concurrent/FutureTask$WaitNode
instanceKlass org/apache/spark/resource/ResourceProfile$$$Lambda$567
instanceKlass java/util/concurrent/FutureTask
instanceKlass org/apache/spark/resource/ResourceProfile$$Lambda$566
instanceKlass org/apache/spark/HeartbeatReceiver$$Lambda$565
instanceKlass org/apache/spark/resource/ResourceProfile$$Lambda$564
instanceKlass org/apache/spark/util/Utils$$$Lambda$563
instanceKlass org/apache/spark/api/plugin/SparkPlugin
instanceKlass org/apache/spark/internal/plugin/PluginContainer$$$Lambda$562
instanceKlass org/apache/spark/internal/plugin/PluginContainer$$$Lambda$561
instanceKlass scala/collection/convert/DecorateAsJava$$Lambda$560
instanceKlass scala/collection/convert/Decorators$AsJava
instanceKlass org/apache/spark/internal/plugin/PluginContainer$
instanceKlass org/apache/spark/HeartbeatReceiver$$Lambda$559
instanceKlass org/apache/spark/HeartbeatReceiver$$Lambda$558
instanceKlass org/apache/spark/HeartbeatReceiver$$Lambda$557
instanceKlass org/apache/spark/util/SystemClock
instanceKlass org/apache/spark/util/Clock
instanceKlass org/apache/spark/HeartbeatReceiver$
instanceKlass org/apache/spark/SparkContext$$Lambda$556
instanceKlass org/apache/spark/SparkContext$$Lambda$555
instanceKlass org/apache/spark/SparkContext$$Lambda$554
instanceKlass org/apache/spark/SparkContext$$Lambda$553
instanceKlass org/apache/spark/SparkContext$$Lambda$552
instanceKlass org/apache/spark/SparkContext$$$Lambda$551
instanceKlass org/apache/spark/SparkContext$$$Lambda$550
instanceKlass org/apache/spark/SparkContext$$$Lambda$549
instanceKlass org/apache/spark/SparkContext$$$Lambda$548
instanceKlass org/apache/spark/SparkContext$$$Lambda$547
instanceKlass org/apache/spark/SparkContext$$Lambda$546
instanceKlass org/apache/spark/SparkContext$$Lambda$545
instanceKlass org/apache/spark/SparkContext$$Lambda$544
instanceKlass org/sparkproject/jetty/server/handler/gzip/GzipHttpOutputInterceptor
instanceKlass org/sparkproject/jetty/servlet/ServletHolder$$Lambda$543
instanceKlass org/sparkproject/jetty/servlet/ServletHolder$WrapFunction
instanceKlass org/sparkproject/jetty/servlet/Holder$HolderRegistration
instanceKlass javax/servlet/annotation/ServletSecurity
instanceKlass java/util/stream/StreamSpliterators$WrappingSpliterator$$Lambda$542
instanceKlass org/sparkproject/jetty/servlet/Holder$HolderConfig
instanceKlass org/sparkproject/jetty/servlet/FilterHolder$$Lambda$541
instanceKlass java/lang/invoke/LambdaForm$DMH
instanceKlass org/sparkproject/jetty/servlet/FilterHolder$WrapFunction
instanceKlass java/util/stream/Streams$2
instanceKlass java/util/stream/StreamSpliterators$AbstractWrappingSpliterator
instanceKlass java/util/stream/AbstractPipeline$$Lambda$540
instanceKlass java/util/stream/Streams$ConcatSpliterator
instanceKlass java/util/stream/SortedOps
instanceKlass org/sparkproject/jetty/server/handler/ContextHandler$1
instanceKlass org/sparkproject/jetty/servlet/ServletHandler$$Lambda$539
instanceKlass org/sparkproject/jetty/servlet/ServletHandler$$Lambda$538
instanceKlass org/sparkproject/jetty/servlet/ServletContextHandler$ServletContainerInitializerCaller
instanceKlass org/sparkproject/jetty/server/handler/ContextHandlerCollection$Branch
instanceKlass org/sparkproject/jetty/http/pathmap/PathMappings$1
instanceKlass org/sparkproject/jetty/http/pathmap/AbstractPathSpec
instanceKlass org/sparkproject/jetty/http/MimeTypes$$Lambda$537
instanceKlass org/sparkproject/jetty/http/MimeTypes$$Lambda$536
instanceKlass org/sparkproject/jetty/http/MimeTypes$$Lambda$535
instanceKlass java/lang/invoke/LambdaForm$DMH
instanceKlass org/sparkproject/jetty/http/MimeTypes$$Lambda$534
instanceKlass org/sparkproject/jetty/http/MimeTypes
instanceKlass java/util/Comparator$$Lambda$533
instanceKlass org/sparkproject/jetty/http/pathmap/PathMappings$$Lambda$532
instanceKlass org/sparkproject/jetty/http/pathmap/MappedResource
instanceKlass org/sparkproject/jetty/http/pathmap/PathMappings
instanceKlass org/sparkproject/jetty/util/IncludeExcludeSet$SetContainsPredicate
instanceKlass org/sparkproject/jetty/util/IncludeExcludeSet
instanceKlass org/sparkproject/jetty/server/HttpInput$Interceptor
instanceKlass org/sparkproject/jetty/servlet/FilterMapping
instanceKlass javax/servlet/FilterConfig
instanceKlass javax/servlet/FilterRegistration$Dynamic
instanceKlass org/apache/spark/ui/HttpSecurityFilter
instanceKlass org/apache/spark/ui/ServerInfo$$Lambda$531
instanceKlass org/apache/spark/ui/JettyUtils$$$Lambda$530
instanceKlass java/util/stream/Collectors$$Lambda$529
instanceKlass java/util/stream/Collectors$$Lambda$528
instanceKlass org/apache/spark/ui/ServerInfo
instanceKlass java/util/stream/Collectors$$Lambda$527
instanceKlass java/util/stream/Collectors$$Lambda$526
instanceKlass org/sparkproject/jetty/server/AbstractConnector$Acceptor
instanceKlass org/sparkproject/jetty/util/thread/strategy/EatWhatYouKill$1
instanceKlass org/sparkproject/jetty/io/ManagedSelector$Start
instanceKlass org/sparkproject/jetty/io/ManagedSelector$$Lambda$525
instanceKlass java/lang/invoke/LambdaForm$DMH
instanceKlass org/sparkproject/jetty/io/ManagedSelector$SelectorProducer
instanceKlass org/sparkproject/jetty/util/statistic/SampleStatistic$$Lambda$524
instanceKlass java/util/function/LongBinaryOperator
instanceKlass java/lang/invoke/LambdaForm$DMH
instanceKlass org/sparkproject/jetty/util/statistic/SampleStatistic
instanceKlass org/sparkproject/jetty/util/thread/ExecutionStrategy
instanceKlass org/sparkproject/jetty/util/thread/ExecutionStrategy$Producer
instanceKlass org/sparkproject/jetty/util/thread/ScheduledExecutorScheduler$$Lambda$523
instanceKlass org/sparkproject/jetty/server/ConnectionFactory$Detecting
instanceKlass org/sparkproject/jetty/util/component/Container$InheritedListener
instanceKlass org/sparkproject/jetty/io/SelectorManager$$Lambda$522
instanceKlass java/util/function/IntUnaryOperator
instanceKlass org/sparkproject/jetty/io/ManagedSelector$SelectorUpdate
instanceKlass org/sparkproject/jetty/server/AbstractConnector$1
instanceKlass org/sparkproject/jetty/io/AbstractByteBufferPool$$Lambda$521
instanceKlass org/sparkproject/jetty/io/AbstractByteBufferPool$$Lambda$520
instanceKlass java/lang/invoke/LambdaForm$DMH
instanceKlass org/sparkproject/jetty/io/ByteBufferPool$Bucket
instanceKlass org/sparkproject/jetty/io/AbstractByteBufferPool
instanceKlass org/sparkproject/jetty/server/HttpChannel$1
instanceKlass org/sparkproject/jetty/server/HttpChannel$Listener
instanceKlass org/sparkproject/jetty/server/RequestLog
instanceKlass org/sparkproject/jetty/server/HttpChannel
instanceKlass org/sparkproject/jetty/server/HttpOutput$Interceptor
instanceKlass org/sparkproject/jetty/util/component/Graceful$Shutdown
instanceKlass org/sparkproject/jetty/io/IdleTimeout
instanceKlass org/sparkproject/jetty/io/EndPoint
instanceKlass org/sparkproject/jetty/io/ManagedSelector$Selectable
instanceKlass org/sparkproject/jetty/io/ByteBufferPool
instanceKlass org/sparkproject/jetty/server/NetworkConnector
instanceKlass org/sparkproject/jetty/http/HttpCompliance$1
instanceKlass org/sparkproject/jetty/io/Connection$UpgradeTo
instanceKlass org/sparkproject/jetty/io/Connection$UpgradeFrom
instanceKlass org/sparkproject/jetty/io/WriteFlusher$Listener
instanceKlass org/sparkproject/jetty/server/HttpTransport
instanceKlass org/sparkproject/jetty/io/AbstractConnection
instanceKlass org/sparkproject/jetty/io/Connection
instanceKlass org/sparkproject/jetty/server/HttpConfiguration$Customizer
instanceKlass org/sparkproject/jetty/server/HttpConfiguration$ConnectionFactory
instanceKlass org/sparkproject/jetty/server/ConnectionFactory
instanceKlass org/apache/spark/ui/JettyUtils$$$Lambda$519
instanceKlass java/lang/invoke/LambdaForm$MH
instanceKlass java/lang/invoke/LambdaForm$DMH
instanceKlass java/lang/invoke/LambdaForm$DMH
instanceKlass org/apache/spark/ui/JettyUtils$$$Lambda$518
instanceKlass java/lang/invoke/LambdaForm$DMH
instanceKlass org/apache/spark/ui/JettyUtils$$$Lambda$517
instanceKlass org/sparkproject/jetty/util/thread/PrivilegedThreadFactory$1
instanceKlass org/sparkproject/jetty/util/thread/PrivilegedThreadFactory
instanceKlass org/sparkproject/jetty/util/thread/QueuedThreadPool$$Lambda$516
instanceKlass java/util/stream/ReduceOps$5ReducingSink
instanceKlass java/util/stream/Sink$OfInt
instanceKlass java/util/function/IntConsumer
instanceKlass java/util/stream/IntPipeline$$Lambda$515
instanceKlass java/util/function/IntBinaryOperator
instanceKlass java/util/stream/IntStream
instanceKlass org/sparkproject/jetty/util/thread/ThreadPoolBudget$$Lambda$514
instanceKlass java/util/function/ToIntFunction
instanceKlass org/sparkproject/jetty/util/thread/ThreadPoolBudget$Leased
instanceKlass org/sparkproject/jetty/util/ProcessorUtils
instanceKlass org/sparkproject/jetty/util/thread/ReservedThreadExecutor$1
instanceKlass org/sparkproject/jetty/http/HttpStatus
instanceKlass org/sparkproject/jetty/http/HttpGenerator$PreparedResponse
instanceKlass org/sparkproject/jetty/util/BufferUtil
instanceKlass org/sparkproject/jetty/http/HttpFields
instanceKlass org/sparkproject/jetty/http/MetaData
instanceKlass org/sparkproject/jetty/http/HttpGenerator
instanceKlass org/sparkproject/jetty/server/HttpConfiguration
instanceKlass org/sparkproject/jetty/server/ShutdownMonitor$Holder
instanceKlass org/sparkproject/jetty/server/ShutdownMonitor
instanceKlass org/sparkproject/jetty/server/handler/ErrorHandler$ErrorPageMapper
instanceKlass org/sparkproject/jetty/util/thread/Scheduler$Task
instanceKlass org/sparkproject/jetty/util/thread/SerializedExecutor
instanceKlass org/sparkproject/jetty/server/handler/HandlerCollection$Handlers
instanceKlass org/sparkproject/jetty/util/thread/Locker$Lock
instanceKlass org/sparkproject/jetty/util/thread/Locker
instanceKlass org/sparkproject/jetty/util/thread/ThreadPoolBudget$1
instanceKlass org/sparkproject/jetty/util/thread/ThreadPoolBudget$Lease
instanceKlass org/sparkproject/jetty/util/thread/ThreadPoolBudget
instanceKlass org/sparkproject/jetty/util/MemoryUtils$1
instanceKlass org/sparkproject/jetty/util/MemoryUtils
instanceKlass org/sparkproject/jetty/util/thread/QueuedThreadPool$Runner
instanceKlass org/sparkproject/jetty/util/thread/QueuedThreadPool$$Lambda$513
instanceKlass org/sparkproject/jetty/util/thread/TryExecutor$1
instanceKlass org/sparkproject/jetty/util/thread/TryExecutor
instanceKlass org/sparkproject/jetty/util/thread/ThreadPool$SizedThreadPool
instanceKlass org/apache/spark/ui/JettyUtils$$$Lambda$512
instanceKlass org/apache/spark/ui/WebUI$$Lambda$511
instanceKlass org/apache/spark/ui/SparkUI$$Lambda$510
instanceKlass org/apache/spark/SparkContext$$Lambda$509
instanceKlass org/apache/spark/ui/SparkUI$$Lambda$508
instanceKlass org/apache/spark/ui/SparkUI$$Lambda$507
instanceKlass org/apache/spark/ui/SparkUI$$Lambda$506
instanceKlass org/apache/spark/ui/SparkUI$$Lambda$505
instanceKlass org/apache/spark/status/api/v1/UIRootFromServletContext$
instanceKlass org/glassfish/jersey/server/spi/Container
instanceKlass javax/servlet/Filter
instanceKlass org/apache/spark/status/api/v1/ApiRootResource$
instanceKlass org/apache/spark/ui/JettyUtils$$$Lambda$504
instanceKlass org/sparkproject/jetty/http/CompressedContentFormat
instanceKlass org/sparkproject/jetty/util/MathUtils
instanceKlass org/sparkproject/jetty/util/AbstractTrie
instanceKlass org/sparkproject/jetty/util/StringUtil
instanceKlass org/sparkproject/jetty/util/Trie
instanceKlass org/sparkproject/jetty/http/Http1FieldPreEncoder
instanceKlass org/sparkproject/jetty/http/HttpFieldPreEncoder
instanceKlass org/sparkproject/jetty/util/Callback
instanceKlass org/sparkproject/jetty/util/thread/Invocable
instanceKlass org/sparkproject/jetty/server/ResourceService
instanceKlass org/sparkproject/jetty/http/HttpContent$ContentFactory
instanceKlass org/sparkproject/jetty/server/ResourceService$WelcomeFactory
instanceKlass org/sparkproject/jetty/util/resource/ResourceFactory
instanceKlass org/apache/spark/ui/storage/ToolTips$
instanceKlass scala/xml/NodeBuffer$$Lambda$503
instanceKlass org/apache/spark/ui/jobs/StagePage$$Lambda$502
instanceKlass org/apache/spark/ui/WebUI$$Lambda$501
instanceKlass org/apache/spark/ui/JettyUtils$$$Lambda$500
instanceKlass org/apache/spark/ui/WebUI$$Lambda$499
instanceKlass org/apache/spark/ui/JettyUtils$$$Lambda$498
instanceKlass org/apache/spark/ui/JettyUtils$ServletParams
instanceKlass org/apache/spark/ui/WebUI$$Lambda$497
instanceKlass org/apache/spark/ui/WebUI$$Lambda$496
instanceKlass org/apache/spark/ui/jobs/JobPage$$Lambda$495
instanceKlass org/apache/spark/ui/jobs/JobPage$$Lambda$494
instanceKlass org/apache/spark/ui/jobs/AllJobsPage$$Lambda$493
instanceKlass org/apache/spark/ui/jobs/AllJobsPage$$Lambda$492
instanceKlass scala/xml/Utility$Escapes$$$Lambda$491
instanceKlass scala/xml/Utility$Escapes$
instanceKlass scala/xml/Utility$$$Lambda$490
instanceKlass java/lang/invoke/LambdaForm$MH
instanceKlass java/lang/invoke/LambdaForm$DMH
instanceKlass java/lang/invoke/LambdaForm$DMH
instanceKlass scala/xml/Utility$$$Lambda$489
instanceKlass java/lang/invoke/LambdaForm$DMH
instanceKlass scala/xml/Utility$$$Lambda$488
instanceKlass scala/xml/Utility$
instanceKlass scala/xml/parsing/TokenTests
instanceKlass scala/xml/MetaData$
instanceKlass scala/xml/Text$
instanceKlass scala/xml/ScalaVersionSpecificNodeBuffer
instanceKlass scala/xml/ScalaVersionSpecificNodeSeq
instanceKlass scala/xml/Attribute
instanceKlass scala/xml/NamespaceBinding
instanceKlass scala/xml/Equality
instanceKlass org/json4s/JsonAST$JValue
instanceKlass org/json4s/Diff$Diffable
instanceKlass scala/runtime/RichChar$
instanceKlass org/apache/spark/ui/WebUIPage
instanceKlass org/sparkproject/jetty/servlet/ServletMapping
instanceKlass org/sparkproject/jetty/util/ArrayUtil
instanceKlass org/sparkproject/jetty/util/URIUtil
instanceKlass javax/servlet/SingleThreadModel
instanceKlass org/sparkproject/jetty/servlet/Holder$1
instanceKlass org/sparkproject/jetty/servlet/Source
instanceKlass javax/servlet/ServletRegistration$Dynamic
instanceKlass javax/servlet/Registration$Dynamic
instanceKlass org/sparkproject/jetty/util/component/ContainerLifeCycle$1
instanceKlass org/sparkproject/jetty/util/component/Container$Listener
instanceKlass org/sparkproject/jetty/util/component/ContainerLifeCycle$Bean
instanceKlass org/sparkproject/jetty/http/pathmap/PathSpec
instanceKlass javax/servlet/FilterChain
instanceKlass org/sparkproject/jetty/server/UserIdentity$Scope
instanceKlass org/sparkproject/jetty/util/DeprecationWarning
instanceKlass org/sparkproject/jetty/util/DecoratedObjectFactory
instanceKlass javax/servlet/ServletRegistration
instanceKlass javax/servlet/FilterRegistration
instanceKlass javax/servlet/Registration
instanceKlass org/sparkproject/jetty/security/ConstraintAware
instanceKlass javax/servlet/RequestDispatcher
instanceKlass java/time/LocalTime
instanceKlass java/time/LocalDate
instanceKlass java/time/chrono/ChronoLocalDate
instanceKlass java/time/LocalDateTime
instanceKlass java/time/chrono/ChronoLocalDateTime
instanceKlass java/time/Instant$1
instanceKlass java/time/format/DateTimePrintContext
instanceKlass java/time/format/DateTimeFormatter$$Lambda$487
instanceKlass java/time/format/DateTimeFormatter$$Lambda$486
instanceKlass java/time/Period
instanceKlass java/time/chrono/ChronoPeriod
instanceKlass java/time/format/DateTimeFormatterBuilder$TextPrinterParser
instanceKlass java/time/format/DateTimeTextProvider$1
instanceKlass java/time/format/DateTimeTextProvider
instanceKlass java/time/format/DateTimeTextProvider$LocaleStore
instanceKlass java/time/format/DateTimeFormatterBuilder$InstantPrinterParser
instanceKlass java/time/format/DateTimeFormatterBuilder$StringLiteralPrinterParser
instanceKlass java/time/format/DateTimeFormatterBuilder$ZoneIdPrinterParser
instanceKlass java/time/format/DateTimeFormatterBuilder$OffsetIdPrinterParser
instanceKlass java/time/format/DecimalStyle
instanceKlass java/time/format/DateTimeFormatterBuilder$CompositePrinterParser
instanceKlass java/time/chrono/AbstractChronology
instanceKlass java/time/chrono/Chronology
instanceKlass java/time/format/DateTimeFormatterBuilder$CharLiteralPrinterParser
instanceKlass java/time/format/DateTimeFormatterBuilder$NumberPrinterParser
instanceKlass java/time/format/DateTimeFormatterBuilder$DateTimePrinterParser
instanceKlass java/time/format/DateTimeFormatterBuilder$2
instanceKlass java/time/temporal/JulianFields
instanceKlass java/time/temporal/IsoFields
instanceKlass java/time/temporal/ValueRange
instanceKlass java/time/temporal/TemporalField
instanceKlass java/time/format/DateTimeFormatterBuilder$$Lambda$485
instanceKlass java/time/temporal/TemporalQuery
instanceKlass java/time/format/DateTimeFormatterBuilder
instanceKlass java/time/format/DateTimeFormatter
instanceKlass org/sparkproject/jetty/util/Jetty
instanceKlass javax/servlet/http/HttpServletRequest
instanceKlass org/sparkproject/jetty/http/HttpField
instanceKlass javax/servlet/http/HttpSessionAttributeListener
instanceKlass javax/servlet/http/HttpSessionListener
instanceKlass javax/servlet/http/HttpSessionIdListener
instanceKlass javax/servlet/ServletRequestAttributeListener
instanceKlass javax/servlet/ServletRequestListener
instanceKlass javax/servlet/ServletContextAttributeListener
instanceKlass javax/servlet/ServletContextListener
instanceKlass org/sparkproject/jetty/util/Uptime$DefaultImpl
instanceKlass org/sparkproject/jetty/util/Uptime$Impl
instanceKlass org/sparkproject/jetty/util/Uptime
instanceKlass org/sparkproject/jetty/util/log/JettyAwareLogger
instanceKlass org/sparkproject/jetty/util/log/AbstractLogger
instanceKlass org/sparkproject/jetty/util/Loader
instanceKlass org/sparkproject/jetty/util/log/Log$1
instanceKlass org/sparkproject/jetty/util/log/Logger
instanceKlass org/sparkproject/jetty/util/log/Log
instanceKlass org/sparkproject/jetty/util/AttributesMap
instanceKlass org/sparkproject/jetty/util/Decorator
instanceKlass org/sparkproject/jetty/security/Authenticator$AuthConfiguration
instanceKlass org/sparkproject/jetty/server/handler/gzip/GzipFactory
instanceKlass org/sparkproject/jetty/server/handler/ContextHandler$AliasCheck
instanceKlass javax/servlet/ServletRequest
instanceKlass javax/servlet/ServletContext
instanceKlass org/sparkproject/jetty/util/component/AbstractLifeCycle
instanceKlass org/sparkproject/jetty/util/component/Dumpable$DumpableContainer
instanceKlass org/sparkproject/jetty/util/component/Dumpable
instanceKlass org/sparkproject/jetty/server/HandlerContainer
instanceKlass org/sparkproject/jetty/util/Attributes
instanceKlass org/sparkproject/jetty/server/Connector
instanceKlass org/sparkproject/jetty/util/component/Graceful
instanceKlass org/sparkproject/jetty/util/component/Container
instanceKlass org/sparkproject/jetty/server/Handler
instanceKlass org/sparkproject/jetty/util/component/Destroyable
instanceKlass org/sparkproject/jetty/util/thread/ThreadPool
instanceKlass org/sparkproject/jetty/util/thread/Scheduler
instanceKlass org/sparkproject/jetty/util/component/LifeCycle
instanceKlass org/apache/spark/ui/JettyUtils$
instanceKlass java/util/ResourceBundle$Control$1
instanceKlass java/util/ResourceBundle$ResourceBundleControlProviderHolder$$Lambda$484
instanceKlass java/util/spi/ResourceBundleControlProvider
instanceKlass java/util/ResourceBundle$ResourceBundleControlProviderHolder$$Lambda$483
instanceKlass java/util/ResourceBundle$ResourceBundleControlProviderHolder
instanceKlass javax/servlet/http/HttpServletResponse
instanceKlass javax/servlet/ServletResponse
instanceKlass org/apache/spark/ui/SparkUI$$Lambda$482
instanceKlass org/apache/spark/ui/SparkUI$$Lambda$481
instanceKlass org/apache/spark/ui/WebUI$$Lambda$480
instanceKlass org/apache/spark/ui/WebUI$
instanceKlass org/apache/spark/SecurityManager$$Lambda$479
instanceKlass org/apache/spark/ui/WebUITab
instanceKlass javax/servlet/GenericServlet
instanceKlass javax/servlet/ServletConfig
instanceKlass org/apache/spark/ui/WebUI
instanceKlass org/apache/spark/status/api/v1/UIRoot
instanceKlass org/apache/spark/ui/SparkUI$
instanceKlass org/apache/spark/SparkStatusTracker
instanceKlass org/apache/spark/SparkContext$$Lambda$478
instanceKlass scala/util/Random
instanceKlass org/apache/spark/util/Utils$$$Lambda$477
instanceKlass org/apache/spark/util/Utils$$$Lambda$476
instanceKlass scala/util/control/NonFatal$
instanceKlass org/apache/spark/util/Utils$$$Lambda$475
instanceKlass org/apache/spark/util/Utils$$$Lambda$474
instanceKlass org/apache/spark/SparkEnv
instanceKlass org/apache/spark/scheduler/OutputCommitCoordinator$OutputCommitCoordinatorEndpoint$$Lambda$473
instanceKlass org/apache/spark/SparkEnv$$$Lambda$472
instanceKlass org/apache/spark/scheduler/OutputCommitCoordinator$OutputCommitCoordinatorEndpoint
instanceKlass java/lang/invoke/LambdaForm$MH
instanceKlass java/lang/invoke/LambdaForm$DMH
instanceKlass org/apache/spark/SparkEnv$$$Lambda$471
instanceKlass java/lang/invoke/LambdaForm$DMH
instanceKlass org/apache/spark/scheduler/OutputCommitCoordinator
instanceKlass org/apache/spark/metrics/MetricsConfig$$Lambda$470
instanceKlass org/apache/spark/metrics/MetricsConfig$$Lambda$469
instanceKlass org/apache/spark/metrics/MetricsConfig$$Lambda$468
instanceKlass org/apache/spark/metrics/MetricsConfig$$Lambda$467
instanceKlass org/apache/spark/metrics/MetricsConfig$$Lambda$466
instanceKlass org/apache/spark/metrics/MetricsConfig$$Lambda$465
instanceKlass org/apache/spark/metrics/MetricsConfig$$Lambda$464
instanceKlass org/apache/spark/metrics/MetricsConfig$$Lambda$463
instanceKlass scala/collection/convert/DecorateAsScala$$Lambda$462
instanceKlass org/apache/spark/metrics/MetricsConfig$$Lambda$461
instanceKlass org/apache/spark/metrics/MetricsConfig
instanceKlass org/apache/spark/metrics/MetricsSystem
instanceKlass org/apache/spark/metrics/MetricsSystemInstances$
instanceKlass org/apache/spark/metrics/MetricsSystem$
instanceKlass org/apache/spark/network/shuffle/DownloadFile
instanceKlass org/apache/spark/storage/BlockManager$RemoteBlockDownloadFileManager
instanceKlass org/apache/spark/storage/BlockManagerStorageEndpoint
instanceKlass org/apache/spark/util/IdGenerator
instanceKlass org/apache/spark/storage/BlockManager$
instanceKlass org/apache/spark/storage/BlockManager$$Lambda$460
instanceKlass org/apache/spark/storage/DiskStore
instanceKlass scala/collection/immutable/StringLike$$Lambda$459
instanceKlass jdk/internal/math/FormattedFloatingDecimal$2
instanceKlass jdk/internal/math/FormattedFloatingDecimal
instanceKlass scala/collection/immutable/StringLike$$Lambda$458
instanceKlass org/apache/spark/storage/memory/MemoryStore$$Lambda$457
instanceKlass scala/collection/TraversableOnce$$Lambda$456
instanceKlass scala/math/Numeric$Ops
instanceKlass scala/math/Numeric$LongIsIntegral$
instanceKlass scala/math/Ordering$LongOrdering
instanceKlass scala/math/Numeric$LongIsIntegral
instanceKlass scala/math/Integral
instanceKlass org/apache/spark/storage/memory/ValuesHolder
instanceKlass org/apache/spark/storage/memory/MemoryStore
instanceKlass org/apache/spark/storage/BlockInfo$
instanceKlass org/sparkproject/guava/math/IntMath$1
instanceKlass org/sparkproject/guava/math/MathPreconditions
instanceKlass org/sparkproject/guava/math/IntMath
instanceKlass org/sparkproject/guava/util/concurrent/Striped$1
instanceKlass org/sparkproject/guava/util/concurrent/Striped$5
instanceKlass org/sparkproject/guava/util/concurrent/Striped
instanceKlass org/apache/spark/storage/BlockInfoManager
instanceKlass org/apache/spark/storage/DiskBlockManager$$Lambda$455
instanceKlass org/apache/spark/util/SparkShutdownHook
instanceKlass org/apache/hadoop/util/ShutdownHookManager$HookEntry
instanceKlass java/util/concurrent/Executors$DelegatedExecutorService
instanceKlass org/apache/hadoop/util/concurrent/HadoopExecutors
instanceKlass org/apache/hadoop/thirdparty/com/google/common/util/concurrent/ThreadFactoryBuilder$1
instanceKlass org/apache/hadoop/thirdparty/com/google/common/util/concurrent/ThreadFactoryBuilder
instanceKlass org/apache/hadoop/util/ShutdownHookManager
instanceKlass org/apache/spark/util/SparkShutdownHookManager$$anon$2
instanceKlass org/apache/spark/util/SparkShutdownHookManager
instanceKlass org/apache/spark/util/ShutdownHookManager$$$Lambda$454
instanceKlass java/lang/invoke/LambdaForm$DMH
instanceKlass org/apache/spark/util/ShutdownHookManager$$$Lambda$453
instanceKlass org/apache/spark/util/ShutdownHookManager$
instanceKlass org/apache/spark/storage/DiskBlockManager$$Lambda$452
instanceKlass org/apache/spark/storage/DiskBlockManager$$Lambda$451
instanceKlass org/apache/spark/storage/DiskBlockManager$$Lambda$450
instanceKlass org/apache/spark/storage/DiskBlockManager$
instanceKlass scala/collection/mutable/ArrayBuilder$
instanceKlass org/apache/spark/storage/DiskBlockManager$$Lambda$449
instanceKlass org/apache/spark/storage/DiskBlockManager$$Lambda$448
instanceKlass org/apache/spark/storage/DiskBlockManager$$Lambda$447
instanceKlass sun/nio/fs/WindowsSecurityDescriptor
instanceKlass java/util/UUID$Holder
instanceKlass org/apache/spark/storage/DiskBlockManager$$Lambda$446
instanceKlass com/fasterxml/jackson/module/scala/SymbolModule
instanceKlass com/fasterxml/jackson/module/scala/deser/SymbolDeserializerModule
instanceKlass com/fasterxml/jackson/module/scala/ser/SymbolSerializerModule
instanceKlass com/fasterxml/jackson/module/scala/EitherModule
instanceKlass com/fasterxml/jackson/module/scala/ser/EitherSerializerModule
instanceKlass com/fasterxml/jackson/module/scala/modifiers/EitherTypeModifierModule
instanceKlass com/fasterxml/jackson/module/scala/deser/EitherDeserializerModule
instanceKlass com/fasterxml/jackson/module/scala/deser/UntypedObjectDeserializerModule
instanceKlass com/fasterxml/jackson/module/scala/introspect/ScalaAnnotationIntrospectorModule
instanceKlass com/fasterxml/jackson/module/scala/deser/ScalaNumberDeserializersModule
instanceKlass com/fasterxml/jackson/module/scala/SetModule
instanceKlass com/fasterxml/jackson/module/scala/deser/SortedSetDeserializerModule
instanceKlass com/fasterxml/jackson/module/scala/deser/UnsortedSetDeserializerModule
instanceKlass com/fasterxml/jackson/module/scala/MapModule
instanceKlass com/fasterxml/jackson/module/scala/deser/SortedMapDeserializerModule
instanceKlass com/fasterxml/jackson/module/scala/deser/UnsortedMapDeserializerModule
instanceKlass com/fasterxml/jackson/module/scala/ser/MapSerializerModule
instanceKlass com/fasterxml/jackson/module/scala/modifiers/MapTypeModifierModule
instanceKlass com/fasterxml/jackson/module/scala/TupleModule
instanceKlass com/fasterxml/jackson/module/scala/deser/TupleDeserializerModule
instanceKlass com/fasterxml/jackson/module/scala/ser/TupleSerializerModule
instanceKlass com/fasterxml/jackson/module/scala/IterableModule
instanceKlass com/fasterxml/jackson/module/scala/SeqModule
instanceKlass com/fasterxml/jackson/module/scala/deser/SeqDeserializerModule
instanceKlass com/fasterxml/jackson/module/scala/ser/IterableSerializerModule
instanceKlass com/fasterxml/jackson/module/scala/modifiers/IterableTypeModifierModule
instanceKlass com/fasterxml/jackson/module/scala/OptionModule
instanceKlass com/fasterxml/jackson/module/scala/deser/OptionDeserializerModule
instanceKlass com/fasterxml/jackson/module/scala/ser/OptionSerializerModule
instanceKlass com/fasterxml/jackson/module/scala/modifiers/OptionTypeModifierModule
instanceKlass com/fasterxml/jackson/module/scala/EnumerationModule
instanceKlass com/fasterxml/jackson/module/scala/deser/EnumerationDeserializerModule
instanceKlass com/fasterxml/jackson/module/scala/ser/EnumerationSerializerModule
instanceKlass com/fasterxml/jackson/module/scala/IteratorModule
instanceKlass com/fasterxml/jackson/module/scala/ser/IteratorSerializerModule
instanceKlass com/fasterxml/jackson/module/scala/modifiers/IteratorTypeModifierModule
instanceKlass com/fasterxml/jackson/module/scala/modifiers/ScalaTypeModifierModule
instanceKlass com/fasterxml/jackson/module/scala/JacksonModule
instanceKlass com/fasterxml/jackson/databind/Module
instanceKlass org/apache/spark/storage/DiskBlockManager
instanceKlass org/apache/spark/storage/BlockData
instanceKlass org/apache/spark/network/shuffle/DownloadFileManager
instanceKlass org/apache/spark/storage/BlockManager
instanceKlass org/apache/spark/storage/memory/BlockEvictionHandler
instanceKlass org/apache/spark/network/BlockDataManager
instanceKlass org/apache/spark/network/shuffle/RetryingBlockTransferor$BlockTransferStarter
instanceKlass org/apache/spark/network/shuffle/BlockFetchingListener
instanceKlass org/apache/spark/network/shuffle/BlockTransferListener
instanceKlass org/apache/spark/SparkEnv$$$Lambda$445
instanceKlass org/apache/spark/storage/BlockManagerMasterHeartbeatEndpoint
instanceKlass org/apache/spark/rpc/netty/DedicatedMessageLoop$$Lambda$444
instanceKlass java/lang/invoke/LambdaForm$DMH
instanceKlass org/apache/spark/storage/StorageUtils$$$Lambda$443
instanceKlass java/lang/invoke/LambdaForm$DMH
instanceKlass sun/invoke/util/VerifyAccess$1
instanceKlass org/apache/spark/storage/StorageUtils$
instanceKlass org/apache/spark/storage/BlockManagerMasterEndpoint$$Lambda$442
instanceKlass org/apache/spark/storage/BlockManagerMasterEndpoint$$Lambda$441
instanceKlass org/sparkproject/guava/cache/LocalCache$AbstractReferenceEntry
instanceKlass org/sparkproject/guava/cache/RemovalListener
instanceKlass org/sparkproject/guava/cache/Weigher
instanceKlass org/sparkproject/guava/cache/LocalCache$StrongValueReference
instanceKlass org/sparkproject/guava/cache/LocalCache$1
instanceKlass org/sparkproject/guava/util/concurrent/ListenableFuture
instanceKlass org/sparkproject/guava/util/concurrent/AbstractListeningExecutorService
instanceKlass org/sparkproject/guava/util/concurrent/ListeningScheduledExecutorService
instanceKlass org/sparkproject/guava/util/concurrent/ListeningExecutorService
instanceKlass org/sparkproject/guava/util/concurrent/MoreExecutors
instanceKlass org/sparkproject/guava/cache/LocalCache$ValueReference
instanceKlass org/sparkproject/guava/cache/LocalCache$ReferenceEntry
instanceKlass org/sparkproject/guava/cache/LocalCache$LocalManualCache
instanceKlass org/sparkproject/guava/cache/CacheBuilder$2
instanceKlass org/sparkproject/guava/cache/CacheStats
instanceKlass org/sparkproject/guava/base/Suppliers$SupplierOfInstance
instanceKlass org/sparkproject/guava/base/Suppliers
instanceKlass org/sparkproject/guava/cache/CacheBuilder$1
instanceKlass org/sparkproject/guava/cache/AbstractCache$StatsCounter
instanceKlass org/sparkproject/guava/cache/LoadingCache
instanceKlass org/sparkproject/guava/cache/Cache
instanceKlass org/sparkproject/guava/base/Supplier
instanceKlass org/sparkproject/guava/cache/CacheBuilder
instanceKlass java/lang/invoke/LambdaForm$MH
instanceKlass java/lang/invoke/LambdaForm$DMH
instanceKlass org/apache/spark/SparkEnv$$$Lambda$440
instanceKlass java/lang/invoke/LambdaForm$DMH
instanceKlass org/apache/spark/storage/BlockManagerMasterEndpoint
instanceKlass org/apache/spark/rpc/IsolatedThreadSafeRpcEndpoint
instanceKlass org/apache/spark/storage/BlockManagerMaster$
instanceKlass org/apache/spark/storage/BlockManagerMaster
instanceKlass scala/collection/concurrent/TrieMap$MangledHashing
instanceKlass scala/collection/concurrent/KVNode
instanceKlass scala/collection/concurrent/Gen
instanceKlass scala/collection/concurrent/BasicNode
instanceKlass scala/collection/concurrent/INode$
instanceKlass scala/math/Equiv$$anon$2
instanceKlass scala/util/hashing/Hashing$Default
instanceKlass scala/util/hashing/Hashing$
instanceKlass scala/collection/concurrent/TrieMap
instanceKlass org/apache/spark/unsafe/memory/HeapMemoryAllocator
instanceKlass org/apache/spark/unsafe/memory/UnsafeMemoryAllocator
instanceKlass org/apache/spark/unsafe/memory/MemoryAllocator
instanceKlass org/apache/spark/util/Utils$$$Lambda$439
instanceKlass com/sun/management/internal/Flag$1
instanceKlass com/sun/management/internal/Flag
instanceKlass org/apache/spark/util/Utils$$$Lambda$438
instanceKlass scala/util/Try$
instanceKlass jdk/internal/module/IllegalAccessLogger$$Lambda$437
instanceKlass jdk/internal/module/IllegalAccessLogger$$Lambda$436
instanceKlass org/apache/spark/unsafe/Platform
instanceKlass org/apache/spark/unsafe/array/ByteArrayMethods
instanceKlass org/apache/spark/memory/MemoryManager$$Lambda$435
instanceKlass java/lang/invoke/LambdaForm$DMH
instanceKlass org/apache/spark/memory/MemoryPool
instanceKlass org/apache/spark/memory/MemoryManager$$Lambda$434
instanceKlass java/lang/StrictMath
instanceKlass scala/runtime/RichDouble$
instanceKlass java/lang/invoke/LambdaForm$MH
instanceKlass org/apache/spark/SparkConf$$Lambda$433
instanceKlass java/lang/invoke/LambdaForm$DMH
instanceKlass org/apache/spark/SparkConf$$Lambda$432
instanceKlass java/lang/invoke/LambdaForm$MH
instanceKlass java/lang/invoke/LambdaForm$DMH
instanceKlass java/lang/invoke/LambdaForm$DMH
instanceKlass org/apache/spark/SparkConf$$Lambda$431
instanceKlass scala/runtime/java8/JFunction0$mcJ$sp
instanceKlass java/lang/invoke/LambdaForm$DMH
instanceKlass org/apache/spark/memory/UnifiedMemoryManager$
instanceKlass org/apache/spark/shuffle/IndexShuffleBlockResolver$
instanceKlass org/apache/spark/network/client/StreamCallbackWithID
instanceKlass org/apache/spark/storage/BlockId
instanceKlass org/apache/spark/shuffle/IndexShuffleBlockResolver
instanceKlass org/apache/spark/shuffle/MigratableResolver
instanceKlass org/apache/spark/shuffle/checksum/ShuffleChecksumSupport
instanceKlass org/apache/spark/shuffle/ShuffleWriter
instanceKlass org/apache/spark/shuffle/ShuffleBlockResolver
instanceKlass org/apache/spark/util/collection/OpenHashSet
instanceKlass org/apache/spark/shuffle/ShuffleHandle
instanceKlass org/apache/spark/shuffle/ShuffleReader
instanceKlass org/apache/spark/SparkEnv$$$Lambda$430
instanceKlass org/apache/spark/shuffle/sort/SortShuffleManager
instanceKlass org/apache/spark/shuffle/ShuffleManager
instanceKlass org/apache/spark/MapOutputTrackerMasterEndpoint$$Lambda$429
instanceKlass org/apache/spark/SparkEnv$$$Lambda$428
instanceKlass org/apache/spark/SparkEnv$$$Lambda$427
instanceKlass org/apache/spark/MapOutputTrackerMasterEndpoint
instanceKlass org/apache/spark/scheduler/ShuffleOutputStatus
instanceKlass org/apache/spark/MapOutputTracker$
instanceKlass org/apache/spark/GetMapOutputMessage
instanceKlass org/apache/spark/MapOutputTrackerMasterMessage
instanceKlass org/apache/spark/MapOutputTrackerMaster$MessageLoop
instanceKlass org/apache/spark/MapOutputTrackerMaster$$Lambda$426
instanceKlass org/apache/commons/collections4/map/AbstractHashedMap$HashEntry
instanceKlass org/apache/commons/collections4/KeyValue
instanceKlass org/apache/commons/collections4/MapIterator
instanceKlass org/apache/commons/collections4/IterableMap
instanceKlass org/apache/commons/collections4/IterableGet
instanceKlass org/apache/commons/collections4/Get
instanceKlass org/apache/commons/collections4/Put
instanceKlass org/apache/spark/broadcast/Broadcast
instanceKlass org/apache/spark/broadcast/TorrentBroadcastFactory
instanceKlass org/apache/spark/broadcast/BroadcastFactory
instanceKlass org/apache/spark/broadcast/BroadcastManager
instanceKlass org/apache/spark/serializer/SerializerManager$$Lambda$425
instanceKlass org/apache/spark/SparkConf$$Lambda$424
instanceKlass org/apache/spark/SparkConf$$Lambda$423
instanceKlass org/apache/spark/serializer/KryoSerializer$$Lambda$422
instanceKlass org/apache/spark/serializer/KryoSerializer$$Lambda$421
instanceKlass org/apache/spark/serializer/KryoSerializer$$Lambda$420
instanceKlass org/apache/spark/serializer/KryoSerializer$$Lambda$419
instanceKlass com/esotericsoftware/kryo/pool/KryoPool
instanceKlass com/esotericsoftware/kryo/pool/KryoFactory
instanceKlass com/esotericsoftware/kryo/Kryo
instanceKlass com/esotericsoftware/kryo/Serializer
instanceKlass org/apache/spark/serializer/SerializerManager
instanceKlass org/apache/spark/SparkEnv$$$Lambda$418
instanceKlass org/apache/spark/rpc/ThreadSafeRpcEndpoint
instanceKlass org/apache/spark/rpc/netty/OneWayMessage
instanceKlass org/apache/spark/rpc/netty/RpcMessage
instanceKlass org/apache/spark/rpc/netty/Inbox$$Lambda$417
instanceKlass org/apache/spark/util/Utils$$$Lambda$416
instanceKlass org/apache/spark/rpc/netty/MessageLoop$
instanceKlass org/apache/spark/rpc/netty/OnStart$
instanceKlass org/apache/spark/rpc/netty/Inbox
instanceKlass org/apache/spark/rpc/netty/SharedMessageLoop$$Lambda$415
instanceKlass java/lang/invoke/LambdaForm$DMH
instanceKlass org/apache/spark/rpc/netty/SharedMessageLoop$$Lambda$414
instanceKlass org/apache/spark/rpc/netty/SharedMessageLoop$$Lambda$413
instanceKlass org/apache/spark/rpc/netty/SharedMessageLoop$$Lambda$412
instanceKlass org/apache/spark/rpc/netty/MessageLoop$$anon$1
instanceKlass org/apache/spark/rpc/IsolatedRpcEndpoint
instanceKlass org/apache/spark/rpc/RpcEndpointAddress$$Lambda$411
instanceKlass org/apache/spark/rpc/RpcAddress
instanceKlass org/apache/spark/rpc/RpcAddress$
instanceKlass org/apache/spark/rpc/RpcEndpointAddress
instanceKlass sun/nio/ch/WindowsSelectorImpl$MapEntry
instanceKlass org/apache/spark/rpc/netty/RpcEndpointVerifier
instanceKlass io/netty/channel/ChannelFutureListener$3
instanceKlass io/netty/channel/ChannelFutureListener$2
instanceKlass org/apache/spark/rpc/netty/RpcEndpointVerifier$
instanceKlass io/netty/channel/ChannelFutureListener$1
instanceKlass io/netty/util/internal/SocketUtils$7
instanceKlass io/netty/channel/AbstractChannel$AbstractUnsafe$2
instanceKlass io/netty/bootstrap/ServerBootstrap$ServerBootstrapAcceptor$1
instanceKlass io/netty/bootstrap/AbstractBootstrap$2
instanceKlass io/netty/bootstrap/ServerBootstrap$1$1
instanceKlass java/lang/invoke/ConstantBootstraps
instanceKlass io/netty/bootstrap/AbstractBootstrap$1
instanceKlass java/nio/channels/spi/AbstractSelector$1
instanceKlass io/netty/util/concurrent/FastThreadLocalRunnable
instanceKlass io/netty/util/internal/ThreadExecutorMap$2
instanceKlass io/netty/util/concurrent/SingleThreadEventExecutor$4
instanceKlass io/netty/util/internal/shaded/org/jctools/queues/LinkedArrayQueueUtil
instanceKlass io/netty/channel/AbstractChannel$AbstractUnsafe$1
instanceKlass io/netty/channel/ChannelHandler$Sharable
instanceKlass sun/nio/ch/ServerSocketChannelImpl$DefaultOptionsHolder
instanceKlass io/netty/buffer/ByteBufUtil$2
instanceKlass io/netty/util/CharsetUtil
instanceKlass io/netty/util/ByteProcessor
instanceKlass io/netty/buffer/ByteBufUtil
instanceKlass io/netty/channel/RecvByteBufAllocator$Handle
instanceKlass io/netty/channel/DefaultMaxMessagesRecvByteBufAllocator
instanceKlass io/netty/channel/MaxMessagesRecvByteBufAllocator
instanceKlass io/netty/channel/WriteBufferWaterMark
instanceKlass io/netty/channel/DefaultMessageSizeEstimator$HandleImpl
instanceKlass io/netty/channel/DefaultMessageSizeEstimator
instanceKlass io/netty/channel/MessageSizeEstimator
instanceKlass io/netty/channel/RecvByteBufAllocator
instanceKlass io/netty/channel/DefaultChannelConfig
instanceKlass io/netty/channel/nio/AbstractNioChannel$1
instanceKlass io/netty/channel/ChannelHandlerMask$Skip
instanceKlass io/netty/channel/ChannelHandlerMask$2
instanceKlass io/netty/channel/ChannelHandlerMask
instanceKlass io/netty/channel/AbstractChannelHandlerContext$Tasks
instanceKlass io/netty/channel/VoidChannelPromise$1
instanceKlass io/netty/channel/MessageSizeEstimator$Handle
instanceKlass io/netty/channel/DefaultChannelPipeline$PendingHandlerCallback
instanceKlass io/netty/channel/ChannelProgressivePromise
instanceKlass io/netty/channel/ChannelProgressiveFuture
instanceKlass io/netty/channel/AbstractChannelHandlerContext
instanceKlass io/netty/util/ResourceLeakHint
instanceKlass io/netty/channel/ChannelHandlerContext
instanceKlass io/netty/channel/DefaultChannelPipeline
instanceKlass io/netty/channel/ChannelOutboundBuffer$Entry
instanceKlass java/util/concurrent/atomic/AtomicLongFieldUpdater$CASUpdater$1
instanceKlass java/util/concurrent/atomic/AtomicLongFieldUpdater
instanceKlass io/netty/channel/ChannelOutboundBuffer
instanceKlass io/netty/util/internal/SocketUtils$13
instanceKlass io/netty/util/NetUtil$SoMaxConnAction
instanceKlass io/netty/util/NetUtilInitializations$NetworkIfaceAndInetAddress
instanceKlass io/netty/util/internal/SocketUtils$11
instanceKlass io/netty/util/internal/SocketUtils
instanceKlass io/netty/util/NetUtilInitializations
instanceKlass io/netty/util/NetUtil
instanceKlass io/netty/util/internal/MacAddressUtil
instanceKlass java/util/concurrent/SynchronousQueue$TransferStack$SNode
instanceKlass java/util/concurrent/SynchronousQueue$Transferer
instanceKlass java/lang/invoke/LambdaForm$MH
instanceKlass java/lang/ProcessHandleImpl$$Lambda$410
instanceKlass java/lang/invoke/LambdaForm$DMH
instanceKlass java/lang/invoke/LambdaForm$DMH
instanceKlass java/lang/ProcessHandleImpl$$Lambda$409
instanceKlass java/lang/invoke/LambdaForm$DMH
instanceKlass java/lang/ProcessHandleImpl
instanceKlass java/util/concurrent/CompletableFuture
instanceKlass java/util/concurrent/CompletionStage
instanceKlass java/lang/ProcessHandle$Info
instanceKlass java/lang/ProcessHandle
instanceKlass io/netty/channel/DefaultChannelId
instanceKlass io/netty/channel/ChannelFlushPromiseNotifier$FlushCheckpoint
instanceKlass io/netty/channel/ChannelFutureListener
instanceKlass io/netty/channel/socket/nio/SelectorProviderUtil
instanceKlass io/netty/channel/ChannelMetadata
instanceKlass io/netty/util/ConstantPool
instanceKlass io/netty/util/AbstractConstant
instanceKlass io/netty/util/Constant
instanceKlass io/netty/channel/socket/ServerSocketChannelConfig
instanceKlass io/netty/channel/ChannelConfig
instanceKlass io/netty/channel/nio/AbstractNioChannel$NioUnsafe
instanceKlass io/netty/channel/AbstractChannel$AbstractUnsafe
instanceKlass io/netty/channel/Channel$Unsafe
instanceKlass io/netty/channel/ChannelPipeline
instanceKlass io/netty/channel/ChannelInboundInvoker
instanceKlass io/netty/channel/ChannelId
instanceKlass io/netty/util/Attribute
instanceKlass io/netty/channel/ReflectiveChannelFactory
instanceKlass io/netty/channel/socket/ServerSocketChannel
instanceKlass io/netty/channel/ServerChannel
instanceKlass io/netty/bootstrap/AbstractBootstrapConfig
instanceKlass io/netty/channel/ChannelFactory
instanceKlass io/netty/bootstrap/ChannelFactory
instanceKlass io/netty/bootstrap/AbstractBootstrap
instanceKlass org/apache/spark/network/server/TransportServer
instanceKlass java/lang/invoke/LambdaForm$MH
instanceKlass java/lang/invoke/LambdaForm$DMH
instanceKlass java/lang/invoke/LambdaForm$DMH
instanceKlass org/apache/spark/util/Utils$$$Lambda$408
instanceKlass scala/runtime/java8/JFunction1$mcVI$sp
instanceKlass java/lang/invoke/LambdaForm$DMH
instanceKlass org/apache/spark/util/Utils$$$Lambda$407
instanceKlass org/apache/spark/util/Utils$$$Lambda$406
instanceKlass org/apache/spark/util/Utils$$$Lambda$405
instanceKlass org/apache/spark/rpc/netty/NettyRpcEnvFactory$$Lambda$404
instanceKlass java/util/concurrent/RunnableScheduledFuture
instanceKlass org/apache/spark/network/util/NettyMemoryMetrics$$Lambda$403
instanceKlass org/apache/spark/network/util/NettyMemoryMetrics$$Lambda$402
instanceKlass org/apache/spark/network/util/NettyMemoryMetrics
instanceKlass io/netty/buffer/PooledByteBufAllocatorMetric
instanceKlass io/netty/buffer/PoolChunkList
instanceKlass io/netty/buffer/PoolChunkListMetric
instanceKlass io/netty/buffer/PoolSubpage
instanceKlass io/netty/buffer/PoolSubpageMetric
instanceKlass io/netty/buffer/PoolThreadCache
instanceKlass io/netty/buffer/SizeClasses
instanceKlass io/netty/buffer/PoolArenaMetric
instanceKlass io/netty/buffer/SizeClassesMetric
instanceKlass io/netty/buffer/PooledByteBufAllocator$1
instanceKlass javax/security/cert/Certificate
instanceKlass java/security/cert/X509Extension
instanceKlass io/netty/util/AsciiString
instanceKlass io/netty/util/internal/EmptyArrays
instanceKlass io/netty/util/ResourceLeak
instanceKlass io/netty/util/ResourceLeakTracker
instanceKlass io/netty/util/ResourceLeakDetector
instanceKlass io/netty/buffer/ByteBufAllocatorMetric
instanceKlass io/netty/util/concurrent/MultithreadEventExecutorGroup$1
instanceKlass io/netty/util/concurrent/DefaultEventExecutorChooserFactory$PowerOfTwoEventExecutorChooser
instanceKlass io/netty/channel/nio/NioEventLoop$SelectorTuple
instanceKlass io/netty/channel/nio/NioEventLoop$4
instanceKlass io/netty/channel/nio/NioEventLoop$3
instanceKlass sun/nio/ch/OptionKey
instanceKlass sun/nio/ch/SocketOptionRegistry$LazyInitialization
instanceKlass sun/nio/ch/SocketOptionRegistry$RegistryKey
instanceKlass sun/nio/ch/SocketOptionRegistry
instanceKlass java/util/stream/Collectors$$Lambda$401
instanceKlass java/util/stream/Collectors$$Lambda$400
instanceKlass java/util/stream/Collectors$$Lambda$399
instanceKlass java/util/stream/Collectors$$Lambda$398
instanceKlass sun/net/ext/ExtendedSocketOptions$$Lambda$397
instanceKlass sun/nio/ch/ExtendedSocketOption$1
instanceKlass sun/nio/ch/ExtendedSocketOption
instanceKlass sun/nio/ch/SocketChannelImpl$DefaultOptionsHolder
instanceKlass java/nio/BufferMismatch
instanceKlass sun/nio/ch/IOStatus
instanceKlass sun/nio/ch/Util$BufferCache
instanceKlass sun/security/provider/AbstractDrbg$NonceProvider
instanceKlass sun/security/provider/AbstractDrbg$SeederHolder$$Lambda$396
instanceKlass java/lang/invoke/LambdaForm$DMH
instanceKlass java/lang/invoke/LambdaForm$DMH
instanceKlass sun/nio/fs/BasicFileAttributesHolder
instanceKlass sun/nio/fs/WindowsDirectoryStream$WindowsDirectoryIterator
instanceKlass sun/nio/fs/WindowsDirectoryStream
instanceKlass java/nio/file/DirectoryStream
instanceKlass java/nio/file/Files$AcceptAllFilter
instanceKlass java/nio/file/DirectoryStream$Filter
instanceKlass java/net/NetworkInterface$2
instanceKlass java/net/DefaultInterface
instanceKlass java/net/InterfaceAddress
instanceKlass java/net/NetworkInterface$1
instanceKlass sun/security/provider/ByteArrayAccess
instanceKlass sun/security/provider/SeedGenerator$1
instanceKlass sun/security/util/MessageDigestSpi2
instanceKlass sun/security/jca/GetInstance$Instance
instanceKlass sun/security/jca/GetInstance
instanceKlass sun/security/util/CryptoAlgorithmConstraints$CryptoHolder
instanceKlass sun/security/util/AbstractAlgorithmConstraints
instanceKlass java/security/AlgorithmConstraints
instanceKlass java/security/MessageDigestSpi
instanceKlass sun/security/provider/SeedGenerator
instanceKlass sun/security/provider/AbstractDrbg$SeederHolder
instanceKlass java/security/DrbgParameters$NextBytes
instanceKlass sun/nio/ch/NativeThread
instanceKlass java/nio/channels/spi/AbstractInterruptibleChannel$1
instanceKlass sun/nio/ch/Interruptible
instanceKlass java/net/ServerSocket$2
instanceKlass jdk/internal/access/JavaNetSocketAccess
instanceKlass java/net/ServerSocket
instanceKlass jdk/net/ExtendedSocketOptions$PlatformSocketOptions$1
instanceKlass jdk/net/ExtendedSocketOptions$PlatformSocketOptions
instanceKlass jdk/net/SocketFlow
instanceKlass jdk/net/ExtendedSocketOptions$ExtSocketOption
instanceKlass jdk/net/ExtendedSocketOptions
instanceKlass sun/net/ext/ExtendedSocketOptions
instanceKlass sun/nio/ch/Net$1
instanceKlass java/net/ProtocolFamily
instanceKlass sun/nio/ch/Net
instanceKlass sun/nio/ch/NativeDispatcher
instanceKlass sun/nio/ch/SelChImpl
instanceKlass java/nio/channels/NetworkChannel
instanceKlass java/net/Inet4AddressImpl
instanceKlass sun/nio/ch/PipeImpl$Initializer$LoopbackConnector
instanceKlass sun/nio/ch/PipeImpl$Initializer
instanceKlass sun/security/provider/AbstractDrbg$$Lambda$395
instanceKlass sun/security/provider/EntropySource
instanceKlass java/lang/invoke/LambdaForm$DMH
instanceKlass java/lang/invoke/LambdaForm$DMH
instanceKlass sun/security/provider/AbstractDrbg
instanceKlass java/security/DrbgParameters$Instantiation
instanceKlass java/security/DrbgParameters
instanceKlass sun/security/provider/MoreDrbgParameters
instanceKlass sun/security/provider/DRBG$$Lambda$394
instanceKlass java/security/SecureRandomSpi
instanceKlass java/security/SecureRandomParameters
instanceKlass jdk/internal/event/Event
instanceKlass sun/security/util/KnownOIDs$$Lambda$393
instanceKlass java/lang/invoke/LambdaForm$DMH
instanceKlass sun/security/util/SecurityProviderConstants
instanceKlass java/security/Provider$UString
instanceKlass java/security/Provider$Service
instanceKlass sun/security/provider/NativePRNG$NonBlocking
instanceKlass sun/security/provider/NativePRNG$Blocking
instanceKlass sun/security/provider/NativePRNG
instanceKlass sun/security/provider/SunEntries$1
instanceKlass sun/security/provider/SunEntries
instanceKlass java/util/AbstractList$Itr
instanceKlass sun/security/jca/ProviderList$2
instanceKlass java/security/Provider$EngineDescription
instanceKlass java/security/Provider$ServiceKey
instanceKlass sun/security/jca/ProviderConfig
instanceKlass sun/security/jca/ProviderList
instanceKlass sun/security/jca/Providers
instanceKlass java/nio/channels/Pipe
instanceKlass sun/nio/ch/NativeObject
instanceKlass sun/nio/ch/PollArrayWrapper
instanceKlass sun/nio/ch/WindowsSelectorImpl$FinishLock
instanceKlass sun/nio/ch/WindowsSelectorImpl$StartLock
instanceKlass sun/nio/ch/WindowsSelectorImpl$SubSelector
instanceKlass java/nio/channels/SelectionKey
instanceKlass sun/nio/ch/Util$2
instanceKlass sun/nio/ch/Util
instanceKlass io/netty/channel/nio/NioEventLoop$1
instanceKlass io/netty/util/internal/ThreadExecutorMap$1
instanceKlass io/netty/util/internal/shaded/org/jctools/util/UnsafeRefArrayAccess
instanceKlass io/netty/util/internal/shaded/org/jctools/util/Pow2
instanceKlass io/netty/util/internal/shaded/org/jctools/util/RangeUtil
instanceKlass io/netty/util/internal/shaded/org/jctools/util/UnsafeAccess
instanceKlass io/netty/util/internal/PlatformDependent$Mpsc$1
instanceKlass io/netty/util/internal/PlatformDependent$Mpsc
instanceKlass io/netty/channel/DefaultSelectStrategy
instanceKlass io/netty/channel/SelectStrategy
instanceKlass io/netty/util/internal/PlatformDependent$4
instanceKlass io/netty/util/internal/CleanerJava9$1
instanceKlass io/netty/util/internal/CleanerJava9
instanceKlass io/netty/util/internal/PlatformDependent$2
instanceKlass io/netty/util/internal/PlatformDependent$1
instanceKlass java/lang/reflect/AccessibleObject$$Lambda$392
instanceKlass io/netty/util/internal/PlatformDependent0$9
instanceKlass io/netty/util/internal/PlatformDependent0$7
instanceKlass io/netty/util/internal/PlatformDependent0$6
instanceKlass io/netty/util/internal/PlatformDependent0$5
instanceKlass io/netty/util/internal/PlatformDependent0$4
instanceKlass io/netty/util/internal/PlatformDependent0$3
instanceKlass io/netty/util/internal/PlatformDependent0$2
instanceKlass java/lang/reflect/AccessibleObject$$Lambda$391
instanceKlass io/netty/util/internal/ReflectionUtil
instanceKlass sun/misc/Unsafe
instanceKlass io/netty/util/internal/PlatformDependent0$1
instanceKlass java/nio/DirectByteBuffer$Deallocator
instanceKlass io/netty/util/internal/PlatformDependent0
instanceKlass io/netty/util/internal/PlatformDependent$ThreadLocalRandomProvider
instanceKlass io/netty/util/internal/Cleaner
instanceKlass io/netty/util/internal/shaded/org/jctools/queues/SupportsIterator
instanceKlass io/netty/util/internal/shaded/org/jctools/queues/QueueProgressIndicators
instanceKlass io/netty/util/internal/shaded/org/jctools/queues/IndexedQueueSizeUtil$IndexedQueue
instanceKlass io/netty/util/internal/shaded/org/jctools/queues/MessagePassingQueue
instanceKlass io/netty/util/internal/LongCounter
instanceKlass io/netty/util/internal/PlatformDependent
instanceKlass java/util/concurrent/atomic/AtomicIntegerFieldUpdater$AtomicIntegerFieldUpdaterImpl$1
instanceKlass java/util/concurrent/atomic/AtomicIntegerFieldUpdater
instanceKlass io/netty/util/concurrent/SingleThreadEventExecutor$1
instanceKlass io/netty/util/IntSupplier
instanceKlass java/nio/channels/Selector
instanceKlass io/netty/channel/ChannelPromise
instanceKlass io/netty/channel/ChannelFuture
instanceKlass io/netty/util/concurrent/ThreadProperties
instanceKlass io/netty/util/internal/ThreadExecutorMap$3
instanceKlass io/netty/util/concurrent/FastThreadLocal
instanceKlass io/netty/util/internal/ThreadExecutorMap
instanceKlass io/netty/util/internal/StringUtil
instanceKlass io/netty/util/concurrent/GlobalEventExecutor$TaskRunner
instanceKlass java/util/concurrent/Executors$RunnableAdapter
instanceKlass io/netty/util/concurrent/GlobalEventExecutor$1
instanceKlass io/netty/util/concurrent/PromiseTask$SentinelRunnable
instanceKlass io/netty/util/internal/PriorityQueueNode
instanceKlass io/netty/util/concurrent/AbstractScheduledEventExecutor$2
instanceKlass io/netty/util/concurrent/AbstractScheduledEventExecutor$1
instanceKlass io/netty/util/internal/PriorityQueue
instanceKlass io/netty/util/concurrent/ScheduledFuture
instanceKlass io/netty/util/concurrent/ProgressivePromise
instanceKlass io/netty/util/concurrent/ProgressiveFuture
instanceKlass java/util/concurrent/RunnableFuture
instanceKlass io/netty/util/internal/ThrowableUtil
instanceKlass io/netty/util/concurrent/DefaultFutureListeners
instanceKlass io/netty/util/concurrent/DefaultPromise$CauseHolder
instanceKlass io/netty/util/concurrent/AbstractFuture
instanceKlass io/netty/util/concurrent/EventExecutorChooserFactory$EventExecutorChooser
instanceKlass io/netty/util/concurrent/DefaultEventExecutorChooserFactory
instanceKlass io/netty/util/concurrent/ThreadPerTaskExecutor
instanceKlass io/netty/util/concurrent/RejectedExecutionHandlers$1
instanceKlass io/netty/util/concurrent/RejectedExecutionHandler
instanceKlass io/netty/util/concurrent/RejectedExecutionHandlers
instanceKlass io/netty/channel/DefaultSelectStrategyFactory
instanceKlass io/netty/channel/SelectStrategyFactory
instanceKlass sun/nio/ch/DefaultSelectorProvider
instanceKlass java/nio/channels/spi/SelectorProvider$1
instanceKlass java/nio/channels/spi/SelectorProvider
instanceKlass io/netty/util/NettyRuntime$AvailableProcessorsHolder
instanceKlass io/netty/util/NettyRuntime
instanceKlass io/netty/channel/EventLoop
instanceKlass io/netty/util/concurrent/OrderedEventExecutor
instanceKlass io/netty/util/concurrent/FutureListener
instanceKlass io/netty/util/concurrent/GenericFutureListener
instanceKlass io/netty/util/concurrent/EventExecutor
instanceKlass io/netty/util/concurrent/EventExecutorChooserFactory
instanceKlass java/util/concurrent/ScheduledFuture
instanceKlass java/util/concurrent/Delayed
instanceKlass io/netty/util/concurrent/AbstractEventExecutorGroup
instanceKlass io/netty/util/concurrent/DefaultThreadFactory
instanceKlass io/netty/util/DefaultAttributeMap
instanceKlass io/netty/channel/socket/SocketChannel
instanceKlass io/netty/channel/socket/DuplexChannel
instanceKlass org/apache/spark/network/util/NettyUtils$1
instanceKlass org/sparkproject/guava/base/Joiner
instanceKlass org/sparkproject/guava/collect/Multiset
instanceKlass org/sparkproject/guava/collect/Collections2
instanceKlass org/sparkproject/guava/collect/ImmutableCollection
instanceKlass org/sparkproject/guava/collect/Lists
instanceKlass org/apache/spark/network/client/TransportClientFactory
instanceKlass org/apache/spark/network/server/RpcHandler$NoopMergedBlockMetaReqHandler
instanceKlass org/apache/spark/network/server/RpcHandler$OneWayRpcCallback
instanceKlass org/apache/spark/network/server/RpcHandler$MergedBlockMetaReqHandler
instanceKlass org/apache/spark/network/client/RpcResponseCallback
instanceKlass org/apache/spark/network/client/BaseResponseCallback
instanceKlass io/netty/buffer/ByteBuf
instanceKlass io/netty/buffer/ByteBufConvertible
instanceKlass io/netty/util/ReferenceCounted
instanceKlass io/netty/util/internal/ObjectUtil
instanceKlass io/netty/util/internal/logging/Slf4JLoggerFactory$NopInstanceHolder
instanceKlass io/netty/util/internal/logging/AbstractInternalLogger
instanceKlass io/netty/util/internal/logging/InternalLogger
instanceKlass io/netty/util/internal/logging/InternalLoggerFactory
instanceKlass io/netty/util/internal/SystemPropertyUtil
instanceKlass io/netty/util/internal/UnpaddedInternalThreadLocalMap
instanceKlass io/netty/util/internal/TypeParameterMatcher
instanceKlass org/apache/spark/network/protocol/Message
instanceKlass org/apache/spark/network/protocol/Encodable
instanceKlass io/netty/util/concurrent/Promise
instanceKlass io/netty/util/concurrent/Future
instanceKlass io/netty/channel/ChannelHandlerAdapter
instanceKlass io/netty/channel/ChannelInboundHandler
instanceKlass io/netty/channel/ChannelOutboundHandler
instanceKlass org/apache/spark/network/util/NettyLogger
instanceKlass io/netty/channel/ChannelHandler
instanceKlass io/netty/channel/Channel
instanceKlass io/netty/channel/ChannelOutboundInvoker
instanceKlass io/netty/util/AttributeMap
instanceKlass org/apache/spark/network/TransportContext
instanceKlass org/apache/spark/network/buffer/ManagedBuffer
instanceKlass java/util/concurrent/CountDownLatch
instanceKlass org/apache/spark/rpc/netty/MessageLoop
instanceKlass org/apache/spark/rpc/netty/NettyRpcCallContext
instanceKlass org/apache/spark/rpc/RpcCallContext
instanceKlass org/apache/spark/rpc/netty/InboxMessage
instanceKlass org/apache/spark/rpc/netty/Dispatcher
instanceKlass org/apache/spark/network/util/TransportConf
instanceKlass org/apache/spark/network/netty/SparkTransportConf$$$Lambda$390
instanceKlass org/apache/spark/network/netty/SparkTransportConf$$$Lambda$389
instanceKlass java/lang/invoke/LambdaForm$MH
instanceKlass java/lang/invoke/LambdaForm$DMH
instanceKlass java/lang/invoke/LambdaForm$DMH
instanceKlass org/apache/spark/network/netty/SparkTransportConf$$$Lambda$388
instanceKlass java/lang/invoke/LambdaForm$DMH
instanceKlass io/netty/buffer/AbstractByteBufAllocator
instanceKlass io/netty/buffer/ByteBufAllocator
instanceKlass io/netty/buffer/ByteBufAllocatorMetricProvider
instanceKlass io/netty/channel/EventLoopGroup
instanceKlass io/netty/util/concurrent/EventExecutorGroup
instanceKlass org/apache/spark/network/util/NettyUtils
instanceKlass org/apache/spark/rpc/netty/NettyRpcEnv$$Lambda$387
instanceKlass org/apache/spark/network/util/ConfigProvider
instanceKlass org/apache/spark/network/netty/SparkTransportConf$
instanceKlass org/apache/spark/rpc/netty/NettyRpcEnv$$Lambda$386
instanceKlass org/apache/spark/rpc/RpcTimeout$$$Lambda$385
instanceKlass org/apache/spark/rpc/RpcTimeout$$$Lambda$384
instanceKlass org/apache/spark/rpc/RpcTimeout$
instanceKlass scala/concurrent/duration/Duration$$$Lambda$383
instanceKlass scala/concurrent/duration/Duration$$$Lambda$382
instanceKlass scala/concurrent/duration/Duration$$$Lambda$381
instanceKlass scala/concurrent/duration/Duration$$$Lambda$380
instanceKlass scala/concurrent/duration/Duration$
instanceKlass scala/concurrent/duration/package$DurationLong$
instanceKlass scala/concurrent/duration/package$
instanceKlass scala/concurrent/duration/package$DurationLong
instanceKlass scala/concurrent/duration/DurationConversions
instanceKlass org/apache/spark/rpc/RpcTimeout
instanceKlass org/apache/spark/util/RpcUtils$
instanceKlass org/apache/spark/network/server/StreamManager
instanceKlass org/apache/spark/network/server/RpcHandler
instanceKlass org/apache/spark/network/client/StreamCallback
instanceKlass org/apache/spark/rpc/RpcEndpointRef
instanceKlass org/apache/spark/rpc/netty/OutboxMessage
instanceKlass org/apache/spark/rpc/RpcEnvFileServer
instanceKlass org/apache/spark/serializer/DeserializationStream
instanceKlass org/apache/spark/serializer/SerializationStream
instanceKlass org/apache/spark/serializer/JavaSerializer$$Lambda$379
instanceKlass org/apache/spark/serializer/SerializerInstance
instanceKlass org/apache/spark/rpc/RpcEnv
instanceKlass org/apache/spark/rpc/netty/NettyRpcEnvFactory
instanceKlass org/apache/spark/rpc/RpcEnvFactory
instanceKlass org/apache/spark/rpc/RpcEnvConfig
instanceKlass org/apache/spark/SparkEnv$$$Lambda$378
instanceKlass org/apache/spark/rpc/RpcEnv$
instanceKlass org/apache/spark/SparkEnv$$$Lambda$377
instanceKlass org/apache/spark/SSLOptions$$$Lambda$376
instanceKlass org/apache/spark/SSLOptions
instanceKlass org/apache/spark/SSLOptions$
instanceKlass org/apache/spark/deploy/SparkHadoopUtil$$$Lambda$375
instanceKlass org/apache/spark/deploy/SparkHadoopUtil$$$Lambda$374
instanceKlass org/apache/spark/deploy/SparkHadoopUtil$$$Lambda$373
instanceKlass org/apache/spark/deploy/SparkHadoopUtil$$$Lambda$372
instanceKlass org/apache/spark/deploy/SparkHadoopUtil$$$Lambda$371
instanceKlass org/apache/spark/deploy/SparkHadoopUtil$$$Lambda$370
instanceKlass org/apache/spark/deploy/SparkHadoopUtil$$$Lambda$369
instanceKlass org/apache/spark/deploy/SparkHadoopUtil
instanceKlass org/apache/spark/deploy/SparkHadoopUtil$
instanceKlass org/apache/spark/SecurityManager$$Lambda$368
instanceKlass org/apache/spark/SecurityManager$$Lambda$367
instanceKlass org/apache/spark/SecurityManager$$Lambda$366
instanceKlass org/apache/spark/SecurityManager$$Lambda$365
instanceKlass org/apache/spark/SecurityManager$$Lambda$364
instanceKlass scala/collection/SetLike$$Lambda$363
instanceKlass org/apache/spark/internal/config/UI$$$Lambda$362
instanceKlass org/apache/spark/internal/config/UI$$$Lambda$361
instanceKlass org/apache/spark/internal/config/UI$
instanceKlass org/apache/spark/SecurityManager
instanceKlass org/apache/spark/SparkEnv$$$Lambda$360
instanceKlass org/apache/spark/internal/config/FallbackConfigEntry$$Lambda$359
instanceKlass org/apache/spark/SparkEnv$$$Lambda$358
instanceKlass org/apache/spark/SparkEnv$$$Lambda$357
instanceKlass scala/util/matching/Regex$
instanceKlass org/apache/spark/SparkMasterRegex$
instanceKlass java/io/Externalizable
instanceKlass org/apache/spark/serializer/Serializer
instanceKlass org/apache/spark/memory/MemoryManager
instanceKlass org/apache/spark/network/shuffle/BlockStoreClient
instanceKlass org/apache/spark/network/sasl/SecretKeyHolder
instanceKlass org/apache/spark/MapOutputTracker
instanceKlass org/apache/spark/SparkEnv$
instanceKlass org/apache/spark/SparkConf$$Lambda$356
instanceKlass org/apache/spark/scheduler/LiveListenerBusMetrics$$Lambda$355
instanceKlass org/apache/spark/scheduler/AsyncEventQueue$$anon$1
instanceKlass com/codahale/metrics/Histogram
instanceKlass com/codahale/metrics/EWMA
instanceKlass com/codahale/metrics/ExponentialMovingAverages
instanceKlass com/codahale/metrics/MovingAverages
instanceKlass com/codahale/metrics/Meter
instanceKlass com/codahale/metrics/Clock$UserTimeClockHolder
instanceKlass com/codahale/metrics/Clock
instanceKlass com/codahale/metrics/Snapshot
instanceKlass com/codahale/metrics/ExponentiallyDecayingReservoir
instanceKlass com/codahale/metrics/Timer
instanceKlass com/codahale/metrics/Sampling
instanceKlass com/codahale/metrics/Metered
instanceKlass org/apache/spark/scheduler/AsyncEventQueue$$Lambda$354
instanceKlass org/apache/spark/SparkConf$$Lambda$353
instanceKlass org/apache/spark/SparkConf$$Lambda$352
instanceKlass org/apache/spark/SparkConf$$Lambda$351
instanceKlass org/apache/spark/scheduler/LiveListenerBus$$Lambda$350
instanceKlass org/apache/spark/scheduler/AsyncEventQueue
instanceKlass org/apache/spark/scheduler/SparkListenerBus
instanceKlass org/apache/spark/util/ListenerBus
instanceKlass scala/collection/convert/Wrappers$IterableWrapperTrait
instanceKlass scala/collection/convert/DecorateAsScala$$Lambda$349
instanceKlass scala/util/DynamicVariable
instanceKlass org/apache/spark/scheduler/LiveListenerBus$
instanceKlass org/apache/spark/status/AppStatusStore
instanceKlass org/apache/spark/status/AppStatusListener$$Lambda$348
instanceKlass scala/runtime/java8/JFunction0$mcV$sp
instanceKlass org/apache/spark/status/AppStatusListener$$Lambda$347
instanceKlass org/apache/spark/status/StageDataWrapper
instanceKlass org/apache/spark/status/AppStatusListener$$Lambda$346
instanceKlass org/apache/spark/status/JobDataWrapper
instanceKlass org/apache/spark/status/ElementTrackingStore$LatchedTriggers
instanceKlass org/apache/spark/status/ElementTrackingStore$Trigger
instanceKlass org/apache/spark/status/AppStatusListener$$Lambda$345
instanceKlass scala/runtime/java8/JFunction1$mcVJ$sp
instanceKlass java/lang/invoke/LambdaForm$DMH
instanceKlass org/apache/spark/status/ExecutorSummaryWrapper
instanceKlass org/apache/spark/status/AppSummary
instanceKlass org/apache/spark/status/AppStatusListener$
instanceKlass org/apache/spark/status/LiveEntity
instanceKlass org/apache/spark/scheduler/SparkListener
instanceKlass java/util/concurrent/ThreadPoolExecutor$AbortPolicy
instanceKlass java/util/concurrent/RejectedExecutionHandler
instanceKlass org/sparkproject/guava/util/concurrent/ThreadFactoryBuilder$1
instanceKlass org/sparkproject/guava/util/concurrent/ThreadFactoryBuilder
instanceKlass scala/runtime/AbstractFunction0
instanceKlass scala/concurrent/impl/ExecutionContextImpl
instanceKlass scala/concurrent/impl/ExecutionContextImpl$
instanceKlass scala/concurrent/ExecutionContext$$$Lambda$344
instanceKlass java/util/concurrent/AbstractExecutorService
instanceKlass scala/concurrent/ExecutionContextExecutorService
instanceKlass scala/concurrent/ExecutionContext$
instanceKlass java/util/concurrent/ForkJoinPool$ForkJoinWorkerThreadFactory
instanceKlass scala/concurrent/Awaitable
instanceKlass scala/concurrent/duration/Duration
instanceKlass scala/concurrent/ExecutionContextExecutor
instanceKlass scala/concurrent/ExecutionContext
instanceKlass org/apache/spark/util/ThreadUtils$
instanceKlass org/apache/spark/status/ElementTrackingStore$WriteQueueResult
instanceKlass org/apache/spark/status/ElementTrackingStore
instanceKlass org/apache/spark/util/kvstore/InMemoryStore$InMemoryLists
instanceKlass org/apache/spark/util/kvstore/KVStoreView
instanceKlass org/apache/spark/status/KVUtils$$$Lambda$343
instanceKlass org/apache/spark/util/kvstore/InMemoryStore
instanceKlass org/apache/spark/status/KVUtils$$$Lambda$342
instanceKlass org/apache/spark/util/kvstore/KVStoreSerializer
instanceKlass org/apache/spark/status/KVUtils$
instanceKlass org/apache/spark/status/AppStatusStore$$$Lambda$341
instanceKlass org/apache/spark/status/AppStatusStore$$$Lambda$340
instanceKlass org/apache/spark/util/kvstore/KVStore
instanceKlass org/apache/spark/status/AppStatusStore$
instanceKlass org/apache/spark/status/AppStatusSource$$$Lambda$339
instanceKlass org/apache/spark/status/AppStatusSource
instanceKlass org/apache/spark/status/AppStatusSource$$$Lambda$338
instanceKlass org/apache/spark/internal/config/Status$
instanceKlass org/apache/spark/status/AppStatusSource$
instanceKlass org/apache/spark/internal/config/Tests$
instanceKlass org/apache/spark/scheduler/SparkListenerResourceProfileAdded
instanceKlass org/apache/spark/resource/ResourceProfileManager$$Lambda$337
instanceKlass org/apache/spark/resource/ResourceProfile$$Lambda$336
instanceKlass scala/collection/SeqLike$$Lambda$335
instanceKlass java/lang/invoke/LambdaForm$MH
instanceKlass org/apache/spark/resource/ResourceProfile$$Lambda$334
instanceKlass org/apache/spark/resource/ResourceProfile$$Lambda$333
instanceKlass scala/collection/MapLike$FilteredKeys$$Lambda$332
instanceKlass scala/collection/DefaultMap
instanceKlass scala/collection/immutable/DefaultMap
instanceKlass org/apache/spark/resource/ResourceProfile$$Lambda$331
instanceKlass org/apache/spark/resource/ResourceProfile$$Lambda$330
instanceKlass scala/Predef$any2stringadd$
instanceKlass scala/collection/MapLike$$Lambda$329
instanceKlass org/apache/spark/resource/ResourceProfile$$$Lambda$328
instanceKlass org/apache/spark/resource/ResourceProfile
instanceKlass org/apache/spark/resource/ResourceProfile$DefaultProfileExecutorResources
instanceKlass org/apache/spark/resource/ResourceProfile$$$Lambda$327
instanceKlass org/apache/spark/resource/ResourceProfile$$$Lambda$326
instanceKlass org/apache/spark/resource/ResourceProfile$$$Lambda$325
instanceKlass org/apache/spark/internal/config/ConfigEntry$$Lambda$324
instanceKlass org/apache/spark/resource/ResourceProfile$$$Lambda$323
instanceKlass org/apache/spark/internal/config/Python$
instanceKlass org/apache/spark/resource/ResourceProfile$$$Lambda$322
instanceKlass scala/runtime/AbstractPartialFunction
instanceKlass org/apache/spark/resource/ExecutorResourceRequest$
instanceKlass org/apache/spark/resource/ExecutorResourceRequest
instanceKlass org/apache/spark/resource/ResourceProfile$$$Lambda$321
instanceKlass org/apache/spark/resource/ResourceProfile$$$Lambda$320
instanceKlass org/apache/spark/resource/ResourceProfile$$$Lambda$319
instanceKlass org/apache/spark/resource/ExecutorResourceRequests
instanceKlass org/apache/spark/resource/ResourceUtils$$$Lambda$318
instanceKlass scala/collection/mutable/MapBuilder
instanceKlass org/apache/spark/resource/ResourceUtils$$$Lambda$317
instanceKlass org/apache/spark/resource/ResourceUtils$$$Lambda$316
instanceKlass org/apache/spark/resource/TaskResourceRequest$$Lambda$315
instanceKlass org/apache/spark/resource/TaskResourceRequest
instanceKlass org/apache/spark/resource/TaskResourceRequests
instanceKlass org/apache/spark/resource/ResourceProfile$
instanceKlass org/apache/spark/resource/ResourceProfileManager
instanceKlass com/codahale/metrics/Counter
instanceKlass com/codahale/metrics/Counting
instanceKlass com/codahale/metrics/Gauge
instanceKlass com/codahale/metrics/MetricRegistry$MetricBuilder$5
instanceKlass com/codahale/metrics/MetricRegistry$MetricBuilder$4
instanceKlass com/codahale/metrics/MetricRegistry$MetricBuilder$3
instanceKlass com/codahale/metrics/Reservoir
instanceKlass com/codahale/metrics/MetricRegistry$MetricBuilder$2
instanceKlass com/codahale/metrics/MetricRegistry$MetricBuilder$1
instanceKlass com/codahale/metrics/MetricRegistryListener
instanceKlass com/codahale/metrics/MetricRegistry$MetricBuilder
instanceKlass com/codahale/metrics/MetricRegistry
instanceKlass com/codahale/metrics/MetricSet
instanceKlass com/codahale/metrics/Metric
instanceKlass org/apache/spark/scheduler/LiveListenerBusMetrics
instanceKlass org/apache/spark/scheduler/LiveListenerBus
instanceKlass org/apache/spark/SparkContext$$Lambda$314
instanceKlass org/apache/spark/SparkContext$$Lambda$313
instanceKlass org/apache/spark/SparkContext$$Lambda$312
instanceKlass org/apache/spark/SparkContext$$Lambda$311
instanceKlass org/apache/spark/util/Utils$$$Lambda$310
instanceKlass org/apache/spark/SparkConf$$Lambda$309
instanceKlass org/apache/spark/SparkConf$$Lambda$308
instanceKlass java/lang/invoke/LambdaForm$MH
instanceKlass java/lang/invoke/LambdaForm$DMH
instanceKlass java/lang/invoke/LambdaForm$DMH
instanceKlass org/apache/spark/SparkConf$$Lambda$307
instanceKlass java/lang/invoke/LambdaForm$DMH
instanceKlass org/apache/spark/SparkConf$$Lambda$306
instanceKlass org/apache/spark/SparkContext$$Lambda$305
instanceKlass org/apache/spark/resource/ResourceUtils$$$Lambda$304
instanceKlass org/apache/spark/resource/ResourceUtils$$$Lambda$303
instanceKlass org/apache/spark/resource/ResourceUtils$$$Lambda$302
instanceKlass org/apache/spark/resource/ResourceUtils$$$Lambda$301
instanceKlass org/apache/spark/resource/ResourceUtils$$$Lambda$300
instanceKlass org/apache/spark/resource/ResourceUtils$$$Lambda$299
instanceKlass org/apache/spark/resource/ResourceUtils$$$Lambda$298
instanceKlass scala/collection/SeqLike$$Lambda$297
instanceKlass scala/collection/SeqLike$$Lambda$296
instanceKlass org/apache/spark/resource/ResourceUtils$$$Lambda$295
instanceKlass org/apache/spark/resource/ResourceUtils$$$Lambda$294
instanceKlass org/apache/spark/resource/ResourceAllocation
instanceKlass org/apache/spark/resource/ResourceUtils$$$Lambda$293
instanceKlass org/apache/spark/resource/ResourceUtils$$$Lambda$292
instanceKlass org/apache/spark/resource/ResourceUtils$$$Lambda$291
instanceKlass org/apache/spark/resource/ResourceRequest
instanceKlass scala/collection/mutable/Builder$$anon$1
instanceKlass scala/Proxy
instanceKlass scala/collection/mutable/ArraySeq$$$Lambda$290
instanceKlass scala/FallbackArrayBuilding$$anon$1
instanceKlass scala/Predef$DummyImplicit
instanceKlass scala/Predef$DummyImplicit$
instanceKlass org/apache/spark/resource/ResourceUtils$$$Lambda$289
instanceKlass org/apache/spark/resource/ResourceID
instanceKlass org/apache/spark/resource/ResourceUtils$$$Lambda$288
instanceKlass org/json4s/Formats
instanceKlass org/apache/spark/resource/ResourceUtils$
instanceKlass org/apache/spark/util/logging/DriverLogger$
instanceKlass org/apache/spark/launcher/JavaModuleOptions
instanceKlass org/apache/spark/SparkContext$$$Lambda$287
instanceKlass org/apache/spark/SparkContext$$$Lambda$286
instanceKlass org/apache/spark/SparkConf$$Lambda$285
instanceKlass org/apache/spark/SparkConf$$Lambda$284
instanceKlass org/apache/spark/SparkConf$$Lambda$283
instanceKlass java/lang/invoke/LambdaForm$MH
instanceKlass java/lang/invoke/LambdaForm$DMH
instanceKlass org/apache/spark/SparkConf$$Lambda$282
instanceKlass java/lang/invoke/LambdaForm$DMH
instanceKlass scala/util/matching/Regex$$Lambda$281
instanceKlass scala/util/matching/Regex$Replacement
instanceKlass org/apache/spark/internal/config/ConfigReader$$Lambda$280
instanceKlass java/util/regex/CharPredicates$$Lambda$279
instanceKlass org/apache/spark/internal/config/ConfigReader$
instanceKlass org/apache/spark/internal/config/ConfigEntryWithDefaultString$$Lambda$278
instanceKlass org/apache/spark/SparkConf$$Lambda$277
instanceKlass org/apache/spark/internal/config/Network$
instanceKlass java/lang/invoke/LambdaForm$MH
instanceKlass org/apache/spark/SparkConf$$Lambda$276
instanceKlass java/lang/invoke/LambdaForm$DMH
instanceKlass org/apache/spark/SparkConf$$Lambda$275
instanceKlass java/lang/invoke/LambdaForm$MH
instanceKlass java/lang/invoke/LambdaForm$DMH
instanceKlass java/lang/invoke/LambdaForm$DMH
instanceKlass org/apache/spark/SparkConf$$Lambda$274
instanceKlass scala/runtime/java8/JFunction0$mcD$sp
instanceKlass java/lang/invoke/LambdaForm$DMH
instanceKlass org/apache/spark/SparkConf$$Lambda$273
instanceKlass org/apache/spark/SparkConf$$Lambda$272
instanceKlass org/apache/spark/SparkConf$$Lambda$271
instanceKlass org/apache/spark/SparkConf$$Lambda$270
instanceKlass org/apache/spark/SparkConf$$Lambda$269
instanceKlass org/apache/spark/SparkContext$$Lambda$268
instanceKlass org/apache/spark/SparkConf$$Lambda$267
instanceKlass javax/security/auth/kerberos/KerberosPrincipal
instanceKlass org/apache/hadoop/security/User
instanceKlass java/util/LinkedList$ListItr
instanceKlass javax/security/auth/Subject$SecureSet$1
instanceKlass com/sun/security/auth/NTNumericCredential
instanceKlass com/sun/security/auth/NTDomainPrincipal
instanceKlass com/sun/security/auth/NTSid
instanceKlass com/sun/security/auth/module/NTSystem
instanceKlass com/sun/jmx/remote/security/FileLoginModule
instanceKlass com/sun/security/auth/module/NTLoginModule
instanceKlass javax/naming/ldap/LdapContext
instanceKlass javax/naming/directory/DirContext
instanceKlass com/sun/security/auth/module/LdapLoginModule
instanceKlass com/sun/security/auth/module/KeyStoreLoginModule
instanceKlass javax/naming/directory/Attributes
instanceKlass com/sun/security/auth/module/JndiLoginModule
instanceKlass com/sun/security/auth/module/UnixLoginModule
instanceKlass javax/security/auth/callback/CallbackHandler
instanceKlass com/sun/security/auth/module/Krb5LoginModule
instanceKlass java/util/ServiceLoader$ProviderSpliterator
instanceKlass javax/security/auth/login/LoginContext$$Lambda$266
instanceKlass javax/security/auth/login/LoginContext$4
instanceKlass javax/security/auth/Subject$SecureSet
instanceKlass org/apache/hadoop/util/Time
instanceKlass javax/security/auth/login/LoginContext$3
instanceKlass javax/security/auth/login/LoginContext$2
instanceKlass javax/security/auth/login/LoginContext$ModuleInfo
instanceKlass javax/security/auth/login/AppConfigurationEntry$LoginModuleControlFlag
instanceKlass javax/security/auth/login/AppConfigurationEntry
instanceKlass sun/security/util/ObjectIdentifier
instanceKlass org/ietf/jgss/Oid
instanceKlass org/apache/hadoop/security/authentication/util/KerberosUtil
instanceKlass javax/security/auth/Subject$1
instanceKlass jdk/internal/module/SystemModuleFinders$SystemModuleReader$$Lambda$265
instanceKlass java/util/ResourceBundle$ResourceBundleProviderHelper$$Lambda$264
instanceKlass java/util/ResourceBundle$ResourceBundleProviderHelper$$Lambda$263
instanceKlass java/util/ResourceBundle$3
instanceKlass java/util/ResourceBundle$CacheKeyReference
instanceKlass java/util/ResourceBundle$CacheKey
instanceKlass java/util/ResourceBundle$$Lambda$262
instanceKlass sun/security/util/ResourcesMgr$$Lambda$261
instanceKlass java/lang/invoke/LambdaForm$MH
instanceKlass java/lang/invoke/LambdaForm$MH
instanceKlass sun/security/util/InjectedInvoker
instanceKlass java/lang/invoke/LambdaForm$MH
instanceKlass java/lang/invoke/LambdaForm$MH
instanceKlass sun/security/util/ResourcesMgr
instanceKlass javax/security/auth/Subject
instanceKlass org/apache/hadoop/thirdparty/com/google/common/cache/LocalCache$AbstractReferenceEntry
instanceKlass org/apache/hadoop/thirdparty/com/google/common/cache/LocalCache$LoadingValueReference
instanceKlass org/apache/hadoop/thirdparty/com/google/common/cache/RemovalListener
instanceKlass org/apache/hadoop/thirdparty/com/google/common/cache/Weigher
instanceKlass org/apache/hadoop/thirdparty/com/google/common/cache/LocalCache$1
instanceKlass org/apache/hadoop/thirdparty/com/google/common/cache/LocalCache$ValueReference
instanceKlass org/apache/hadoop/thirdparty/com/google/common/cache/ReferenceEntry
instanceKlass org/apache/hadoop/thirdparty/com/google/common/cache/LocalCache$LocalManualCache
instanceKlass org/apache/hadoop/thirdparty/com/google/common/util/concurrent/FutureCallback
instanceKlass org/apache/hadoop/thirdparty/com/google/common/cache/CacheBuilder$2
instanceKlass org/apache/hadoop/thirdparty/com/google/common/cache/CacheStats
instanceKlass org/apache/hadoop/thirdparty/com/google/common/base/Suppliers$SupplierOfInstance
instanceKlass org/apache/hadoop/thirdparty/com/google/common/base/Suppliers
instanceKlass org/apache/hadoop/thirdparty/com/google/common/cache/CacheBuilder$1
instanceKlass org/apache/hadoop/thirdparty/com/google/common/cache/AbstractCache$StatsCounter
instanceKlass org/apache/hadoop/thirdparty/com/google/common/cache/LoadingCache
instanceKlass org/apache/hadoop/thirdparty/com/google/common/cache/Cache
instanceKlass org/apache/hadoop/thirdparty/com/google/common/base/Supplier
instanceKlass org/apache/hadoop/thirdparty/com/google/common/cache/CacheBuilder
instanceKlass org/apache/hadoop/mapred/JobConfigurable
instanceKlass org/apache/hadoop/shaded/org/apache/commons/collections/keyvalue/AbstractMapEntryDecorator
instanceKlass org/apache/hadoop/shaded/org/apache/commons/collections/KeyValue
instanceKlass org/apache/hadoop/shaded/org/apache/commons/collections/iterators/AbstractIteratorDecorator
instanceKlass org/apache/hadoop/shaded/org/apache/commons/collections/collection/AbstractCollectionDecorator
instanceKlass org/apache/hadoop/fs/Abortable
instanceKlass org/apache/hadoop/fs/Syncable
instanceKlass org/apache/hadoop/mapreduce/Mapper
instanceKlass org/apache/hadoop/mapreduce/Partitioner
instanceKlass org/apache/hadoop/io/WritableComparator
instanceKlass org/apache/hadoop/mapreduce/RecordWriter
instanceKlass org/apache/hadoop/mapreduce/TaskAttemptContext
instanceKlass org/apache/hadoop/util/Progressable
instanceKlass org/apache/hadoop/mapreduce/OutputCommitter
instanceKlass org/apache/hadoop/mapreduce/JobContext
instanceKlass org/apache/hadoop/mapreduce/MRJobConfig
instanceKlass org/apache/hadoop/mapreduce/OutputFormat
instanceKlass org/apache/hadoop/mapreduce/util/ConfigUtil
instanceKlass org/apache/hadoop/io/RawComparator
instanceKlass org/apache/hadoop/util/PerformanceAdvisory
instanceKlass org/apache/hadoop/util/NativeCodeLoader
instanceKlass org/apache/hadoop/security/JniBasedUnixGroupsMappingWithFallback
instanceKlass org/apache/hadoop/security/GroupMappingServiceProvider
instanceKlass org/apache/hadoop/util/Timer
instanceKlass org/apache/hadoop/thirdparty/com/google/common/cache/CacheLoader
instanceKlass org/apache/hadoop/thirdparty/com/google/common/base/Ticker
instanceKlass org/apache/hadoop/security/authentication/util/KerberosName$Rule
instanceKlass org/apache/hadoop/security/HadoopKerberosName$1
instanceKlass java/util/regex/CharPredicates$$Lambda$260
instanceKlass java/util/regex/Pattern$CharPredicate$$Lambda$259
instanceKlass java/lang/invoke/LambdaForm$DMH
instanceKlass org/apache/hadoop/security/authentication/util/KerberosName
instanceKlass org/apache/hadoop/security/SecurityInfo
instanceKlass org/apache/hadoop/security/SecurityUtil$StandardHostResolver
instanceKlass org/apache/hadoop/util/Shell
instanceKlass org/apache/hadoop/util/StringUtils
instanceKlass org/apache/hadoop/shaded/com/ctc/wstx/io/BufferRecycler
instanceKlass org/apache/hadoop/conf/Configuration$ParsedItem
instanceKlass org/apache/hadoop/thirdparty/com/google/common/collect/MapMakerInternalMap$StrongKeyDummyValueEntry$Helper
instanceKlass org/apache/hadoop/thirdparty/com/google/common/base/MoreObjects
instanceKlass org/apache/hadoop/thirdparty/com/google/common/collect/MapMakerInternalMap$InternalEntry
instanceKlass org/apache/hadoop/thirdparty/com/google/common/collect/MapMakerInternalMap$1
instanceKlass org/apache/hadoop/thirdparty/com/google/common/collect/MapMakerInternalMap$WeakValueReference
instanceKlass org/apache/hadoop/thirdparty/com/google/common/collect/MapMakerInternalMap$InternalEntryHelper
instanceKlass org/apache/hadoop/thirdparty/com/google/common/base/Predicate
instanceKlass org/apache/hadoop/thirdparty/com/google/common/base/Equivalence
instanceKlass java/util/function/BiPredicate
instanceKlass org/apache/hadoop/thirdparty/com/google/common/collect/Interners$InternerImpl
instanceKlass org/apache/hadoop/thirdparty/com/google/common/collect/MapMaker
instanceKlass org/apache/hadoop/thirdparty/com/google/common/collect/Interner
instanceKlass org/apache/hadoop/thirdparty/com/google/common/collect/Interners$InternerBuilder
instanceKlass org/apache/hadoop/thirdparty/com/google/common/collect/Interners
instanceKlass org/apache/hadoop/util/StringInterner
instanceKlass org/apache/hadoop/shaded/com/ctc/wstx/sr/Element
instanceKlass org/apache/hadoop/conf/Configuration$Parser
instanceKlass org/apache/hadoop/shaded/com/ctc/wstx/util/TextBuffer
instanceKlass org/apache/hadoop/shaded/com/ctc/wstx/util/TextBuilder
instanceKlass org/apache/hadoop/shaded/com/ctc/wstx/sr/AttributeCollector
instanceKlass org/apache/hadoop/shaded/com/ctc/wstx/util/StringVector
instanceKlass org/apache/hadoop/shaded/com/ctc/wstx/util/BaseNsContext
instanceKlass org/apache/hadoop/shaded/org/codehaus/stax2/validation/XMLValidator
instanceKlass org/apache/hadoop/shaded/com/ctc/wstx/sr/InputElementStack
instanceKlass org/apache/hadoop/shaded/com/ctc/wstx/sr/NsDefaultProvider
instanceKlass org/apache/hadoop/shaded/org/codehaus/stax2/validation/ValidationContext
instanceKlass org/apache/hadoop/shaded/org/codehaus/stax2/validation/DTDValidationSchema
instanceKlass org/apache/hadoop/shaded/org/codehaus/stax2/validation/XMLValidationSchema
instanceKlass org/apache/hadoop/shaded/org/codehaus/stax2/typed/TypedArrayDecoder
instanceKlass org/apache/hadoop/shaded/org/codehaus/stax2/typed/TypedValueDecoder
instanceKlass javax/xml/namespace/NamespaceContext
instanceKlass org/apache/hadoop/shaded/org/codehaus/stax2/AttributeInfo
instanceKlass org/apache/hadoop/shaded/org/codehaus/stax2/ri/evt/BaseEventImpl
instanceKlass org/apache/hadoop/shaded/org/codehaus/stax2/evt/XMLEvent2
instanceKlass javax/xml/stream/events/EntityDeclaration
instanceKlass javax/xml/stream/events/XMLEvent
instanceKlass org/apache/hadoop/shaded/org/codehaus/stax2/XMLStreamLocation2
instanceKlass org/apache/hadoop/shaded/com/ctc/wstx/io/WstxInputData
instanceKlass org/apache/hadoop/shaded/com/ctc/wstx/cfg/ParsingErrorMsgs
instanceKlass org/apache/hadoop/shaded/com/ctc/wstx/sr/InputProblemReporter
instanceKlass org/apache/hadoop/shaded/org/codehaus/stax2/LocationInfo
instanceKlass org/apache/hadoop/shaded/org/codehaus/stax2/DTDInfo
instanceKlass org/apache/hadoop/shaded/com/ctc/wstx/sr/StreamReaderImpl
instanceKlass org/apache/hadoop/shaded/com/ctc/wstx/io/WstxInputSource
instanceKlass org/apache/hadoop/shaded/com/ctc/wstx/io/InputSourceFactory
instanceKlass javax/xml/stream/Location
instanceKlass org/apache/hadoop/shaded/com/ctc/wstx/io/SystemId
instanceKlass org/apache/hadoop/conf/Configuration$Resource
instanceKlass org/apache/hadoop/security/SecurityUtil$HostResolver
instanceKlass org/apache/hadoop/security/SecurityUtil
instanceKlass java/util/WeakHashMap$HashIterator
instanceKlass org/apache/hadoop/shaded/org/apache/commons/collections/MapIterator
instanceKlass org/apache/hadoop/shaded/org/apache/commons/collections/map/AbstractMapDecorator
instanceKlass org/apache/hadoop/shaded/org/apache/commons/collections/Unmodifiable
instanceKlass org/apache/hadoop/shaded/org/apache/commons/collections/IterableMap
instanceKlass org/apache/hadoop/conf/Configuration$DeprecatedKeyInfo
instanceKlass org/apache/hadoop/conf/Configuration$DeprecationContext
instanceKlass org/apache/hadoop/conf/Configuration$DeprecationDelta
instanceKlass org/apache/hadoop/shaded/com/ctc/wstx/api/WstxInputProperties$ParsingMode
instanceKlass org/apache/hadoop/shaded/com/ctc/wstx/api/WstxInputProperties
instanceKlass org/apache/hadoop/shaded/com/ctc/wstx/api/CommonConfig
instanceKlass org/apache/hadoop/shaded/com/ctc/wstx/util/SymbolTable$Bucket
instanceKlass org/apache/hadoop/shaded/com/ctc/wstx/util/SymbolTable
instanceKlass org/apache/hadoop/shaded/com/ctc/wstx/util/DefaultXmlSymbolTable
instanceKlass javax/xml/stream/util/XMLEventAllocator
instanceKlass org/apache/hadoop/shaded/org/codehaus/stax2/XMLEventReader2
instanceKlass javax/xml/stream/XMLEventReader
instanceKlass org/apache/hadoop/shaded/org/codehaus/stax2/XMLStreamReader2
instanceKlass org/apache/hadoop/shaded/org/codehaus/stax2/validation/Validatable
instanceKlass org/apache/hadoop/shaded/org/codehaus/stax2/typed/TypedXMLStreamReader
instanceKlass javax/xml/stream/XMLInputFactory
instanceKlass org/apache/hadoop/shaded/org/codehaus/stax2/XMLStreamProperties
instanceKlass org/apache/hadoop/shaded/com/ctc/wstx/cfg/InputConfigFlags
instanceKlass org/apache/hadoop/shaded/com/ctc/wstx/sr/ReaderCreator
instanceKlass org/apache/hadoop/conf/Configuration$NegativeCacheSentinel
instanceKlass javax/xml/stream/XMLStreamReader
instanceKlass javax/xml/stream/XMLStreamConstants
instanceKlass org/apache/hadoop/shaded/com/ctc/wstx/io/InputBootstrapper
instanceKlass org/w3c/dom/Node
instanceKlass org/apache/hadoop/conf/Configured
instanceKlass org/apache/hadoop/conf/Configurable
instanceKlass org/apache/hadoop/fs/PathCapabilities
instanceKlass org/apache/hadoop/security/token/DelegationTokenIssuer
instanceKlass com/sun/security/auth/NTUserPrincipal
instanceKlass org/apache/hadoop/util/PlatformName
instanceKlass org/apache/hadoop/metrics2/impl/MetricsSystemImpl$3
instanceKlass org/apache/hadoop/metrics2/MetricsSystem$AbstractCallback
instanceKlass org/apache/hadoop/metrics2/lib/UniqueNames$Count
instanceKlass org/apache/hadoop/metrics2/lib/MetricsSourceBuilder$1
instanceKlass java/lang/WeakPairMap$$Lambda$258
instanceKlass java/lang/Module$$Lambda$257
instanceKlass java/lang/module/ModuleDescriptor$Builder$$Lambda$256
instanceKlass jdk/internal/module/Checks
instanceKlass java/lang/module/ModuleDescriptor$Builder
instanceKlass java/lang/reflect/Proxy$ProxyBuilder$$Lambda$255
instanceKlass jdk/internal/HotSpotIntrinsicCandidate
instanceKlass org/apache/hadoop/metrics2/util/SampleStat$MinMax
instanceKlass org/apache/hadoop/metrics2/util/SampleStat
instanceKlass java/util/regex/CharPredicates$$Lambda$254
instanceKlass java/lang/Character$Subset
instanceKlass org/apache/hadoop/shaded/org/apache/commons/lang3/StringUtils
instanceKlass org/apache/hadoop/metrics2/annotation/Metric
instanceKlass org/apache/hadoop/metrics2/MetricsTag
instanceKlass org/apache/hadoop/security/UserGroupInformation$HadoopLoginModule
instanceKlass javax/security/auth/spi/LoginModule
instanceKlass org/apache/hadoop/security/UserGroupInformation$RealUser
instanceKlass javax/security/auth/login/Configuration$Parameters
instanceKlass javax/security/auth/login/Configuration
instanceKlass org/apache/hadoop/classification/InterfaceStability$Evolving
instanceKlass org/apache/hadoop/classification/InterfaceAudience$Public
instanceKlass org/apache/hadoop/metrics2/annotation/Metrics
instanceKlass org/apache/hadoop/util/ReflectionUtils$2
instanceKlass org/apache/hadoop/util/ReflectionUtils
instanceKlass org/apache/hadoop/metrics2/lib/MutableMetric
instanceKlass org/apache/hadoop/metrics2/lib/MutableMetricsFactory
instanceKlass org/apache/hadoop/metrics2/lib/MetricsSourceBuilder
instanceKlass org/apache/hadoop/metrics2/lib/MetricsAnnotations
instanceKlass org/apache/hadoop/thirdparty/com/google/common/base/Joiner
instanceKlass org/apache/hadoop/metrics2/lib/UniqueNames
instanceKlass org/apache/hadoop/metrics2/MetricsRecordBuilder
instanceKlass org/apache/hadoop/metrics2/impl/MetricsCollectorImpl
instanceKlass org/apache/hadoop/metrics2/MetricsCollector
instanceKlass org/apache/hadoop/thirdparty/com/google/common/collect/Lists
instanceKlass org/apache/hadoop/thirdparty/com/google/common/base/Java8Usage$$Lambda$253
instanceKlass org/apache/hadoop/thirdparty/com/google/common/base/Java8Usage
instanceKlass org/apache/hadoop/thirdparty/com/google/common/base/Preconditions
instanceKlass org/apache/hadoop/metrics2/lib/MetricsInfoImpl
instanceKlass org/apache/hadoop/metrics2/lib/Interns$CacheWith2Keys
instanceKlass org/apache/hadoop/metrics2/lib/Interns
instanceKlass org/apache/hadoop/thirdparty/com/google/common/collect/SortedMapDifference
instanceKlass org/apache/hadoop/thirdparty/com/google/common/collect/MapDifference
instanceKlass org/apache/hadoop/thirdparty/com/google/common/collect/Maps$EntryTransformer
instanceKlass org/apache/hadoop/thirdparty/com/google/common/base/Converter
instanceKlass org/apache/hadoop/thirdparty/com/google/common/collect/ImmutableMap
instanceKlass org/apache/hadoop/thirdparty/com/google/common/collect/UnmodifiableIterator
instanceKlass org/apache/hadoop/thirdparty/com/google/common/base/Function
instanceKlass org/apache/hadoop/thirdparty/com/google/common/collect/BiMap
instanceKlass org/apache/hadoop/thirdparty/com/google/common/collect/Maps
instanceKlass org/apache/hadoop/metrics2/lib/MetricsRegistry
instanceKlass org/apache/hadoop/metrics2/MetricsSystem$Callback
instanceKlass org/apache/hadoop/metrics2/MetricsInfo
instanceKlass java/util/TimerTask
instanceKlass org/apache/hadoop/shaded/org/apache/commons/configuration2/Configuration
instanceKlass org/apache/hadoop/shaded/org/apache/commons/configuration2/sync/SynchronizerSupport
instanceKlass org/apache/hadoop/shaded/org/apache/commons/configuration2/ImmutableConfiguration
instanceKlass org/apache/hadoop/metrics2/MetricsSystem
instanceKlass org/apache/hadoop/metrics2/MetricsSystemMXBean
instanceKlass org/apache/hadoop/metrics2/MetricsSource
instanceKlass org/apache/hadoop/security/UserGroupInformation$UgiMetrics
instanceKlass javax/security/auth/login/LoginContext
instanceKlass org/apache/hadoop/security/UserGroupInformation$AutoRenewalForUserCredsRunnable
instanceKlass org/apache/hadoop/security/Groups
instanceKlass org/apache/hadoop/security/UserGroupInformation
instanceKlass org/apache/spark/util/Utils$$$Lambda$252
instanceKlass scala/collection/convert/DecorateAsScala$$Lambda$251
instanceKlass org/apache/spark/SparkContext$$Lambda$250
instanceKlass org/apache/spark/SparkContext$$Lambda$249
instanceKlass org/apache/logging/log4j/core/impl/MutableLogEvent
instanceKlass org/apache/logging/log4j/message/ParameterVisitable
instanceKlass org/apache/logging/log4j/message/ReusableMessage
instanceKlass org/apache/logging/log4j/core/impl/ReusableLogEventFactory
instanceKlass org/apache/logging/log4j/core/layout/ByteBufferDestinationHelper
instanceKlass org/apache/logging/log4j/core/layout/TextEncoderHelper
instanceKlass java/time/Instant
instanceKlass java/time/temporal/Temporal
instanceKlass java/time/ZoneId
instanceKlass java/time/temporal/TemporalAdjuster
instanceKlass java/time/Clock
instanceKlass org/apache/logging/log4j/message/TimestampMessage
instanceKlass org/apache/logging/log4j/message/LoggerNameAwareMessage
instanceKlass org/apache/logging/log4j/core/impl/ContextDataFactory
instanceKlass scala/util/matching/Regex$Match$$Lambda$248
instanceKlass scala/collection/immutable/VectorBuilder
instanceKlass scala/util/matching/Regex$Match$$Lambda$247
instanceKlass scala/runtime/java8/JFunction1$mcII$sp
instanceKlass scala/util/matching/Regex$Match
instanceKlass scala/util/matching/Regex$MatchData
instanceKlass org/apache/spark/util/VersionUtils$
instanceKlass scala/Tuple7
instanceKlass scala/Product7
instanceKlass org/apache/spark/SparkBuildInfo$
instanceKlass org/apache/spark/package$
instanceKlass org/apache/logging/log4j/core/jmx/LoggerConfigAdmin
instanceKlass org/apache/logging/log4j/core/jmx/LoggerConfigAdminMBean
instanceKlass org/apache/logging/log4j/util/EnglishEnums
instanceKlass org/apache/logging/log4j/core/config/plugins/convert/EnumConverter
instanceKlass org/apache/logging/log4j/core/filter/AbstractFilterable$Builder
instanceKlass org/apache/logging/log4j/core/layout/PatternLayout$NoFormatPatternSerializer
instanceKlass org/apache/logging/log4j/core/util/datetime/FastDateParser$StrategyAndWidth
instanceKlass org/apache/logging/log4j/core/util/datetime/FastDateParser$StrategyParser
instanceKlass org/apache/logging/log4j/core/util/datetime/FastDateParser$$Lambda$245
instanceKlass java/lang/invoke/LambdaForm$DMH
instanceKlass sun/util/locale/Extension
instanceKlass sun/util/locale/LocaleExtensions
instanceKlass org/apache/logging/log4j/core/util/datetime/FastDateParser$Strategy
instanceKlass org/apache/logging/log4j/core/util/datetime/FastDateParser
instanceKlass org/apache/logging/log4j/core/util/datetime/FastDatePrinter$TwoDigitNumberField
instanceKlass org/apache/logging/log4j/core/util/datetime/FastDatePrinter$TwoDigitMonthField
instanceKlass org/apache/logging/log4j/core/util/datetime/FastDatePrinter$CharacterLiteral
instanceKlass org/apache/logging/log4j/core/util/datetime/FastDatePrinter$TwoDigitYearField
instanceKlass org/apache/logging/log4j/core/util/datetime/FastDatePrinter$NumberRule
instanceKlass org/apache/logging/log4j/core/util/datetime/FastDatePrinter$Rule
instanceKlass org/apache/logging/log4j/core/util/datetime/FastDatePrinter
instanceKlass org/apache/logging/log4j/core/util/datetime/FormatCache$MultipartKey
instanceKlass org/apache/logging/log4j/core/util/datetime/FormatCache
instanceKlass org/apache/logging/log4j/core/util/datetime/Format
instanceKlass org/apache/logging/log4j/core/util/datetime/DatePrinter
instanceKlass org/apache/logging/log4j/core/util/datetime/DateParser
instanceKlass org/apache/logging/log4j/core/config/Loggers
instanceKlass org/apache/logging/log4j/core/config/LoggerConfig$RootLogger$Builder
instanceKlass java/lang/Character$CharacterCache
instanceKlass org/apache/logging/log4j/core/config/plugins/PluginAttribute
instanceKlass org/apache/logging/log4j/core/config/plugins/PluginFactory
instanceKlass org/apache/logging/log4j/core/config/AwaitCompletionReliabilityStrategy
instanceKlass org/apache/logging/log4j/core/config/ReliabilityStrategyFactory
instanceKlass org/apache/logging/log4j/core/util/Assert
instanceKlass org/apache/logging/log4j/core/config/plugins/validation/ConstraintValidators
instanceKlass org/apache/logging/log4j/core/config/plugins/PluginConfiguration
instanceKlass org/apache/logging/log4j/core/config/plugins/PluginElement
instanceKlass org/apache/logging/log4j/core/config/plugins/validation/validators/RequiredValidator
instanceKlass org/apache/logging/log4j/core/config/plugins/validation/ConstraintValidator
instanceKlass org/apache/logging/log4j/core/config/plugins/validation/Constraint
instanceKlass org/apache/logging/log4j/core/config/plugins/validation/constraints/Required
instanceKlass org/apache/logging/log4j/util/StringBuilders
instanceKlass org/apache/logging/log4j/core/appender/rolling/action/Duration
instanceKlass org/apache/logging/log4j/core/util/CronExpression
instanceKlass java/lang/reflect/WildcardType
instanceKlass sun/reflect/generics/tree/Wildcard
instanceKlass sun/reflect/generics/tree/BottomSignature
instanceKlass sun/reflect/generics/tree/CharSignature
instanceKlass sun/reflect/generics/tree/ArrayTypeSignature
instanceKlass sun/reflect/generics/tree/ByteSignature
instanceKlass org/apache/logging/log4j/core/config/plugins/convert/TypeConverterRegistry
instanceKlass org/apache/logging/log4j/core/config/plugins/convert/TypeConverters
instanceKlass org/apache/logging/log4j/core/config/plugins/visitors/AbstractPluginVisitor
instanceKlass org/apache/logging/log4j/core/config/plugins/visitors/PluginVisitor
instanceKlass sun/reflect/annotation/AnnotationParser$$Lambda$244
instanceKlass org/apache/logging/log4j/core/config/plugins/visitors/PluginVisitors
instanceKlass org/apache/logging/log4j/core/config/plugins/PluginVisitorStrategy
instanceKlass org/apache/logging/log4j/core/config/plugins/PluginBuilderAttribute
instanceKlass org/apache/logging/log4j/core/util/TypeUtil
instanceKlass org/apache/logging/log4j/core/config/plugins/PluginBuilderFactory
instanceKlass org/apache/logging/log4j/core/config/LoggerConfig$Builder
instanceKlass org/apache/logging/log4j/core/config/LoggerConfig$LevelAndRefs
instanceKlass org/apache/logging/log4j/core/config/plugins/util/PluginBuilder
instanceKlass org/apache/logging/log4j/core/config/plugins/PluginAliases
instanceKlass org/apache/logging/log4j/core/config/Scheduled
instanceKlass java/util/concurrent/LinkedBlockingQueue$Itr
instanceKlass org/apache/logging/log4j/status/StatusConsoleListener
instanceKlass org/apache/logging/log4j/core/config/status/StatusConfiguration
instanceKlass org/apache/logging/log4j/core/config/plugins/util/ResolverUtil
instanceKlass org/apache/logging/log4j/core/config/builder/impl/DefaultComponentBuilder
instanceKlass org/apache/logging/log4j/core/config/builder/api/Component
instanceKlass org/apache/logging/log4j/core/config/builder/api/FilterComponentBuilder
instanceKlass javax/xml/transform/Source
instanceKlass javax/xml/transform/Result
instanceKlass org/apache/logging/log4j/core/config/builder/api/KeyValuePairComponentBuilder
instanceKlass org/apache/logging/log4j/core/config/builder/api/CustomLevelComponentBuilder
instanceKlass org/apache/logging/log4j/core/config/builder/api/ScriptFileComponentBuilder
instanceKlass org/apache/logging/log4j/core/config/builder/api/AppenderRefComponentBuilder
instanceKlass org/apache/logging/log4j/core/config/builder/api/LayoutComponentBuilder
instanceKlass org/apache/logging/log4j/core/config/builder/api/RootLoggerComponentBuilder
instanceKlass org/apache/logging/log4j/core/config/builder/api/AppenderComponentBuilder
instanceKlass org/apache/logging/log4j/core/config/builder/api/ScriptComponentBuilder
instanceKlass org/apache/logging/log4j/core/config/builder/api/PropertyComponentBuilder
instanceKlass org/apache/logging/log4j/core/config/builder/api/LoggerComponentBuilder
instanceKlass org/apache/logging/log4j/core/config/builder/impl/DefaultConfigurationBuilder
instanceKlass org/apache/logging/log4j/core/config/Reconfigurable
instanceKlass org/apache/logging/log4j/core/config/builder/api/LoggableComponentBuilder
instanceKlass org/apache/logging/log4j/core/config/builder/api/FilterableComponentBuilder
instanceKlass org/apache/logging/log4j/core/config/builder/api/ComponentBuilder
instanceKlass org/apache/logging/log4j/core/util/Source
instanceKlass org/apache/logging/log4j/core/net/UrlConnectionFactory
instanceKlass org/apache/logging/log4j/core/util/FileUtils
instanceKlass org/apache/logging/log4j/message/Clearable
instanceKlass java/text/DontCareFieldPosition$1
instanceKlass java/text/Format$FieldDelegate
instanceKlass java/text/DigitList
instanceKlass java/text/FieldPosition
instanceKlass sun/util/locale/provider/JRELocaleProviderAdapter$$Lambda$241
instanceKlass sun/util/locale/provider/JRELocaleProviderAdapter$$Lambda$240
instanceKlass java/text/DateFormatSymbols
instanceKlass java/text/AttributedCharacterIterator$Attribute
instanceKlass org/apache/logging/log4j/message/SimpleMessage
instanceKlass org/apache/logging/log4j/core/impl/ContextAnchor
instanceKlass org/apache/logging/log4j/util/StackLocator$$Lambda$238
instanceKlass org/apache/logging/log4j/util/StackLocator$$Lambda$237
instanceKlass org/apache/logging/log4j/util/StackLocator$$Lambda$236
instanceKlass org/apache/logging/log4j/util/StackLocator$$Lambda$235
instanceKlass org/apache/logging/log4j/util/StackLocator$$Lambda$234
instanceKlass java/util/logging/LogManager$CloseOnReset
instanceKlass java/util/logging/StreamHandler$1
instanceKlass java/util/logging/Handler$1
instanceKlass java/util/logging/ErrorManager
instanceKlass jdk/internal/logger/SimpleConsoleLogger$Formatting
instanceKlass sun/util/logging/PlatformLogger
instanceKlass java/util/logging/SimpleFormatter$$Lambda$233
instanceKlass java/util/logging/Formatter
instanceKlass java/util/logging/LogRecord
instanceKlass org/apache/spark/util/SparkClassUtils$$Lambda$232
instanceKlass org/apache/spark/util/SparkClassUtils$
instanceKlass org/apache/spark/internal/Logging$
instanceKlass org/apache/spark/SparkContext$$Lambda$231
instanceKlass org/apache/spark/SparkContext$$$Lambda$230
instanceKlass org/apache/spark/SparkContext$$$Lambda$229
instanceKlass org/apache/spark/SparkContext$$$Lambda$228
instanceKlass org/apache/spark/SparkContext$$$Lambda$227
instanceKlass org/apache/spark/util/CallSite
instanceKlass java/lang/invoke/LambdaForm$MH
instanceKlass org/apache/spark/util/Utils$$$Lambda$226
instanceKlass java/lang/StackTraceElement$HashedModules
instanceKlass scala/runtime/BooleanRef
instanceKlass scala/runtime/IntRef
instanceKlass scala/runtime/ObjectRef
instanceKlass org/apache/spark/util/Utils$$$Lambda$225
instanceKlass org/apache/spark/rpc/RpcEndpoint
instanceKlass org/apache/hadoop/conf/Configuration
instanceKlass org/apache/hadoop/io/Writable
instanceKlass org/apache/spark/metrics/source/Source
instanceKlass org/apache/spark/scheduler/SparkListenerEvent
instanceKlass org/apache/spark/util/AccumulatorV2
instanceKlass org/apache/spark/rdd/RDD
instanceKlass org/apache/spark/sql/SparkSession$Builder$$Lambda$224
instanceKlass org/apache/spark/SparkContext
instanceKlass org/apache/spark/TaskContext$
instanceKlass org/apache/spark/internal/config/ConfigEntryWithDefault$$Lambda$223
instanceKlass scala/collection/generic/GenericTraversableTemplate$$Lambda$222
instanceKlass org/apache/spark/internal/config/ConfigEntry$$Lambda$221
instanceKlass org/apache/spark/internal/config/ConfigEntry$$Lambda$220
instanceKlass org/apache/spark/internal/config/ConfigReader$$Lambda$219
instanceKlass org/apache/spark/SparkConf$$$Lambda$218
instanceKlass org/apache/spark/internal/config/SparkConfigProvider$$Lambda$217
instanceKlass org/apache/spark/internal/config/ConfigEntry$$Lambda$216
instanceKlass org/apache/spark/SparkConf$$Lambda$215
instanceKlass org/apache/spark/internal/config/SystemProvider
instanceKlass org/apache/spark/internal/config/EnvProvider
instanceKlass org/apache/spark/internal/config/SparkConfigProvider
instanceKlass org/apache/spark/internal/config/ConfigReader
instanceKlass org/apache/spark/SparkConf$$$Lambda$214
instanceKlass org/apache/spark/SparkConf$$$Lambda$213
instanceKlass org/apache/spark/SparkConf$$$Lambda$212
instanceKlass scala/collection/immutable/HashMap$HashMapKeys$$Lambda$211
instanceKlass scala/collection/TraversableLike$$Lambda$210
instanceKlass org/apache/spark/SparkConf$$$Lambda$209
instanceKlass org/apache/spark/SparkConf$$$Lambda$208
instanceKlass org/apache/spark/internal/config/Kryo$
instanceKlass org/apache/spark/SparkConf$$$Lambda$207
instanceKlass org/apache/spark/internal/config/History$$$Lambda$206
instanceKlass org/apache/spark/internal/config/History$$$Lambda$205
instanceKlass org/apache/spark/internal/config/TypedConfigBuilder$$Lambda$204
instanceKlass org/apache/spark/internal/config/History$$$Lambda$203
instanceKlass scala/runtime/java8/JFunction0$mcI$sp
instanceKlass java/lang/invoke/LambdaForm$DMH
instanceKlass org/apache/spark/internal/config/History$$$Lambda$202
instanceKlass scala/collection/immutable/TreeSet
instanceKlass scala/collection/immutable/NewRedBlackTree$Tree
instanceKlass scala/collection/immutable/NewRedBlackTree$
instanceKlass scala/Enumeration$ValueSet$$Lambda$201
instanceKlass scala/collection/immutable/NewRedBlackTree$Helper
instanceKlass scala/collection/generic/SortedSetFactory$SortedSetCanBuildFrom
instanceKlass scala/math/Ordering$String$
instanceKlass scala/math/Ordering$StringOrdering
instanceKlass scala/collection/generic/SortedSetFactory
instanceKlass org/apache/spark/internal/config/History$$$Lambda$200
instanceKlass scala/collection/mutable/HashMap$$anon$2$$Lambda$199
instanceKlass scala/collection/mutable/SortedSet
instanceKlass scala/Enumeration$ValueSet$$anon$1
instanceKlass scala/collection/generic/BitSetFactory$$anon$1
instanceKlass scala/collection/BitSet
instanceKlass scala/collection/BitSetLike
instanceKlass scala/collection/immutable/BitSet$
instanceKlass scala/collection/generic/BitSetFactory
instanceKlass org/apache/spark/internal/config/History$$$Lambda$198
instanceKlass org/apache/spark/internal/config/History$$$Lambda$197
instanceKlass org/apache/spark/internal/config/History$
instanceKlass scala/runtime/AbstractFunction3
instanceKlass scala/Function3
instanceKlass org/apache/spark/SparkConf$AlternateConfig
instanceKlass scala/runtime/RichInt$
instanceKlass scala/collection/immutable/StringLike$$Lambda$196
instanceKlass org/apache/spark/internal/config/package$$$Lambda$195
instanceKlass org/apache/spark/internal/config/package$$$Lambda$194
instanceKlass org/apache/spark/internal/config/package$$$Lambda$193
instanceKlass org/apache/spark/internal/config/package$$$Lambda$192
instanceKlass org/apache/spark/internal/config/package$$$Lambda$191
instanceKlass org/apache/spark/internal/config/package$$$Lambda$190
instanceKlass org/apache/spark/internal/config/package$$$Lambda$189
instanceKlass scala/Enumeration$$Lambda$188
instanceKlass scala/Enumeration$$Lambda$187
instanceKlass scala/collection/immutable/SortedSet
instanceKlass scala/collection/SortedSet
instanceKlass scala/collection/SortedSetLike
instanceKlass scala/collection/generic/Sorted
instanceKlass scala/Enumeration$ValueOrdering$
instanceKlass scala/Enumeration$ValueSet$
instanceKlass scala/Enumeration$$Lambda$186
instanceKlass scala/Enumeration$Value
instanceKlass scala/Enumeration
instanceKlass org/apache/spark/internal/config/package$$$Lambda$185
instanceKlass org/apache/spark/internal/config/package$$$Lambda$184
instanceKlass org/apache/spark/internal/config/package$$$Lambda$183
instanceKlass org/apache/spark/internal/config/package$$$Lambda$182
instanceKlass org/apache/spark/internal/config/package$$$Lambda$181
instanceKlass org/apache/spark/internal/config/package$$$Lambda$180
instanceKlass org/apache/spark/internal/config/package$$$Lambda$179
instanceKlass org/apache/spark/internal/config/package$$$Lambda$178
instanceKlass org/apache/spark/internal/config/package$$$Lambda$177
instanceKlass org/apache/spark/internal/config/package$$$Lambda$176
instanceKlass org/apache/spark/internal/config/package$$$Lambda$175
instanceKlass org/apache/spark/internal/config/package$$$Lambda$174
instanceKlass org/apache/spark/internal/config/package$$$Lambda$173
instanceKlass org/apache/spark/internal/config/package$$$Lambda$172
instanceKlass org/apache/spark/internal/config/package$$$Lambda$171
instanceKlass org/apache/spark/internal/config/package$$$Lambda$170
instanceKlass org/apache/spark/shuffle/sort/io/LocalDiskShuffleDataIO
instanceKlass org/apache/spark/shuffle/api/ShuffleDataIO
instanceKlass org/apache/spark/internal/config/package$$$Lambda$169
instanceKlass org/apache/spark/internal/config/package$$$Lambda$168
instanceKlass org/apache/spark/internal/config/package$$$Lambda$167
instanceKlass org/apache/spark/internal/config/package$$$Lambda$166
instanceKlass org/apache/spark/internal/config/package$$$Lambda$165
instanceKlass org/apache/spark/internal/config/ConfigBuilder$$Lambda$164
instanceKlass org/apache/spark/internal/config/ConfigBuilder$$Lambda$163
instanceKlass org/apache/spark/internal/config/package$$$Lambda$162
instanceKlass org/apache/spark/internal/config/package$$$Lambda$161
instanceKlass scala/collection/immutable/HashSet$HashSetBuilder
instanceKlass org/apache/spark/scheduler/SchedulerBackend
instanceKlass org/apache/spark/SparkContext$
instanceKlass org/apache/spark/util/Utils$$$Lambda$160
instanceKlass org/apache/spark/internal/config/package$$$Lambda$159
instanceKlass org/apache/spark/internal/config/package$$$Lambda$158
instanceKlass org/apache/spark/internal/config/package$$$Lambda$157
instanceKlass org/apache/spark/internal/config/TypedConfigBuilder$$Lambda$156
instanceKlass scala/collection/immutable/Set$SetBuilderImpl
instanceKlass org/apache/spark/internal/config/package$$$Lambda$155
instanceKlass org/apache/spark/internal/config/package$$$Lambda$154
instanceKlass org/apache/spark/internal/config/package$$$Lambda$153
instanceKlass org/apache/spark/internal/config/package$$$Lambda$152
instanceKlass java/time/temporal/TemporalUnit
instanceKlass java/util/concurrent/TimeUnit$1
instanceKlass org/apache/spark/internal/config/package$$$Lambda$151
instanceKlass org/apache/spark/internal/config/ConfigBuilder$$Lambda$150
instanceKlass org/apache/spark/internal/config/package$$$Lambda$149
instanceKlass org/apache/spark/internal/config/package$$$Lambda$148
instanceKlass org/apache/spark/internal/config/package$$$Lambda$147
instanceKlass org/apache/spark/internal/config/package$$$Lambda$146
instanceKlass scala/runtime/java8/JFunction1$mcZI$sp
instanceKlass java/lang/invoke/LambdaForm$DMH
instanceKlass org/apache/spark/storage/TopologyMapper
instanceKlass org/apache/spark/storage/RandomBlockReplicationPolicy
instanceKlass org/apache/spark/storage/BlockReplicationPolicy
instanceKlass org/apache/spark/internal/config/ConfigBuilder$$Lambda$145
instanceKlass org/apache/spark/internal/config/ConfigBuilder$$Lambda$144
instanceKlass org/apache/spark/internal/config/package$$$Lambda$143
instanceKlass org/apache/logging/log4j/core/util/NameUtil
instanceKlass org/apache/logging/log4j/core/Logger$PrivateConfig
instanceKlass org/slf4j/spi/LoggingEventBuilder
instanceKlass org/apache/logging/slf4j/Log4jLogger
instanceKlass org/slf4j/spi/LocationAwareLogger
instanceKlass org/apache/logging/log4j/core/LoggerContext$1
instanceKlass org/apache/logging/log4j/core/util/ExecutorServices
instanceKlass org/apache/logging/log4j/core/util/SystemClock
instanceKlass org/apache/logging/log4j/core/time/PreciseClock
instanceKlass org/apache/logging/log4j/core/util/Clock
instanceKlass org/apache/logging/log4j/core/util/ClockFactory
instanceKlass org/apache/logging/log4j/core/impl/Log4jLogEvent
instanceKlass org/apache/logging/log4j/core/jmx/AppenderAdmin
instanceKlass org/apache/logging/log4j/core/jmx/AppenderAdminMBean
instanceKlass org/apache/logging/log4j/core/jmx/ContextSelectorAdmin
instanceKlass org/apache/logging/log4j/core/jmx/ContextSelectorAdminMBean
instanceKlass org/apache/logging/log4j/status/StatusData
instanceKlass org/apache/logging/log4j/core/jmx/StatusLoggerAdminMBean
instanceKlass org/apache/logging/log4j/status/StatusListener
instanceKlass java/beans/PropertyChangeListener
instanceKlass org/apache/logging/log4j/core/jmx/LoggerContextAdminMBean
instanceKlass com/sun/jmx/mbeanserver/Repository$ObjectNamePattern
instanceKlass java/util/StringJoiner
instanceKlass java/time/Duration
instanceKlass java/time/temporal/TemporalAmount
instanceKlass jdk/management/jfr/FlightRecorderMXBeanImpl$MXBeanListener
instanceKlass jdk/jfr/FlightRecorderListener
instanceKlass javax/management/NotificationFilter
instanceKlass javax/management/NotificationListener
instanceKlass java/util/EventListener
instanceKlass jdk/jfr/FlightRecorder
instanceKlass jdk/jfr/Recording
instanceKlass javax/management/StandardMBean$MBeanInfoSafeAction
instanceKlass jdk/management/jfr/StreamManager
instanceKlass jdk/management/jfr/EventTypeInfo
instanceKlass jdk/management/jfr/ConfigurationInfo
instanceKlass jdk/management/jfr/RecordingInfo
instanceKlass sun/reflect/generics/tree/VoidDescriptor
instanceKlass sun/reflect/generics/tree/LongSignature
instanceKlass jdk/management/jfr/SettingDescriptorInfo$1
instanceKlass jdk/management/jfr/SettingDescriptorInfo
instanceKlass com/sun/management/VMOption
instanceKlass com/sun/management/internal/HotSpotDiagnostic
instanceKlass com/sun/management/HotSpotDiagnosticMXBean
instanceKlass java/lang/management/DefaultPlatformMBeanProvider$10$$Lambda$142
instanceKlass sun/nio/ch/FileChannelImpl$1
instanceKlass sun/nio/ch/IOUtil$1
instanceKlass sun/nio/ch/IOUtil
instanceKlass java/nio/file/attribute/FileAttribute
instanceKlass java/nio/channels/spi/AbstractInterruptibleChannel
instanceKlass java/nio/channels/InterruptibleChannel
instanceKlass java/nio/channels/ScatteringByteChannel
instanceKlass java/nio/channels/GatheringByteChannel
instanceKlass java/nio/channels/SeekableByteChannel
instanceKlass java/nio/channels/ByteChannel
instanceKlass java/nio/channels/ReadableByteChannel
instanceKlass sun/management/ManagementFactoryHelper$1
instanceKlass java/lang/management/BufferPoolMXBean
instanceKlass com/sun/management/GcInfo
instanceKlass javax/management/openmbean/CompositeDataView
instanceKlass com/sun/management/internal/DiagnosticCommandImpl$Wrapper
instanceKlass com/sun/management/internal/DiagnosticCommandArgumentInfo
instanceKlass com/sun/management/internal/DiagnosticCommandInfo
instanceKlass com/sun/management/internal/DiagnosticCommandImpl$OperationInfoComparator
instanceKlass sun/management/ClassLoadingImpl
instanceKlass java/lang/management/ClassLoadingMXBean
instanceKlass javax/management/MBeanInfo$ArrayGettersSafeAction
instanceKlass javax/management/openmbean/OpenMBeanOperationInfo
instanceKlass java/util/logging/Logging
instanceKlass java/lang/Deprecated
instanceKlass java/util/logging/LoggingMXBean
instanceKlass sun/management/ManagementFactoryHelper$PlatformLoggingImpl
instanceKlass java/lang/management/PlatformLoggingMXBean
instanceKlass sun/management/CompilationImpl
instanceKlass java/lang/management/CompilationMXBean
instanceKlass sun/management/VMManagementImpl$1
instanceKlass java/lang/management/MemoryUsage
instanceKlass sun/management/Sensor
instanceKlass sun/management/MemoryPoolImpl
instanceKlass java/lang/management/MemoryPoolMXBean
instanceKlass java/util/stream/Collectors$$Lambda$141
instanceKlass java/util/stream/Collectors$$Lambda$140
instanceKlass java/lang/invoke/LambdaForm$DMH
instanceKlass java/util/stream/Collectors$$Lambda$139
instanceKlass java/lang/management/DefaultPlatformMBeanProvider$5$$Lambda$138
instanceKlass java/lang/management/DefaultPlatformMBeanProvider$5$$Lambda$137
instanceKlass com/sun/management/GarbageCollectorMXBean
instanceKlass java/lang/management/GarbageCollectorMXBean
instanceKlass java/lang/management/MemoryManagerMXBean
instanceKlass java/lang/management/MemoryMXBean
instanceKlass sun/management/BaseOperatingSystemImpl
instanceKlass com/sun/management/OperatingSystemMXBean
instanceKlass java/lang/management/OperatingSystemMXBean
instanceKlass com/sun/jmx/mbeanserver/PerInterface$MethodAndSig
instanceKlass java/lang/invoke/LambdaForm$MH
instanceKlass java/lang/invoke/LambdaForm$DMH
instanceKlass java/lang/invoke/LambdaForm$MH
instanceKlass java/lang/invoke/LambdaForm$BMH
instanceKlass java/lang/invoke/LambdaForm$DMH
instanceKlass java/lang/invoke/LambdaForm$DMH
instanceKlass java/lang/invoke/LambdaForm$MH
instanceKlass java/lang/invoke/LambdaForm$MH
instanceKlass java/lang/invoke/LambdaForm$DMH
instanceKlass java/lang/invoke/LambdaForm$MH
instanceKlass java/lang/invoke/LambdaForm$MH
instanceKlass java/lang/invoke/LambdaForm$BMH
instanceKlass java/lang/invoke/LambdaForm$DMH
instanceKlass java/lang/invoke/LambdaForm$DMH
instanceKlass java/lang/invoke/LambdaForm$MH
instanceKlass java/lang/invoke/LambdaForm$MH
instanceKlass java/lang/invoke/LambdaFormEditor$1
instanceKlass java/lang/invoke/LambdaForm$MH
instanceKlass java/lang/invoke/LambdaForm$MH
instanceKlass java/lang/invoke/LambdaForm$MH
instanceKlass java/lang/invoke/LambdaForm$MH
instanceKlass java/lang/invoke/LambdaForm$MH
instanceKlass java/lang/invoke/LambdaForm$MH
instanceKlass java/lang/management/ThreadInfo
instanceKlass sun/management/ThreadImpl
instanceKlass com/sun/management/ThreadMXBean
instanceKlass java/lang/management/ThreadMXBean
instanceKlass com/sun/jmx/mbeanserver/WeakIdentityHashMap
instanceKlass com/sun/jmx/mbeanserver/MXBeanLookup
instanceKlass com/sun/jmx/mbeanserver/PerInterface$InitMaps
instanceKlass com/sun/jmx/mbeanserver/PerInterface
instanceKlass javax/management/openmbean/OpenMBeanAttributeInfo
instanceKlass javax/management/openmbean/OpenMBeanParameterInfo
instanceKlass com/sun/jmx/mbeanserver/MBeanIntrospector$MBeanInfoMaker
instanceKlass com/sun/jmx/mbeanserver/MBeanAnalyzer$MBeanVisitor
instanceKlass sun/reflect/generics/tree/TypeVariableSignature
instanceKlass sun/reflect/generics/reflectiveObjects/LazyReflectiveObjectGenerator
instanceKlass java/lang/reflect/TypeVariable
instanceKlass sun/reflect/generics/tree/ClassSignature
instanceKlass sun/reflect/generics/reflectiveObjects/ParameterizedTypeImpl
instanceKlass java/lang/reflect/ParameterizedType
instanceKlass sun/reflect/generics/tree/MethodTypeSignature
instanceKlass sun/reflect/generics/tree/Signature
instanceKlass sun/reflect/generics/tree/FormalTypeParameter
instanceKlass sun/reflect/generics/repository/AbstractRepository
instanceKlass com/sun/jmx/mbeanserver/MBeanAnalyzer$AttrMethods
instanceKlass jdk/internal/reflect/UnsafeFieldAccessorFactory
instanceKlass com/sun/jmx/mbeanserver/MXBeanMapping
instanceKlass javax/management/openmbean/TabularData
instanceKlass javax/management/openmbean/CompositeData
instanceKlass javax/management/openmbean/OpenType
instanceKlass com/sun/jmx/mbeanserver/MXBeanMappingFactory
instanceKlass com/sun/jmx/mbeanserver/ConvertingMethod
instanceKlass com/sun/jmx/mbeanserver/MBeanAnalyzer$MethodOrder
instanceKlass com/sun/jmx/mbeanserver/MBeanAnalyzer
instanceKlass com/sun/jmx/mbeanserver/MBeanIntrospector
instanceKlass javax/management/MXBean
instanceKlass com/sun/jmx/mbeanserver/MBeanSupport
instanceKlass com/sun/jmx/mbeanserver/DescriptorCache
instanceKlass javax/management/JMX
instanceKlass javax/management/StandardMBean
instanceKlass java/lang/management/ManagementFactory$$Lambda$136
instanceKlass java/util/AbstractMap$SimpleImmutableEntry
instanceKlass java/lang/management/ManagementFactory$$Lambda$135
instanceKlass java/lang/management/ManagementFactory$$Lambda$134
instanceKlass java/lang/management/ManagementFactory$$Lambda$133
instanceKlass java/lang/invoke/LambdaForm$DMH
instanceKlass com/sun/jmx/mbeanserver/JmxMBeanServer$3
instanceKlass javax/management/ObjectInstance
instanceKlass com/sun/jmx/mbeanserver/NamedObject
instanceKlass com/sun/jmx/interceptor/DefaultMBeanServerInterceptor$ResourceContext$1
instanceKlass com/sun/jmx/interceptor/DefaultMBeanServerInterceptor$ResourceContext
instanceKlass com/sun/jmx/mbeanserver/Repository$RegistrationContext
instanceKlass com/sun/jmx/mbeanserver/DynamicMBean2
instanceKlass com/sun/jmx/defaults/JmxProperties
instanceKlass com/sun/jmx/mbeanserver/Introspector
instanceKlass com/sun/jmx/mbeanserver/JmxMBeanServer$2
instanceKlass com/sun/jmx/interceptor/DefaultMBeanServerInterceptor
instanceKlass com/sun/jmx/interceptor/MBeanServerInterceptor
instanceKlass com/sun/jmx/mbeanserver/Repository
instanceKlass com/sun/jmx/mbeanserver/JmxMBeanServer$1
instanceKlass com/sun/jmx/mbeanserver/SecureClassLoaderRepository
instanceKlass com/sun/jmx/mbeanserver/MBeanInstantiator
instanceKlass com/sun/jmx/mbeanserver/ClassLoaderRepositorySupport$LoaderEntry
instanceKlass com/sun/jmx/mbeanserver/ClassLoaderRepositorySupport
instanceKlass com/sun/jmx/mbeanserver/ModifiableClassLoaderRepository
instanceKlass javax/management/loading/ClassLoaderRepository
instanceKlass javax/management/ImmutableDescriptor
instanceKlass javax/management/Descriptor
instanceKlass sun/util/logging/PlatformLogger$ConfigurableBridge$LoggerConfiguration
instanceKlass sun/security/util/SecurityConstants
instanceKlass jdk/internal/logger/LoggerFinderLoader
instanceKlass java/lang/System$LoggerFinder$$Lambda$132
instanceKlass jdk/internal/logger/LazyLoggers$LazyLoggerFactories
instanceKlass jdk/internal/logger/LazyLoggers$1
instanceKlass jdk/internal/logger/LazyLoggers
instanceKlass com/sun/jmx/remote/util/ClassLogger
instanceKlass javax/management/NotificationBroadcasterSupport$1
instanceKlass javax/management/NotificationBroadcasterSupport
instanceKlass java/util/ComparableTimSort
instanceKlass javax/management/ObjectName$Property
instanceKlass javax/management/ObjectName
instanceKlass javax/management/QueryExp
instanceKlass com/sun/jmx/mbeanserver/Util
instanceKlass javax/management/MBeanInfo
instanceKlass javax/management/MBeanFeatureInfo
instanceKlass javax/management/DescriptorRead
instanceKlass javax/management/MBeanServerDelegate
instanceKlass javax/management/MBeanServerDelegateMBean
instanceKlass javax/management/MBeanRegistration
instanceKlass com/sun/jmx/mbeanserver/JmxMBeanServer
instanceKlass com/sun/jmx/mbeanserver/SunJmxMBeanServer
instanceKlass javax/management/MBeanServer
instanceKlass javax/management/MBeanServerConnection
instanceKlass javax/management/MBeanServerBuilder
instanceKlass com/sun/jmx/mbeanserver/GetPropertyAction
instanceKlass javax/management/MBeanServerFactory
instanceKlass org/apache/logging/log4j/core/jmx/Server
instanceKlass java/util/EventObject
instanceKlass java/util/Formattable
instanceKlass java/util/Formatter$FixedString
instanceKlass java/util/Formatter$Conversion
instanceKlass java/util/Formatter$Flags
instanceKlass java/util/Formatter$FormatSpecifier
instanceKlass java/util/Formatter$FormatString
instanceKlass sun/util/resources/Bundles$2
instanceKlass sun/util/resources/LocaleData$LocaleDataResourceBundleProvider
instanceKlass java/util/spi/ResourceBundleProvider
instanceKlass sun/util/locale/provider/JRELocaleProviderAdapter$$Lambda$131
instanceKlass java/text/DecimalFormatSymbols
instanceKlass java/util/regex/CharPredicates$$Lambda$130
instanceKlass java/util/regex/CharPredicates
instanceKlass java/util/Formatter
instanceKlass org/apache/logging/log4j/core/Version
instanceKlass java/net/InetAddress$CachedLocalHost
instanceKlass java/net/InetAddress$CachedAddresses
instanceKlass sun/net/InetAddressCachePolicy$2
instanceKlass sun/net/InetAddressCachePolicy$1
instanceKlass sun/net/InetAddressCachePolicy
instanceKlass java/net/InetAddress$NameServiceAddresses
instanceKlass java/net/InetAddress$Addresses
instanceKlass org/apache/logging/log4j/core/util/NetUtils
instanceKlass org/apache/logging/log4j/core/LoggerContext$$Lambda$129
instanceKlass org/apache/logging/log4j/core/util/BasicAuthorizationProvider$$Lambda$127
instanceKlass org/apache/logging/log4j/core/util/BasicAuthorizationProvider$$Lambda$126
instanceKlass org/apache/logging/log4j/core/util/BasicAuthorizationProvider$$Lambda$125
instanceKlass org/apache/logging/log4j/core/util/BasicAuthorizationProvider
instanceKlass com/fasterxml/jackson/core/JsonParser
instanceKlass com/fasterxml/jackson/databind/JsonSerializable$Base
instanceKlass com/fasterxml/jackson/databind/JsonSerializable
instanceKlass com/fasterxml/jackson/core/TreeNode
instanceKlass com/fasterxml/jackson/core/TreeCodec
instanceKlass com/fasterxml/jackson/core/Versioned
instanceKlass org/apache/logging/log4j/core/config/Order
instanceKlass java/util/TimSort
instanceKlass java/util/Arrays$LegacyMergeSort
instanceKlass org/apache/logging/log4j/core/config/OrderComparator
instanceKlass org/apache/logging/log4j/core/util/AuthorizationProvider
instanceKlass org/apache/logging/log4j/core/config/builder/api/ConfigurationBuilder
instanceKlass org/apache/logging/log4j/core/selector/ClassLoaderContextSelector$$Lambda$124
instanceKlass org/apache/logging/log4j/core/appender/DefaultErrorHandler
instanceKlass org/apache/logging/log4j/core/appender/ConsoleAppender$FactoryData
instanceKlass org/apache/logging/log4j/core/appender/ConsoleAppender$ConsoleManagerFactory
instanceKlass org/apache/logging/log4j/core/layout/ByteBufferDestination
instanceKlass org/apache/logging/log4j/core/ErrorHandler
instanceKlass org/apache/logging/log4j/core/layout/PatternLayout$PatternFormatterPatternSerializer
instanceKlass org/apache/logging/log4j/core/pattern/PlainTextRenderer
instanceKlass org/apache/logging/log4j/core/impl/ThrowableFormatOptions
instanceKlass org/apache/logging/log4j/core/pattern/PatternFormatter
instanceKlass org/apache/logging/log4j/core/pattern/TextRenderer
instanceKlass org/apache/logging/log4j/core/util/Integers
instanceKlass org/apache/logging/log4j/core/pattern/NameAbbreviator
instanceKlass org/apache/logging/log4j/core/util/OptionConverter
instanceKlass sun/util/calendar/CalendarUtils
instanceKlass sun/util/calendar/CalendarDate
instanceKlass sun/util/resources/Bundles$CacheKeyReference
instanceKlass java/util/ResourceBundle$ResourceBundleProviderHelper$$Lambda$123
instanceKlass java/util/ResourceBundle$ResourceBundleProviderHelper
instanceKlass sun/util/resources/Bundles$CacheKey
instanceKlass java/util/ResourceBundle$1
instanceKlass jdk/internal/access/JavaUtilResourceBundleAccess
instanceKlass sun/util/resources/Bundles
instanceKlass sun/util/resources/LocaleData$LocaleDataStrategy
instanceKlass sun/util/resources/Bundles$Strategy
instanceKlass sun/util/resources/LocaleData$1
instanceKlass sun/util/cldr/CLDRLocaleProviderAdapter$$Lambda$122
instanceKlass sun/util/locale/provider/CalendarDataUtility$CalendarWeekParameterGetter
instanceKlass sun/util/locale/provider/LocaleServiceProviderPool$LocalizedObjectGetter
instanceKlass sun/util/locale/provider/LocaleServiceProviderPool
instanceKlass sun/util/locale/provider/CalendarDataUtility
instanceKlass sun/util/calendar/CalendarSystem$GregorianHolder
instanceKlass sun/util/calendar/CalendarSystem
instanceKlass java/util/Calendar$Builder
instanceKlass java/util/StringTokenizer
instanceKlass sun/util/locale/provider/AvailableLanguageTags
instanceKlass sun/util/locale/provider/JRELocaleProviderAdapter$$Lambda$121
instanceKlass sun/util/resources/cldr/provider/CLDRLocaleDataMetaInfo
instanceKlass jdk/internal/module/ModulePatcher$PatchedModuleReader
instanceKlass sun/util/cldr/CLDRLocaleProviderAdapter$1
instanceKlass sun/util/locale/StringTokenIterator
instanceKlass sun/util/locale/ParseStatus
instanceKlass sun/util/cldr/CLDRBaseLocaleDataMetaInfo
instanceKlass sun/util/locale/provider/LocaleDataMetaInfo
instanceKlass sun/util/locale/provider/LocaleProviderAdapter$1
instanceKlass java/util/ResourceBundle
instanceKlass java/util/ResourceBundle$Control
instanceKlass sun/util/resources/LocaleData
instanceKlass sun/util/locale/provider/LocaleResources
instanceKlass sun/util/locale/LanguageTag
instanceKlass sun/util/locale/provider/ResourceBundleBasedAdapter
instanceKlass sun/util/locale/provider/LocaleProviderAdapter
instanceKlass java/util/spi/LocaleServiceProvider
instanceKlass java/util/Locale$1
instanceKlass java/util/Calendar
instanceKlass sun/util/calendar/ZoneInfoFile$ZoneOffsetTransitionRule
instanceKlass sun/util/calendar/ZoneInfoFile$1
instanceKlass sun/util/calendar/ZoneInfoFile
instanceKlass java/util/Date
instanceKlass org/apache/logging/log4j/core/time/MutableInstant
instanceKlass java/time/temporal/TemporalAccessor
instanceKlass org/apache/logging/log4j/core/pattern/DatePatternConverter$CachedTime
instanceKlass org/apache/logging/log4j/core/util/datetime/FixedDateFormat
instanceKlass java/util/TimeZone
instanceKlass org/apache/logging/log4j/core/time/Instant
instanceKlass org/apache/logging/log4j/core/pattern/DatePatternConverter$Formatter
instanceKlass org/apache/logging/log4j/core/pattern/PatternParser$1
instanceKlass org/apache/logging/log4j/core/pattern/FormattingInfo
instanceKlass jdk/internal/reflect/ClassDefiner$1
instanceKlass jdk/internal/reflect/ClassDefiner
instanceKlass jdk/internal/reflect/MethodAccessorGenerator$1
instanceKlass jdk/internal/reflect/Label$PatchInfo
instanceKlass jdk/internal/reflect/Label
instanceKlass jdk/internal/reflect/UTF8
instanceKlass jdk/internal/reflect/ClassFileAssembler
instanceKlass jdk/internal/reflect/ByteVectorImpl
instanceKlass jdk/internal/reflect/ByteVector
instanceKlass jdk/internal/reflect/ByteVectorFactory
instanceKlass jdk/internal/reflect/AccessorGenerator
instanceKlass jdk/internal/reflect/ClassFileConstants
instanceKlass java/lang/Class$AnnotationData
instanceKlass java/lang/annotation/Target
instanceKlass java/lang/reflect/Proxy$ProxyBuilder$1
instanceKlass java/lang/reflect/ProxyGenerator$ExceptionTableEntry
instanceKlass java/lang/reflect/ProxyGenerator$PrimitiveTypeInfo
instanceKlass java/lang/reflect/ProxyGenerator$FieldInfo
instanceKlass java/lang/reflect/ProxyGenerator$ConstantPool$Entry
instanceKlass java/lang/reflect/ProxyGenerator$MethodInfo
instanceKlass java/lang/reflect/ProxyGenerator$ProxyMethod
instanceKlass java/lang/reflect/ProxyGenerator$ConstantPool
instanceKlass java/lang/reflect/ProxyGenerator
instanceKlass java/lang/reflect/Proxy$$Lambda$120
instanceKlass java/util/Collections$1
instanceKlass java/lang/reflect/Proxy$ProxyBuilder
instanceKlass java/lang/reflect/Proxy$$Lambda$119
instanceKlass java/lang/reflect/Proxy
instanceKlass sun/reflect/annotation/AnnotationInvocationHandler
instanceKlass java/lang/reflect/InvocationHandler
instanceKlass sun/reflect/annotation/AnnotationParser$1
instanceKlass java/lang/annotation/Documented
instanceKlass java/lang/annotation/Inherited
instanceKlass java/lang/annotation/Retention
instanceKlass sun/reflect/annotation/ExceptionProxy
instanceKlass sun/reflect/annotation/AnnotationType$1
instanceKlass sun/reflect/annotation/AnnotationType
instanceKlass java/lang/reflect/GenericArrayType
instanceKlass org/apache/logging/log4j/core/config/plugins/Plugin
instanceKlass sun/reflect/generics/visitor/Reifier
instanceKlass sun/reflect/generics/visitor/TypeTreeVisitor
instanceKlass sun/reflect/generics/factory/CoreReflectionFactory
instanceKlass sun/reflect/generics/factory/GenericsFactory
instanceKlass sun/reflect/generics/scope/AbstractScope
instanceKlass sun/reflect/generics/scope/Scope
instanceKlass sun/reflect/generics/tree/ClassTypeSignature
instanceKlass sun/reflect/generics/tree/SimpleClassTypeSignature
instanceKlass sun/reflect/generics/tree/FieldTypeSignature
instanceKlass sun/reflect/generics/tree/BaseType
instanceKlass sun/reflect/generics/tree/TypeSignature
instanceKlass sun/reflect/generics/tree/ReturnType
instanceKlass sun/reflect/generics/tree/TypeArgument
instanceKlass sun/reflect/generics/tree/TypeTree
instanceKlass sun/reflect/generics/tree/Tree
instanceKlass sun/reflect/generics/parser/SignatureParser
instanceKlass org/apache/logging/log4j/core/pattern/ConverterKeys
instanceKlass org/apache/logging/log4j/core/pattern/PatternParser
instanceKlass org/apache/logging/log4j/core/layout/StringBuilderEncoder
instanceKlass org/apache/logging/log4j/core/layout/PatternLayout$PatternSerializer
instanceKlass org/apache/logging/log4j/core/layout/AbstractStringLayout$Serializer
instanceKlass org/apache/logging/log4j/core/layout/PatternLayout$SerializerBuilder
instanceKlass org/apache/logging/log4j/core/layout/PatternLayout$Builder
instanceKlass org/apache/logging/log4j/core/layout/AbstractStringLayout$Serializer2
instanceKlass org/apache/logging/log4j/spi/LoggerRegistry$ConcurrentMapFactory
instanceKlass org/apache/logging/log4j/spi/LoggerRegistry$MapFactory
instanceKlass org/apache/logging/log4j/spi/LoggerRegistry
instanceKlass org/apache/logging/log4j/core/config/Node
instanceKlass org/apache/logging/log4j/core/util/DummyNanoClock
instanceKlass org/apache/logging/log4j/core/util/InjectedInvoker
instanceKlass org/apache/logging/log4j/core/util/WatchEventService
instanceKlass java/util/UUID
instanceKlass org/apache/logging/log4j/core/util/WatchManager$LocalUUID
instanceKlass java/util/concurrent/Future
instanceKlass java/util/concurrent/ScheduledExecutorService
instanceKlass java/util/concurrent/ExecutorService
instanceKlass java/util/concurrent/Executor
instanceKlass org/apache/logging/log4j/core/config/DefaultReliabilityStrategy
instanceKlass org/apache/logging/log4j/core/config/LocationAwareReliabilityStrategy
instanceKlass java/util/concurrent/atomic/AtomicReferenceFieldUpdater$AtomicReferenceFieldUpdaterImpl$1
instanceKlass java/util/concurrent/atomic/AtomicReferenceFieldUpdater
instanceKlass org/apache/logging/log4j/core/config/AppenderControlArraySet
instanceKlass org/apache/logging/log4j/core/impl/DefaultLogEventFactory
instanceKlass org/apache/logging/log4j/core/impl/LogEventFactory
instanceKlass org/apache/logging/log4j/core/impl/LocationAwareLogEventFactory
instanceKlass org/apache/logging/log4j/core/config/ReliabilityStrategy
instanceKlass org/apache/logging/log4j/core/LogEvent
instanceKlass java/util/DualPivotQuicksort
instanceKlass org/apache/logging/log4j/core/lookup/StrMatcher
instanceKlass sun/management/Util
instanceKlass java/util/stream/Collectors$$Lambda$116
instanceKlass java/util/stream/Collectors$$Lambda$115
instanceKlass java/util/stream/Collectors$$Lambda$114
instanceKlass sun/management/spi/PlatformMBeanProvider$PlatformComponent$$Lambda$113
instanceKlass sun/management/spi/PlatformMBeanProvider$PlatformComponent$$Lambda$112
instanceKlass sun/management/RuntimeImpl
instanceKlass java/util/stream/ReduceOps$2ReducingSink
instanceKlass java/lang/management/ManagementFactory$PlatformMBeanFinder$$Lambda$111
instanceKlass java/lang/management/ManagementFactory$PlatformMBeanFinder$$Lambda$110
instanceKlass java/util/Collections$2
instanceKlass jdk/management/jfr/internal/FlightRecorderMXBeanProvider$SingleMBeanComponent
instanceKlass jdk/management/jfr/FlightRecorderMXBean
instanceKlass java/lang/management/ManagementFactory$PlatformMBeanFinder$$Lambda$109
instanceKlass java/lang/management/ManagementFactory$PlatformMBeanFinder$$Lambda$108
instanceKlass java/util/stream/Collectors$$Lambda$107
instanceKlass java/util/stream/Collectors$$Lambda$106
instanceKlass java/lang/invoke/LambdaForm$DMH
instanceKlass java/util/stream/Collectors$$Lambda$105
instanceKlass java/lang/management/ManagementFactory$PlatformMBeanFinder$$Lambda$104
instanceKlass java/util/function/Function$$Lambda$103
instanceKlass java/lang/management/ManagementFactory$PlatformMBeanFinder$$Lambda$102
instanceKlass java/lang/management/ManagementFactory$PlatformMBeanFinder$$Lambda$101
instanceKlass java/lang/management/DefaultPlatformMBeanProvider$11
instanceKlass java/lang/management/DefaultPlatformMBeanProvider$10
instanceKlass java/lang/management/DefaultPlatformMBeanProvider$9
instanceKlass sun/management/ManagementFactoryHelper$LoggingMXBeanAccess$1
instanceKlass sun/management/ManagementFactoryHelper$LoggingMXBeanAccess
instanceKlass java/lang/management/DefaultPlatformMBeanProvider$8
instanceKlass java/lang/management/DefaultPlatformMBeanProvider$7
instanceKlass java/lang/management/DefaultPlatformMBeanProvider$6
instanceKlass java/lang/management/DefaultPlatformMBeanProvider$5
instanceKlass java/lang/management/DefaultPlatformMBeanProvider$4
instanceKlass java/lang/management/DefaultPlatformMBeanProvider$3
instanceKlass java/lang/management/DefaultPlatformMBeanProvider$2
instanceKlass java/lang/management/DefaultPlatformMBeanProvider$1
instanceKlass java/util/concurrent/Callable
instanceKlass com/sun/management/internal/PlatformMBeanProviderImpl$5
instanceKlass sun/management/VMManagementImpl
instanceKlass sun/management/VMManagement
instanceKlass sun/management/ManagementFactoryHelper
instanceKlass sun/management/NotificationEmitterSupport
instanceKlass javax/management/NotificationEmitter
instanceKlass javax/management/NotificationBroadcaster
instanceKlass com/sun/management/DiagnosticCommandMBean
instanceKlass javax/management/DynamicMBean
instanceKlass com/sun/management/internal/PlatformMBeanProviderImpl$4
instanceKlass com/sun/management/internal/PlatformMBeanProviderImpl$3
instanceKlass com/sun/management/internal/PlatformMBeanProviderImpl$2
instanceKlass com/sun/management/internal/PlatformMBeanProviderImpl$1
instanceKlass sun/management/spi/PlatformMBeanProvider$PlatformComponent
instanceKlass com/sun/management/internal/PlatformMBeanProviderImpl$$Lambda$100
instanceKlass java/lang/management/ManagementFactory$PlatformMBeanFinder$$Lambda$99
instanceKlass sun/management/spi/PlatformMBeanProvider
instanceKlass java/io/FilePermission$1
instanceKlass jdk/internal/access/JavaIOFilePermissionAccess
instanceKlass java/lang/management/ManagementFactory$PlatformMBeanFinder$$Lambda$98
instanceKlass java/lang/management/ManagementFactory$PlatformMBeanFinder
instanceKlass java/lang/management/RuntimeMXBean
instanceKlass java/lang/management/PlatformManagedObject
instanceKlass java/lang/management/ManagementFactory$$Lambda$97
instanceKlass java/lang/management/ManagementFactory
instanceKlass org/apache/logging/log4j/core/net/JndiManager$JndiManagerFactory
instanceKlass javax/naming/Context
instanceKlass org/apache/logging/log4j/core/appender/ManagerFactory
instanceKlass org/apache/logging/log4j/core/appender/AbstractManager
instanceKlass org/apache/logging/log4j/core/impl/ThreadContextDataProvider
instanceKlass org/apache/logging/log4j/core/impl/ThreadContextDataInjector$$Lambda$96
instanceKlass org/apache/logging/log4j/core/impl/InjectedInvoker
instanceKlass org/apache/logging/log4j/core/util/ContextDataProvider
instanceKlass java/util/concurrent/ConcurrentLinkedDeque$Node
instanceKlass org/apache/logging/log4j/core/impl/ThreadContextDataInjector
instanceKlass org/apache/logging/log4j/core/impl/ThreadContextDataInjector$ForDefaultThreadContextMap
instanceKlass org/apache/logging/log4j/spi/DefaultThreadContextStack
instanceKlass org/apache/logging/log4j/spi/DefaultThreadContextMap
instanceKlass org/apache/logging/log4j/spi/GarbageFreeSortedArrayThreadContextMap
instanceKlass java/io/ObjectInputFilter$FilterInfo
instanceKlass org/apache/logging/log4j/util/internal/DefaultObjectInputFilter
instanceKlass java/io/ObjectInputFilter
instanceKlass java/io/ObjectInputValidation
instanceKlass java/io/ObjectInputStream$GetField
instanceKlass java/lang/PublicMethods
instanceKlass org/apache/logging/log4j/util/SortedArrayStringMap$$Lambda$94
instanceKlass org/apache/logging/log4j/util/TriConsumer
instanceKlass java/lang/invoke/LambdaForm$DMH
instanceKlass java/lang/invoke/LambdaForm$DMH
instanceKlass org/apache/logging/log4j/util/SortedArrayStringMap
instanceKlass org/apache/logging/log4j/util/IndexedStringMap
instanceKlass org/apache/logging/log4j/util/IndexedReadOnlyStringMap
instanceKlass org/apache/logging/log4j/util/StringMap
instanceKlass org/apache/logging/log4j/util/ReadOnlyStringMap
instanceKlass org/apache/logging/log4j/spi/CopyOnWriteSortedArrayThreadContextMap
instanceKlass org/apache/logging/log4j/spi/CopyOnWrite
instanceKlass org/apache/logging/log4j/spi/ObjectThreadContextMap
instanceKlass org/apache/logging/log4j/spi/CleanableThreadContextMap
instanceKlass org/apache/logging/log4j/spi/ThreadContextMap2
instanceKlass org/apache/logging/log4j/spi/ReadOnlyThreadContextMap
instanceKlass org/apache/logging/log4j/spi/ThreadContextMapFactory
instanceKlass org/apache/logging/log4j/ThreadContext$EmptyIterator
instanceKlass org/apache/logging/log4j/spi/ThreadContextMap
instanceKlass org/apache/logging/log4j/spi/ThreadContextStack
instanceKlass org/apache/logging/log4j/ThreadContext$ContextStack
instanceKlass org/apache/logging/log4j/ThreadContext
instanceKlass org/apache/logging/log4j/core/ContextDataInjector
instanceKlass org/apache/logging/log4j/core/impl/ContextDataInjectorFactory
instanceKlass org/apache/logging/log4j/core/util/ReflectionUtil
instanceKlass java/lang/invoke/LambdaForm$MH
instanceKlass java/lang/invoke/LambdaForm$DMH
instanceKlass org/apache/logging/log4j/core/config/plugins/util/PluginRegistry$$Lambda$93
instanceKlass org/apache/logging/log4j/util/Supplier
instanceKlass java/lang/invoke/LambdaForm$DMH
instanceKlass org/apache/logging/log4j/core/util/AbstractWatcher
instanceKlass org/apache/logging/log4j/core/config/plugins/convert/TypeConverters$UuidConverter
instanceKlass org/apache/logging/log4j/core/config/plugins/convert/TypeConverters$UrlConverter
instanceKlass org/apache/logging/log4j/core/config/plugins/convert/TypeConverters$UriConverter
instanceKlass org/apache/logging/log4j/core/config/plugins/convert/TypeConverters$StringConverter
instanceKlass org/apache/logging/log4j/core/config/plugins/convert/TypeConverters$ShortConverter
instanceKlass org/apache/logging/log4j/core/config/plugins/convert/TypeConverters$SecurityProviderConverter
instanceKlass org/apache/logging/log4j/core/config/plugins/convert/TypeConverters$PatternConverter
instanceKlass org/apache/logging/log4j/core/config/plugins/convert/TypeConverters$PathConverter
instanceKlass org/apache/logging/log4j/core/config/plugins/convert/TypeConverters$LongConverter
instanceKlass org/apache/logging/log4j/core/config/plugins/convert/TypeConverters$LevelConverter
instanceKlass org/apache/logging/log4j/core/config/plugins/convert/TypeConverters$IntegerConverter
instanceKlass org/apache/logging/log4j/core/config/plugins/convert/TypeConverters$InetAddressConverter
instanceKlass org/apache/logging/log4j/core/config/plugins/convert/TypeConverters$FloatConverter
instanceKlass org/apache/logging/log4j/core/config/plugins/convert/TypeConverters$FileConverter
instanceKlass org/apache/logging/log4j/core/config/plugins/convert/TypeConverters$DurationConverter
instanceKlass org/apache/logging/log4j/core/config/plugins/convert/TypeConverters$DoubleConverter
instanceKlass org/apache/logging/log4j/core/config/plugins/convert/TypeConverters$CronExpressionConverter
instanceKlass org/apache/logging/log4j/core/config/plugins/convert/TypeConverters$ClassConverter
instanceKlass org/apache/logging/log4j/core/config/plugins/convert/TypeConverters$CharsetConverter
instanceKlass org/apache/logging/log4j/core/config/plugins/convert/TypeConverters$CharArrayConverter
instanceKlass org/apache/logging/log4j/core/config/plugins/convert/TypeConverters$CharacterConverter
instanceKlass org/apache/logging/log4j/core/config/plugins/convert/TypeConverters$ByteArrayConverter
instanceKlass org/apache/logging/log4j/core/config/plugins/convert/TypeConverters$ByteConverter
instanceKlass org/apache/logging/log4j/core/config/plugins/convert/TypeConverters$BooleanConverter
instanceKlass org/apache/logging/log4j/core/config/plugins/convert/TypeConverters$BigIntegerConverter
instanceKlass org/apache/logging/log4j/core/config/plugins/convert/TypeConverters$BigDecimalConverter
instanceKlass org/apache/logging/log4j/core/config/plugins/convert/TypeConverter
instanceKlass org/apache/logging/log4j/core/lookup/UpperLookup
instanceKlass org/apache/logging/log4j/core/lookup/StructuredDataLookup
instanceKlass org/apache/logging/log4j/core/lookup/LowerLookup
instanceKlass org/apache/logging/log4j/core/lookup/MapLookup
instanceKlass org/apache/logging/log4j/core/lookup/DateLookup
instanceKlass org/apache/logging/log4j/core/lookup/ContextMapLookup
instanceKlass org/apache/log4j/builders/appender/NullAppenderBuilder
instanceKlass org/apache/log4j/builders/filter/DenyAllFilterBuilder
instanceKlass org/apache/log4j/builders/filter/FilterBuilder
instanceKlass org/apache/log4j/builders/layout/SimpleLayoutBuilder
instanceKlass org/apache/log4j/builders/rolling/TriggeringPolicyBuilder
instanceKlass org/apache/log4j/builders/layout/LayoutBuilder
instanceKlass org/apache/log4j/builders/Parser
instanceKlass org/apache/log4j/builders/AbstractBuilder
instanceKlass org/apache/log4j/builders/appender/AppenderBuilder
instanceKlass org/apache/log4j/builders/Builder
instanceKlass org/apache/logging/log4j/core/pattern/FileDatePatternConverter
instanceKlass org/apache/logging/log4j/core/config/arbiters/SystemPropertyArbiter
instanceKlass org/apache/logging/log4j/core/net/ssl/SslConfiguration
instanceKlass org/apache/logging/log4j/core/appender/rolling/action/PathSortByModificationTime
instanceKlass org/apache/logging/log4j/core/appender/rolling/action/PathSorter
instanceKlass org/apache/logging/log4j/core/net/SocketPerformancePreferences
instanceKlass org/apache/logging/log4j/core/net/SocketOptions
instanceKlass org/apache/logging/log4j/core/util/Builder
instanceKlass org/apache/logging/log4j/core/net/SocketAddress
instanceKlass org/apache/logging/log4j/core/config/arbiters/SelectArbiter
instanceKlass org/apache/logging/log4j/core/config/ScriptsPlugin
instanceKlass org/apache/logging/log4j/core/layout/ScriptPatternSelector
instanceKlass org/apache/logging/log4j/core/appender/rolling/action/ScriptCondition
instanceKlass org/apache/logging/log4j/core/config/arbiters/ScriptArbiter
instanceKlass org/apache/logging/log4j/core/script/AbstractScript
instanceKlass org/apache/logging/log4j/core/appender/routing/Routes
instanceKlass org/apache/logging/log4j/core/appender/routing/Route
instanceKlass org/apache/logging/log4j/core/pattern/RegexReplacement
instanceKlass org/apache/logging/log4j/core/appender/rewrite/PropertiesRewritePolicy
instanceKlass org/apache/logging/log4j/core/config/PropertiesPlugin
instanceKlass org/apache/logging/log4j/core/layout/PatternMatch
instanceKlass org/apache/logging/log4j/core/net/MulticastDnsAdvertiser
instanceKlass org/apache/logging/log4j/core/layout/MarkerPatternSelector
instanceKlass org/apache/logging/log4j/core/appender/rewrite/MapRewritePolicy
instanceKlass org/apache/logging/log4j/core/config/LoggersPlugin
instanceKlass org/apache/logging/log4j/core/appender/rewrite/LoggerNameLevelRewritePolicy
instanceKlass org/apache/logging/log4j/core/appender/rewrite/RewritePolicy
instanceKlass org/apache/logging/log4j/core/layout/LoggerFields
instanceKlass org/apache/logging/log4j/core/async/LinkedTransferQueueFactory
instanceKlass org/apache/logging/log4j/core/layout/LevelPatternSelector
instanceKlass org/apache/logging/log4j/core/layout/PatternSelector
instanceKlass org/apache/logging/log4j/core/util/KeyValuePair
instanceKlass org/apache/logging/log4j/core/net/ssl/StoreConfiguration
instanceKlass org/apache/logging/log4j/core/async/JCToolsBlockingQueueFactory
instanceKlass org/apache/logging/log4j/core/appender/rolling/action/IfNot
instanceKlass org/apache/logging/log4j/core/appender/rolling/action/IfLastModified
instanceKlass org/apache/logging/log4j/core/appender/rolling/action/IfFileName
instanceKlass org/apache/logging/log4j/core/appender/rolling/action/IfAny
instanceKlass org/apache/logging/log4j/core/appender/rolling/action/IfAll
instanceKlass org/apache/logging/log4j/core/appender/rolling/action/IfAccumulatedFileSize
instanceKlass org/apache/logging/log4j/core/appender/rolling/action/IfAccumulatedFileCount
instanceKlass org/apache/logging/log4j/core/appender/rolling/action/PathCondition
instanceKlass org/apache/logging/log4j/core/appender/routing/PurgePolicy
instanceKlass org/apache/logging/log4j/core/appender/FailoversPlugin
instanceKlass org/apache/logging/log4j/core/async/DisruptorBlockingQueueFactory
instanceKlass org/apache/logging/log4j/core/appender/rolling/DirectFileRolloverStrategy
instanceKlass org/apache/logging/log4j/core/appender/rolling/action/AbstractAction
instanceKlass org/apache/logging/log4j/core/appender/rolling/action/Action
instanceKlass org/apache/logging/log4j/core/appender/rolling/AbstractRolloverStrategy
instanceKlass org/apache/logging/log4j/core/appender/rolling/RolloverStrategy
instanceKlass org/apache/logging/log4j/core/config/arbiters/DefaultArbiter
instanceKlass org/apache/logging/log4j/core/config/CustomLevels
instanceKlass org/apache/logging/log4j/core/config/CustomLevelConfig
instanceKlass org/apache/logging/log4j/core/layout/AbstractLayout
instanceKlass org/apache/logging/log4j/core/StringLayout
instanceKlass org/apache/logging/log4j/core/appender/rolling/TriggeringPolicy
instanceKlass org/apache/logging/log4j/core/appender/db/jdbc/ConnectionSource
instanceKlass org/apache/logging/log4j/core/appender/db/ColumnMapping
instanceKlass org/apache/logging/log4j/core/appender/db/jdbc/ColumnConfig
instanceKlass org/apache/logging/log4j/core/config/arbiters/ClassArbiter
instanceKlass org/apache/logging/log4j/core/config/arbiters/Arbiter
instanceKlass org/apache/logging/log4j/core/async/AsyncWaitStrategyFactoryConfig
instanceKlass org/apache/logging/log4j/core/async/ArrayBlockingQueueFactory
instanceKlass org/apache/logging/log4j/core/async/BlockingQueueFactory
instanceKlass org/apache/logging/log4j/core/appender/AppenderSet
instanceKlass org/apache/logging/log4j/core/config/AppendersPlugin
instanceKlass org/apache/logging/log4j/core/config/AppenderRef
instanceKlass org/apache/logging/log4j/core/pattern/AnsiConverter
instanceKlass org/apache/logging/log4j/core/pattern/ArrayPatternConverter
instanceKlass org/apache/logging/log4j/core/impl/LocationAware
instanceKlass org/apache/logging/log4j/core/pattern/AbstractPatternConverter
instanceKlass org/apache/logging/log4j/core/pattern/PatternConverter
instanceKlass org/apache/logging/log4j/core/config/plugins/util/PluginType
instanceKlass org/apache/logging/log4j/core/config/builder/api/ConfigurationBuilderFactory
instanceKlass java/util/TreeMap$PrivateEntryIterator
instanceKlass java/lang/invoke/LambdaForm$MH
instanceKlass java/lang/invoke/LambdaForm$DMH
instanceKlass java/lang/invoke/LambdaForm$DMH
instanceKlass org/apache/logging/log4j/core/config/plugins/processor/PluginCache$$Lambda$92
instanceKlass java/lang/invoke/LambdaForm$DMH
instanceKlass org/apache/logging/log4j/core/config/plugins/processor/PluginEntry
instanceKlass org/apache/logging/log4j/core/config/plugins/processor/PluginCache$$Lambda$91
instanceKlass org/apache/logging/log4j/core/config/plugins/processor/PluginCache
instanceKlass org/apache/logging/log4j/core/config/plugins/util/ResolverUtil$Test
instanceKlass org/apache/logging/log4j/core/config/plugins/util/PluginRegistry
instanceKlass org/apache/logging/log4j/core/config/plugins/util/PluginManager
instanceKlass org/apache/logging/log4j/core/lookup/PropertiesLookup
instanceKlass org/apache/logging/log4j/core/lookup/LookupResult
instanceKlass org/apache/logging/log4j/core/lookup/AbstractLookup
instanceKlass org/apache/logging/log4j/core/config/LoggerContextAware
instanceKlass org/apache/logging/log4j/core/config/DefaultAdvertiser
instanceKlass org/apache/logging/log4j/core/config/Property
instanceKlass org/apache/logging/log4j/core/config/ConfigurationSource
instanceKlass org/apache/logging/log4j/core/util/NanoClock
instanceKlass org/apache/logging/log4j/core/net/Advertiser
instanceKlass org/apache/logging/log4j/core/async/AsyncLoggerConfigDelegate
instanceKlass org/apache/logging/log4j/core/util/Watcher
instanceKlass org/apache/logging/log4j/core/Appender
instanceKlass org/apache/logging/log4j/core/Layout
instanceKlass org/apache/logging/log4j/core/layout/Encoder
instanceKlass org/apache/logging/log4j/core/lookup/StrLookup
instanceKlass org/apache/logging/log4j/core/lookup/StrSubstitutor
instanceKlass org/apache/logging/log4j/core/config/ConfigurationAware
instanceKlass org/apache/logging/log4j/core/AbstractLifeCycle
instanceKlass org/apache/logging/log4j/spi/LoggerContextShutdownEnabled
instanceKlass org/apache/logging/log4j/core/config/ConfigurationListener
instanceKlass org/apache/logging/log4j/spi/Terminable
instanceKlass java/util/stream/WhileOps$DropWhileSink
instanceKlass org/apache/logging/log4j/util/StackLocator$$Lambda$90
instanceKlass java/util/stream/WhileOps$DropWhileOp
instanceKlass java/util/stream/WhileOps
instanceKlass org/apache/logging/log4j/util/StackLocator$$Lambda$89
instanceKlass org/apache/logging/log4j/util/StackLocator$$Lambda$88
instanceKlass java/lang/StackStreamFactory$FrameBuffer
instanceKlass java/lang/StackStreamFactory$1
instanceKlass java/lang/StackStreamFactory
instanceKlass org/apache/logging/log4j/util/StackLocator$$Lambda$87
instanceKlass org/apache/logging/log4j/util/StackLocator
instanceKlass org/apache/logging/log4j/util/StackLocatorUtil
instanceKlass org/apache/logging/log4j/internal/LogManagerStatus
instanceKlass java/util/concurrent/Executors$DefaultThreadFactory
instanceKlass java/util/concurrent/Executors
instanceKlass org/apache/logging/log4j/core/util/Cancellable
instanceKlass org/apache/logging/log4j/core/util/DefaultShutdownCallbackRegistry
instanceKlass org/apache/logging/log4j/core/LifeCycle2
instanceKlass org/apache/logging/log4j/core/selector/ClassLoaderContextSelector
instanceKlass org/apache/logging/log4j/core/util/Loader
instanceKlass org/apache/logging/log4j/core/util/Constants
instanceKlass org/apache/logging/log4j/core/config/Configuration
instanceKlass org/apache/logging/log4j/core/filter/Filterable
instanceKlass org/apache/logging/log4j/spi/LoggerContext
instanceKlass org/apache/logging/log4j/core/selector/ContextSelector
instanceKlass java/util/zip/ZipFile$ZipEntryIterator
instanceKlass java/util/jar/JarFile$$Lambda$86
instanceKlass org/apache/logging/log4j/core/impl/Log4jContextFactory
instanceKlass org/apache/logging/log4j/core/util/ShutdownCallbackRegistry
instanceKlass org/apache/logging/log4j/util/ProviderUtil$$Lambda$85
instanceKlass org/apache/logging/log4j/util/ProviderUtil$$Lambda$84
instanceKlass org/apache/logging/log4j/util/InjectedInvoker
instanceKlass org/apache/logging/log4j/spi/Provider
instanceKlass org/apache/logging/log4j/util/ProviderUtil
instanceKlass org/apache/logging/log4j/spi/LoggerContextFactory
instanceKlass org/apache/logging/log4j/LogManager
instanceKlass org/apache/logging/slf4j/Log4jMDCAdapter$ThreadLocalMapOfStacks$$Lambda$82
instanceKlass org/apache/logging/slf4j/Log4jMDCAdapter$ThreadLocalMapOfStacks
instanceKlass org/apache/logging/slf4j/Log4jMDCAdapter
instanceKlass org/apache/logging/slf4j/Log4jLoggerFactory$$Lambda$81
instanceKlass java/lang/invoke/LambdaForm$DMH
instanceKlass org/apache/logging/log4j/spi/AbstractLoggerAdapter
instanceKlass org/apache/logging/log4j/spi/LoggerContextShutdownAware
instanceKlass org/apache/logging/log4j/spi/LoggerAdapter
instanceKlass java/text/Format
instanceKlass java/util/RegularEnumSet$EnumSetIterator
instanceKlass org/apache/logging/log4j/util/Strings$$Lambda$80
instanceKlass org/apache/logging/log4j/util/Strings
instanceKlass org/apache/logging/log4j/Level
instanceKlass java/util/concurrent/ConcurrentLinkedQueue$Node
instanceKlass java/util/concurrent/locks/ReentrantReadWriteLock$WriteLock
instanceKlass java/util/concurrent/locks/ReentrantReadWriteLock$ReadLock
instanceKlass java/util/concurrent/locks/ReentrantReadWriteLock
instanceKlass org/apache/logging/log4j/message/EntryMessage
instanceKlass org/apache/logging/log4j/message/ExitMessage
instanceKlass org/apache/logging/log4j/message/FlowMessage
instanceKlass org/apache/logging/log4j/status/SimpleLoggerFactory
instanceKlass org/apache/logging/log4j/spi/AbstractLogger$$Lambda$78
instanceKlass org/apache/logging/log4j/internal/DefaultLogBuilder
instanceKlass org/apache/logging/log4j/BridgeAware
instanceKlass org/apache/logging/log4j/message/DefaultFlowMessageFactory
instanceKlass org/apache/logging/log4j/message/FlowMessageFactory
instanceKlass javax/servlet/Servlet
instanceKlass java/util/regex/Pattern$2
instanceKlass java/util/concurrent/ConcurrentSkipListMap$Iter
instanceKlass java/lang/invoke/LambdaForm$MH
instanceKlass java/lang/invoke/LambdaForm$DMH
instanceKlass java/lang/invoke/LambdaForm$DMH
instanceKlass org/apache/logging/log4j/util/PropertiesUtil$Environment$$Lambda$77
instanceKlass java/lang/invoke/LambdaForm$DMH
instanceKlass java/util/regex/ASCII
instanceKlass org/apache/logging/log4j/util/PropertySource$Util
instanceKlass org/apache/logging/log4j/util/PropertiesUtil$Environment$$Lambda$76
instanceKlass org/apache/logging/log4j/util/PropertiesUtil$Environment$$Lambda$75
instanceKlass java/util/HashMap$HashMapSpliterator
instanceKlass org/apache/logging/log4j/util/PropertiesUtil$Environment$$Lambda$74
instanceKlass org/apache/logging/log4j/util/PropertiesUtil$Environment$$Lambda$73
instanceKlass java/util/concurrent/ConcurrentSkipListMap$CSLMSpliterator
instanceKlass org/apache/logging/log4j/util/SystemPropertiesPropertySource
instanceKlass org/apache/logging/log4j/util/EnvironmentPropertySource
instanceKlass java/util/stream/ForEachOps$ForEachOp
instanceKlass java/util/stream/ForEachOps
instanceKlass org/apache/logging/log4j/util/PropertiesUtil$Environment$$Lambda$72
instanceKlass org/apache/logging/log4j/util/ServiceLoaderUtil$$Lambda$71
instanceKlass org/apache/logging/log4j/util/OsgiServiceLocator
instanceKlass java/lang/invoke/LambdaForm$MH
instanceKlass java/lang/invoke/LambdaForm$MH
instanceKlass java/lang/invoke/LambdaForm$MH
instanceKlass java/lang/invoke/LambdaForm$DMH
instanceKlass org/apache/logging/log4j/util/InjectedInvoker
instanceKlass java/lang/invoke/LambdaForm$MH
instanceKlass java/lang/invoke/LambdaForm$MH
instanceKlass java/lang/invoke/LambdaForm$DMH
instanceKlass java/lang/invoke/LambdaForm$DMH
instanceKlass java/lang/invoke/MethodHandleImpl$ArrayAccessor
instanceKlass java/lang/invoke/MethodHandleImpl$2
instanceKlass java/lang/invoke/MethodHandleImpl$LoopClauses
instanceKlass java/lang/invoke/LambdaForm$MH
instanceKlass java/lang/invoke/LambdaForm$MH
instanceKlass java/lang/invoke/LambdaForm$MH
instanceKlass java/lang/invoke/MethodHandleImpl$BindCaller
instanceKlass org/apache/logging/log4j/util/ServiceLoaderUtil$ServiceLoaderSpliterator
instanceKlass org/apache/logging/log4j/util/ServiceLoaderUtil
instanceKlass java/util/concurrent/atomic/Striped64$1
instanceKlass org/apache/logging/log4j/util/PropertiesUtil$Environment$$Lambda$69
instanceKlass org/apache/logging/log4j/util/BiConsumer
instanceKlass org/apache/logging/log4j/util/PropertySource$Comparator
instanceKlass org/apache/logging/log4j/util/PropertiesUtil$Environment
instanceKlass org/apache/logging/log4j/util/LoaderUtil$ThreadContextClassLoaderGetter
instanceKlass org/apache/logging/log4j/util/LoaderUtil
instanceKlass org/apache/logging/log4j/util/PropertiesPropertySource
instanceKlass org/apache/logging/log4j/util/PropertySource
instanceKlass org/apache/logging/log4j/util/PropertiesUtil
instanceKlass org/apache/logging/log4j/util/Constants
instanceKlass org/apache/logging/log4j/message/AbstractMessageFactory
instanceKlass org/apache/logging/log4j/message/ReusableMessageFactory
instanceKlass org/apache/logging/log4j/MarkerManager$Log4jMarker
instanceKlass org/apache/logging/log4j/util/StringBuilderFormattable
instanceKlass org/apache/logging/log4j/Marker
instanceKlass org/apache/logging/log4j/MarkerManager
instanceKlass java/util/concurrent/locks/ReadWriteLock
instanceKlass org/apache/logging/log4j/LogBuilder
instanceKlass org/apache/logging/log4j/message/MessageFactory2
instanceKlass org/apache/logging/log4j/message/Message
instanceKlass org/apache/logging/log4j/message/MessageFactory
instanceKlass org/apache/logging/log4j/spi/AbstractLogger
instanceKlass org/apache/logging/log4j/spi/LocationAwareLogger
instanceKlass org/apache/logging/log4j/spi/ExtendedLogger
instanceKlass org/apache/logging/log4j/Logger
instanceKlass org/apache/logging/slf4j/Log4jMarkerFactory
instanceKlass org/apache/logging/slf4j/SLF4JServiceProvider
instanceKlass sun/net/www/protocol/jar/URLJarFileCallBack
instanceKlass sun/net/www/MessageHeader
instanceKlass sun/net/www/protocol/jar/JarFileFactory
instanceKlass sun/net/www/protocol/jar/URLJarFile$URLJarFileCloseController
instanceKlass java/net/URLConnection
instanceKlass org/slf4j/helpers/Util
instanceKlass org/slf4j/helpers/NOPMDCAdapter
instanceKlass org/slf4j/helpers/NOPLoggerFactory
instanceKlass org/slf4j/helpers/NOP_FallbackServiceProvider
instanceKlass org/slf4j/helpers/ThreadLocalMapOfStacks
instanceKlass org/slf4j/helpers/BasicMDCAdapter
instanceKlass org/slf4j/Marker
instanceKlass org/slf4j/helpers/BasicMarkerFactory
instanceKlass java/util/concurrent/LinkedBlockingQueue$Node
instanceKlass java/util/concurrent/locks/AbstractQueuedSynchronizer$ConditionObject
instanceKlass java/util/concurrent/locks/Condition
instanceKlass java/util/concurrent/BlockingQueue
instanceKlass org/slf4j/Logger
instanceKlass org/slf4j/helpers/SubstituteLoggerFactory
instanceKlass org/slf4j/spi/MDCAdapter
instanceKlass org/slf4j/IMarkerFactory
instanceKlass org/slf4j/ILoggerFactory
instanceKlass org/slf4j/helpers/SubstituteServiceProvider
instanceKlass org/slf4j/spi/SLF4JServiceProvider
instanceKlass org/slf4j/event/LoggingEvent
instanceKlass org/slf4j/LoggerFactory
instanceKlass org/apache/spark/network/util/JavaUtils
instanceKlass org/apache/spark/internal/config/package$$$Lambda$68
instanceKlass org/apache/spark/internal/config/package$$$Lambda$67
instanceKlass org/apache/spark/internal/config/ConfigBuilder$$Lambda$66
instanceKlass org/apache/spark/internal/config/ConfigBuilder$$Lambda$65
instanceKlass org/apache/spark/internal/config/package$$$Lambda$64
instanceKlass scala/runtime/java8/JFunction1$mcZJ$sp
instanceKlass java/lang/invoke/LambdaForm$DMH
instanceKlass java/lang/invoke/LambdaForm$DMH
instanceKlass org/apache/spark/metrics/GarbageCollectionMetrics$
instanceKlass org/apache/spark/metrics/ExecutorMetricType
instanceKlass org/apache/spark/scheduler/EventLoggingListener$
instanceKlass org/apache/spark/internal/config/ConfigBuilder$$Lambda$63
instanceKlass org/apache/spark/internal/config/TypedConfigBuilder$$Lambda$62
instanceKlass org/apache/spark/internal/config/TypedConfigBuilder$$Lambda$61
instanceKlass org/apache/spark/internal/config/package$$$Lambda$60
instanceKlass scala/runtime/java8/JFunction1$mcZD$sp
instanceKlass java/lang/invoke/LambdaForm$DMH
instanceKlass java/lang/invoke/LambdaForm$DMH
instanceKlass org/apache/spark/internal/config/ConfigBuilder$$Lambda$59
instanceKlass org/apache/spark/internal/config/TypedConfigBuilder$$Lambda$58
instanceKlass org/apache/spark/internal/config/ConfigBuilder$$Lambda$57
instanceKlass org/apache/spark/internal/config/ConfigBuilder$$Lambda$56
instanceKlass org/apache/spark/internal/config/ConfigBuilder$$Lambda$55
instanceKlass org/apache/spark/internal/config/ConfigBuilder$$Lambda$54
instanceKlass org/apache/spark/internal/config/TypedConfigBuilder$$anonfun$$lessinit$greater$1$$Lambda$53
instanceKlass org/apache/spark/internal/config/ConfigBuilder$$Lambda$52
instanceKlass org/apache/spark/internal/config/TypedConfigBuilder$$Lambda$51
instanceKlass org/apache/spark/internal/config/TypedConfigBuilder$$Lambda$50
instanceKlass org/apache/spark/internal/config/ConfigEntry$$$Lambda$49
instanceKlass org/apache/spark/internal/config/ConfigEntry$
instanceKlass scala/collection/mutable/WrappedArray$$anon$10
instanceKlass scala/collection/mutable/WrappedArray$$anon$9
instanceKlass scala/collection/mutable/WrappedArray$$anon$8
instanceKlass scala/collection/mutable/WrappedArray$$anon$7
instanceKlass scala/collection/mutable/WrappedArray$$anon$6
instanceKlass scala/collection/mutable/WrappedArray$$anon$5
instanceKlass scala/collection/mutable/WrappedArray$$anon$4
instanceKlass scala/collection/mutable/WrappedArray$$anon$3
instanceKlass scala/collection/mutable/WrappedArray$$anon$2
instanceKlass scala/collection/mutable/WrappedArray$$anon$1
instanceKlass scala/collection/mutable/WrappedArray$
instanceKlass java/lang/invoke/LambdaForm$MH
instanceKlass java/lang/invoke/LambdaForm$DMH
instanceKlass scala/collection/TraversableLike$$Lambda$48
instanceKlass org/apache/spark/util/Utils$$$Lambda$47
instanceKlass scala/collection/mutable/ArrayOps$ofRef$
instanceKlass scala/Array$$anon$11
instanceKlass scala/Array$$anon$10
instanceKlass scala/Array$$anon$9
instanceKlass scala/Array$$anon$8
instanceKlass scala/Array$$anon$7
instanceKlass scala/Array$$anon$6
instanceKlass scala/Array$$anon$5
instanceKlass scala/Array$$anon$4
instanceKlass scala/Array$$anon$3
instanceKlass scala/Array$$anon$2
instanceKlass scala/reflect/ClassTag$GenericClassTag
instanceKlass scala/reflect/ClassTag$
instanceKlass scala/FallbackArrayBuilding
instanceKlass org/apache/spark/util/Utils$$$Lambda$46
instanceKlass scala/collection/mutable/ArrayOps$ofRef
instanceKlass scala/collection/mutable/ArrayOps
instanceKlass org/apache/spark/internal/config/ConfigHelpers$
instanceKlass org/apache/spark/internal/config/TypedConfigBuilder$$Lambda$45
instanceKlass org/apache/spark/internal/config/TypedConfigBuilder$$Lambda$44
instanceKlass scala/runtime/AbstractFunction1
instanceKlass org/apache/spark/internal/config/ConfigBuilder$$Lambda$43
instanceKlass org/apache/spark/internal/config/TypedConfigBuilder
instanceKlass org/apache/spark/internal/config/ConfigBuilder
instanceKlass org/apache/spark/internal/config/package$
instanceKlass org/apache/spark/SparkConf$$$Lambda$42
instanceKlass scala/collection/generic/SeqForwarder
instanceKlass scala/collection/generic/IterableForwarder
instanceKlass scala/collection/generic/TraversableForwarder
instanceKlass org/apache/spark/SparkConf$DeprecatedConfig
instanceKlass org/apache/spark/SparkConf$
instanceKlass scala/collection/mutable/HashMap$$Lambda$41
instanceKlass org/apache/spark/sql/SparkSession$Builder$$Lambda$40
instanceKlass scala/collection/TraversableLike$WithFilter$$Lambda$39
instanceKlass java/lang/invoke/LambdaForm$MH
instanceKlass org/apache/spark/SparkConf$$Lambda$38
instanceKlass java/lang/invoke/LambdaForm$DMH
instanceKlass scala/collection/TraversableLike$WithFilter$$Lambda$37
instanceKlass org/apache/spark/SparkConf$$Lambda$36
instanceKlass scala/collection/TraversableLike$WithFilter
instanceKlass org/apache/spark/SparkConf$$Lambda$35
instanceKlass scala/collection/mutable/FlatHashTable$NullSentinel$
instanceKlass scala/util/hashing/MurmurHash3$ArrayHashing
instanceKlass scala/util/hashing/Hashing
instanceKlass scala/util/hashing/MurmurHash3
instanceKlass scala/runtime/ScalaRunTime$
instanceKlass scala/collection/convert/Wrappers$IteratorWrapper
instanceKlass scala/collection/convert/WrapAsScala$
instanceKlass scala/collection/convert/WrapAsScala
instanceKlass scala/collection/convert/LowPriorityWrapAsScala
instanceKlass scala/collection/TraversableLike$$Lambda$34
instanceKlass scala/collection/mutable/FlatHashTable$
instanceKlass scala/collection/mutable/FlatHashTable
instanceKlass scala/collection/mutable/FlatHashTable$HashUtils
instanceKlass scala/collection/mutable/GrowingBuilder
instanceKlass org/apache/spark/util/Utils$$$Lambda$33
instanceKlass scala/collection/convert/DecorateAsScala$$Lambda$32
instanceKlass java/util/regex/Pattern$BmpCharPredicate$$Lambda$31
instanceKlass java/util/regex/IntHashSet
instanceKlass java/util/regex/Matcher
instanceKlass java/util/regex/MatchResult
instanceKlass jdk/internal/math/FDBigInteger
instanceKlass jdk/internal/math/FloatingDecimal$ASCIIToBinaryBuffer
instanceKlass jdk/internal/math/FloatingDecimal$PreparedASCIIToBinaryBuffer
instanceKlass jdk/internal/math/FloatingDecimal$ASCIIToBinaryConverter
instanceKlass jdk/internal/math/FloatingDecimal$BinaryToASCIIBuffer
instanceKlass jdk/internal/math/FloatingDecimal$ExceptionalBinaryToASCIIBuffer
instanceKlass jdk/internal/math/FloatingDecimal$BinaryToASCIIConverter
instanceKlass jdk/internal/math/FloatingDecimal
instanceKlass java/lang/Byte$ByteCache
instanceKlass java/lang/Short$ShortCache
instanceKlass org/apache/commons/lang3/math/NumberUtils
instanceKlass org/apache/commons/lang3/SystemUtils
instanceKlass java/util/regex/Pattern$$Lambda$30
instanceKlass java/util/regex/Pattern$$Lambda$29
instanceKlass java/util/regex/Pattern$BitClass$$Lambda$28
instanceKlass java/lang/invoke/LambdaForm$MH
instanceKlass java/lang/invoke/LambdaForm$DMH
instanceKlass sun/reflect/misc/ReflectUtil
instanceKlass scala/collection/immutable/VM
instanceKlass scala/Function2
instanceKlass scala/collection/immutable/HashMap$Merger
instanceKlass scala/collection/generic/BitOperations$Int
instanceKlass scala/collection/immutable/HashMap$HashMapBuilder
instanceKlass scala/collection/immutable/Map$MapBuilderImpl$$Lambda$27
instanceKlass scala/collection/generic/Growable$$Lambda$26
instanceKlass scala/collection/immutable/HasForeachEntry
instanceKlass scala/collection/immutable/Map$MapBuilderImpl
instanceKlass java/util/Collections$UnmodifiableMap$UnmodifiableEntrySet$UnmodifiableEntry
instanceKlass java/util/Collections$UnmodifiableMap$UnmodifiableEntrySet$1
instanceKlass scala/collection/mutable/MapLike$$Lambda$25
instanceKlass scala/collection/convert/Wrappers$
instanceKlass scala/collection/convert/Wrappers$JMapWrapperLike
instanceKlass scala/collection/convert/DecorateAsScala$$Lambda$24
instanceKlass scala/collection/convert/Decorators$AsScala
instanceKlass java/util/TreeMap$Entry
instanceKlass java/lang/ProcessEnvironment$CheckedEntry
instanceKlass java/lang/ProcessEnvironment$CheckedEntrySet$1
instanceKlass java/lang/ProcessEnvironment$EntryComparator
instanceKlass java/lang/ProcessEnvironment$NameComparator
instanceKlass scala/collection/concurrent/Map
instanceKlass scala/collection/mutable/Set
instanceKlass scala/collection/mutable/SetLike
instanceKlass scala/collection/convert/Wrappers
instanceKlass scala/collection/JavaConverters$
instanceKlass scala/collection/convert/DecorateAsScala
instanceKlass scala/collection/convert/AsScalaConverters
instanceKlass scala/collection/convert/DecorateAsJava
instanceKlass scala/collection/convert/AsJavaConverters
instanceKlass org/apache/spark/util/Utils$$$Lambda$23
instanceKlass java/util/regex/Pattern$TreeInfo
instanceKlass java/util/regex/Pattern$$Lambda$22
instanceKlass java/util/regex/Pattern$BmpCharPredicate
instanceKlass java/util/regex/Pattern$$Lambda$21
instanceKlass java/util/regex/Pattern$CharPredicate
instanceKlass java/util/regex/Pattern$Node
instanceKlass java/util/regex/Pattern
instanceKlass scala/collection/immutable/StringOps$
instanceKlass scala/util/matching/UnanchoredRegex
instanceKlass scala/util/matching/Regex
instanceKlass scala/collection/immutable/StringOps
instanceKlass scala/collection/immutable/StringLike
instanceKlass java/util/concurrent/atomic/AtomicReferenceArray
instanceKlass org/sparkproject/guava/collect/MapMaker$RemovalListener
instanceKlass org/sparkproject/guava/base/Ticker
instanceKlass org/sparkproject/guava/base/Objects
instanceKlass org/sparkproject/guava/collect/MapMakerInternalMap$1
instanceKlass jdk/internal/logger/DefaultLoggerFinder$1
instanceKlass java/util/logging/Logger$SystemLoggerHelper$1
instanceKlass java/util/logging/Logger$SystemLoggerHelper
instanceKlass java/util/logging/LogManager$4
instanceKlass jdk/internal/logger/BootstrapLogger$BootstrapExecutors
instanceKlass jdk/internal/logger/BootstrapLogger$RedirectedLoggers
instanceKlass java/util/ServiceLoader$ProviderImpl
instanceKlass java/util/ServiceLoader$Provider
instanceKlass java/util/ServiceLoader$1
instanceKlass java/util/concurrent/CopyOnWriteArrayList$COWIterator
instanceKlass jdk/internal/loader/URLClassPath$1
instanceKlass java/lang/CompoundEnumeration
instanceKlass jdk/internal/loader/BuiltinClassLoader$1
instanceKlass java/util/Collections$EmptyEnumeration
instanceKlass java/util/Collections$EmptyIterator
instanceKlass jdk/internal/jimage/ImageLocation
instanceKlass jdk/internal/jimage/decompressor/Decompressor
instanceKlass jdk/internal/jimage/ImageStringsReader
instanceKlass jdk/internal/jimage/ImageStrings
instanceKlass jdk/internal/jimage/ImageHeader
instanceKlass jdk/internal/jimage/NativeImageBuffer$1
instanceKlass jdk/internal/jimage/NativeImageBuffer
instanceKlass jdk/internal/jimage/BasicImageReader$1
instanceKlass jdk/internal/jimage/BasicImageReader
instanceKlass jdk/internal/jimage/ImageReader
instanceKlass jdk/internal/jimage/ImageReaderFactory$1
instanceKlass jdk/internal/jimage/ImageReaderFactory
instanceKlass jdk/internal/module/SystemModuleFinders$SystemImage
instanceKlass jdk/internal/module/SystemModuleFinders$SystemModuleReader
instanceKlass java/lang/module/ModuleReader
instanceKlass jdk/internal/loader/BuiltinClassLoader$5
instanceKlass jdk/internal/loader/BuiltinClassLoader$2
instanceKlass jdk/internal/module/Resources
instanceKlass java/util/ServiceLoader$3
instanceKlass java/util/ServiceLoader$2
instanceKlass java/util/ServiceLoader$LazyClassPathLookupIterator
instanceKlass java/lang/ModuleLayer$$Lambda$20
instanceKlass java/util/Spliterators$1Adapter
instanceKlass java/util/Spliterators$ArraySpliterator
instanceKlass jdk/internal/loader/AbstractClassLoaderValue$Memoizer
instanceKlass java/util/ServiceLoader$ModuleServicesLookupIterator
instanceKlass java/util/ServiceLoader
instanceKlass jdk/internal/logger/BootstrapLogger$DetectBackend$1
instanceKlass jdk/internal/logger/BootstrapLogger$DetectBackend
instanceKlass jdk/internal/logger/BootstrapLogger
instanceKlass sun/util/logging/PlatformLogger$ConfigurableBridge
instanceKlass sun/util/logging/PlatformLogger$Bridge
instanceKlass java/lang/System$Logger
instanceKlass java/util/stream/Streams
instanceKlass java/util/stream/Streams$AbstractStreamBuilderImpl
instanceKlass java/util/stream/Stream$Builder
instanceKlass java/util/logging/Level$KnownLevel$$Lambda$19
instanceKlass java/util/ArrayList$ArrayListSpliterator
instanceKlass java/util/logging/Level$$Lambda$18
instanceKlass java/util/Hashtable$Enumerator
instanceKlass java/util/Collections$3
instanceKlass jdk/internal/util/ArraysSupport
instanceKlass java/util/logging/LogManager$LoggerContext$1
instanceKlass java/util/logging/LogManager$VisitedLoggers
instanceKlass java/lang/invoke/LambdaForm$MH
instanceKlass java/lang/invoke/LambdaForm$MH
instanceKlass java/lang/invoke/LambdaForm$MH
instanceKlass java/lang/invoke/MethodHandles$1
instanceKlass java/lang/Long$LongCache
instanceKlass java/lang/invoke/LambdaForm$MH
instanceKlass java/lang/invoke/LambdaForm$MH
instanceKlass java/lang/invoke/LambdaForm$MH
instanceKlass java/lang/invoke/LambdaForm$MH
instanceKlass java/lang/invoke/LambdaForm$MH
instanceKlass java/lang/ClassValue$Version
instanceKlass java/lang/ClassValue$Identity
instanceKlass java/lang/ClassValue
instanceKlass java/lang/invoke/StringConcatFactory$Stringifiers
instanceKlass java/lang/StringConcatHelper
instanceKlass java/lang/invoke/StringConcatFactory$MethodHandleInlineCopyStrategy$2
instanceKlass java/lang/invoke/StringConcatFactory$MethodHandleInlineCopyStrategy$1
instanceKlass java/lang/invoke/StringConcatFactory$MethodHandleInlineCopyStrategy
instanceKlass java/lang/invoke/StringConcatFactory$RecipeElement
instanceKlass java/lang/invoke/StringConcatFactory$Recipe
instanceKlass java/lang/invoke/StringConcatFactory$1
instanceKlass java/lang/invoke/StringConcatFactory
instanceKlass java/nio/file/FileSystems$DefaultFileSystemHolder$1
instanceKlass java/nio/file/FileSystems$DefaultFileSystemHolder
instanceKlass java/nio/file/FileSystems
instanceKlass java/nio/file/Paths
instanceKlass java/util/logging/LogManager$2
instanceKlass java/lang/invoke/VarHandle$AccessDescriptor
instanceKlass java/lang/System$LoggerFinder
instanceKlass java/security/Security$2
instanceKlass jdk/internal/access/JavaSecurityPropertiesAccess
instanceKlass java/security/Security$1
instanceKlass java/security/Security
instanceKlass sun/security/util/SecurityProperties
instanceKlass sun/security/util/FilePermCompat
instanceKlass java/util/logging/LogManager$LoggingProviderAccess
instanceKlass sun/util/logging/internal/LoggingProviderImpl$LogManagerAccess
instanceKlass java/lang/Shutdown$Lock
instanceKlass java/lang/Shutdown
instanceKlass java/lang/ApplicationShutdownHooks$1
instanceKlass java/lang/ApplicationShutdownHooks
instanceKlass java/util/Collections$SynchronizedMap
instanceKlass java/util/concurrent/locks/AbstractQueuedSynchronizer$Node
instanceKlass java/util/logging/LogManager$LogNode
instanceKlass java/util/logging/LogManager$LoggerContext
instanceKlass java/util/logging/LogManager$1
instanceKlass java/util/logging/LogManager
instanceKlass java/util/logging/Logger$ConfigurationData
instanceKlass java/util/logging/Logger$LoggerBundle
instanceKlass java/util/logging/Level
instanceKlass java/util/logging/Handler
instanceKlass java/util/logging/Logger
instanceKlass org/sparkproject/guava/collect/MapMakerInternalMap$ReferenceEntry
instanceKlass org/sparkproject/guava/base/Predicate
instanceKlass org/sparkproject/guava/base/Equivalence
instanceKlass org/sparkproject/guava/base/Preconditions
instanceKlass org/sparkproject/guava/collect/MapMakerInternalMap$ValueReference
instanceKlass org/sparkproject/guava/collect/GenericMapMaker
instanceKlass org/sparkproject/guava/collect/Interners$WeakInterner
instanceKlass org/sparkproject/guava/base/Function
instanceKlass org/sparkproject/guava/collect/Interner
instanceKlass org/sparkproject/guava/collect/Interners
instanceKlass scala/runtime/BoxedUnit
instanceKlass org/apache/spark/util/SparkExitCode$
instanceKlass org/apache/spark/util/SparkUncaughtExceptionHandler$
instanceKlass org/apache/spark/util/SparkUncaughtExceptionHandler
instanceKlass java/util/Random
instanceKlass scala/util/Try
instanceKlass org/apache/hadoop/fs/statistics/IOStatisticsSource
instanceKlass org/apache/hadoop/fs/ByteBufferPositionedReadable
instanceKlass org/apache/hadoop/fs/StreamCapabilities
instanceKlass org/apache/hadoop/fs/CanUnbuffer
instanceKlass org/apache/hadoop/fs/HasEnhancedByteBufferAccess
instanceKlass org/apache/hadoop/fs/CanSetReadahead
instanceKlass org/apache/hadoop/fs/CanSetDropBehind
instanceKlass org/apache/hadoop/fs/HasFileDescriptor
instanceKlass org/apache/hadoop/fs/ByteBufferReadable
instanceKlass org/apache/hadoop/fs/PositionedReadable
instanceKlass org/apache/hadoop/fs/Seekable
instanceKlass org/sparkproject/guava/cache/CacheLoader
instanceKlass java/nio/channels/WritableByteChannel
instanceKlass java/nio/channels/Channel
instanceKlass java/lang/management/LockInfo
instanceKlass java/io/ObjectStreamConstants
instanceKlass java/io/ObjectInput
instanceKlass org/apache/spark/util/Utils$
instanceKlass org/apache/spark/util/SparkSerDeUtils
instanceKlass org/apache/spark/util/SparkFileUtils
instanceKlass org/apache/spark/util/SparkErrorUtils
instanceKlass org/apache/spark/util/SparkClassUtils
instanceKlass org/apache/spark/SparkThrowable
instanceKlass org/apache/spark/internal/config/ConfigProvider
instanceKlass org/apache/spark/SparkConf
instanceKlass scala/collection/mutable/DefaultEntry
instanceKlass scala/util/hashing/package$
instanceKlass scala/runtime/Statics
instanceKlass scala/Product2$mcII$sp
instanceKlass scala/Product2$mcJJ$sp
instanceKlass scala/Product2$mcIJ$sp
instanceKlass scala/Product2$mcID$sp
instanceKlass scala/Product2$mcJD$sp
instanceKlass scala/Product2$mcJI$sp
instanceKlass scala/Product2$mcDJ$sp
instanceKlass scala/Product2$mcDD$sp
instanceKlass scala/Product2$mcDI$sp
instanceKlass scala/Tuple2
instanceKlass scala/Product2
instanceKlass scala/Predef$$anon$1
instanceKlass scala/reflect/NoManifest$
instanceKlass scala/reflect/ManifestFactory$ClassTypeManifest
instanceKlass scala/runtime/Null$
instanceKlass scala/collection/mutable/ArrayBuilder
instanceKlass scala/collection/mutable/ReusableBuilder
instanceKlass scala/reflect/AnyValManifest
instanceKlass scala/reflect/Manifest
instanceKlass scala/reflect/ManifestFactory$
instanceKlass scala/reflect/ClassTag
instanceKlass scala/reflect/ClassManifestDeprecatedApis
instanceKlass scala/reflect/OptManifest
instanceKlass scala/reflect/ClassManifestFactory$
instanceKlass scala/reflect/package$
instanceKlass scala/collection/generic/GenSetFactory$$anon$1
instanceKlass scala/collection/immutable/Set
instanceKlass scala/collection/generic/GenMapFactory$MapCanBuildFrom
instanceKlass scala/collection/immutable/Map
instanceKlass scala/collection/immutable/MapLike
instanceKlass scala/collection/generic/GenMapFactory
instanceKlass scala/util/Right$
instanceKlass scala/util/Left$
instanceKlass scala/util/Either$
instanceKlass scala/math/Ordering$Int$
instanceKlass scala/math/Ordering$IntOrdering
instanceKlass scala/math/Ordering$Reverse
instanceKlass scala/math/Ordering$
instanceKlass scala/math/LowPriorityOrderingImplicits
instanceKlass scala/math/Ordered$
instanceKlass scala/math/Numeric$
instanceKlass scala/math/Integral$
instanceKlass scala/math/Fractional$
instanceKlass scala/math/Equiv$
instanceKlass scala/math/LowPriorityEquiv
instanceKlass scala/math/Ordered
instanceKlass scala/math/ScalaNumericConversions
instanceKlass scala/math/ScalaNumericAnyConversions
instanceKlass scala/math/BigInt$
instanceKlass java/math/MathContext
instanceKlass scala/math/BigDecimal$
instanceKlass scala/collection/immutable/Range$
instanceKlass scala/collection/mutable/StringBuilder$
instanceKlass scala/collection/immutable/VectorPointer
instanceKlass scala/collection/immutable/IndexedSeq
instanceKlass scala/collection/immutable/Stream$$hash$colon$colon$
instanceKlass scala/collection/$colon$plus$
instanceKlass scala/collection/$plus$colon$
instanceKlass scala/collection/immutable/$colon$colon$
instanceKlass scala/collection/immutable/List$$anon$1
instanceKlass scala/collection/BufferedIterator
instanceKlass scala/collection/AbstractIterator
instanceKlass scala/collection/TraversableOnce$BufferedCanBuildFrom
instanceKlass scala/collection/Iterator$
instanceKlass scala/sys/SystemProperties$$Lambda$17
instanceKlass scala/runtime/BoxesRunTime
instanceKlass scala/Option$
instanceKlass scala/sys/SystemProperties$$Lambda$16
instanceKlass scala/sys/SystemProperties$$Lambda$15
instanceKlass scala/runtime/java8/JFunction0$mcZ$sp
instanceKlass scala/sys/package$
instanceKlass scala/sys/BooleanProp$$$Lambda$14
instanceKlass scala/sys/PropImpl
instanceKlass scala/sys/BooleanProp
instanceKlass scala/sys/Prop
instanceKlass scala/sys/BooleanProp$
instanceKlass scala/sys/SystemProperties$
instanceKlass scala/util/control/NoStackTrace$
instanceKlass scala/util/control/Breaks$TryBlock
instanceKlass scala/util/control/Breaks
instanceKlass scala/package$$anon$1
instanceKlass scala/Specializable
instanceKlass scala/package$
instanceKlass scala/Predef$$eq$colon$eq
instanceKlass scala/Predef$$less$colon$less
instanceKlass scala/collection/mutable/ArrayLike
instanceKlass scala/LowPriorityImplicits
instanceKlass scala/DeprecatedPredef
instanceKlass scala/Predef$ArrowAssoc$
instanceKlass scala/util/Either
instanceKlass scala/math/package$
instanceKlass scala/collection/mutable/IndexedSeqView
instanceKlass scala/collection/SeqView
instanceKlass scala/collection/SeqViewLike
instanceKlass scala/collection/mutable/ResizableArray
instanceKlass scala/collection/mutable/IndexedSeqOptimized
instanceKlass scala/collection/IndexedSeqOptimized
instanceKlass scala/collection/mutable/IndexedSeq
instanceKlass scala/collection/mutable/IndexedSeqLike
instanceKlass scala/collection/IndexedSeq
instanceKlass scala/collection/IndexedSeqLike
instanceKlass scala/math/Numeric
instanceKlass scala/math/Ordering
instanceKlass scala/math/PartialOrdering
instanceKlass scala/math/Equiv
instanceKlass scala/collection/generic/GenTraversableFactory$GenericCanBuildFrom
instanceKlass scala/collection/generic/CanBuildFrom
instanceKlass org/apache/spark/sql/SparkSessionExtensions
instanceKlass scala/collection/mutable/HashTable$
instanceKlass scala/collection/Parallel
instanceKlass scala/collection/mutable/HashEntry
instanceKlass scala/collection/mutable/Buffer
instanceKlass scala/collection/mutable/BufferLike
instanceKlass scala/collection/script/Scriptable
instanceKlass scala/collection/mutable/Seq
instanceKlass scala/collection/mutable/SeqLike
instanceKlass scala/collection/Set
instanceKlass scala/collection/SetLike
instanceKlass scala/collection/IterableView
instanceKlass scala/collection/IterableViewLike
instanceKlass scala/collection/GenSet
instanceKlass scala/collection/generic/GenericSetTemplate
instanceKlass scala/collection/GenSetLike
instanceKlass scala/collection/generic/TraversableFactory
instanceKlass scala/collection/generic/GenericSeqCompanion
instanceKlass scala/collection/generic/GenericCompanion
instanceKlass scala/collection/immutable/LinearSeq
instanceKlass scala/collection/LinearSeq
instanceKlass scala/collection/immutable/Seq
instanceKlass scala/collection/immutable/Iterable
instanceKlass scala/collection/immutable/Traversable
instanceKlass scala/Immutable
instanceKlass scala/collection/Iterator
instanceKlass scala/collection/TraversableView
instanceKlass scala/collection/TraversableViewLike
instanceKlass scala/collection/ViewMkString
instanceKlass scala/Function0
instanceKlass scala/collection/Seq
instanceKlass scala/collection/GenSeq
instanceKlass scala/collection/LinearSeqOptimized
instanceKlass scala/collection/LinearSeqLike
instanceKlass scala/collection/SeqLike
instanceKlass scala/collection/GenSeqLike
instanceKlass scala/util/control/ControlThrowable
instanceKlass scala/util/control/NoStackTrace
instanceKlass scala/collection/AbstractTraversable
instanceKlass scala/collection/CustomParallelizable
instanceKlass scala/collection/mutable/HashTable
instanceKlass scala/collection/mutable/HashTable$HashUtils
instanceKlass scala/collection/mutable/Map
instanceKlass scala/collection/mutable/MapLike
instanceKlass scala/collection/mutable/Cloneable
instanceKlass scala/Cloneable
instanceKlass scala/collection/generic/Shrinkable
instanceKlass scala/collection/mutable/Builder
instanceKlass scala/collection/generic/Growable
instanceKlass scala/collection/generic/Clearable
instanceKlass scala/collection/Map
instanceKlass scala/collection/MapLike
instanceKlass scala/collection/generic/Subtractable
instanceKlass scala/PartialFunction
instanceKlass scala/Function1
instanceKlass scala/collection/GenMap
instanceKlass scala/collection/GenMapLike
instanceKlass scala/collection/mutable/Iterable
instanceKlass scala/collection/Iterable
instanceKlass scala/collection/IterableLike
instanceKlass scala/collection/GenIterable
instanceKlass scala/collection/GenIterableLike
instanceKlass scala/collection/mutable/Traversable
instanceKlass scala/Mutable
instanceKlass scala/collection/Traversable
instanceKlass scala/collection/GenTraversable
instanceKlass scala/collection/generic/GenericTraversableTemplate
instanceKlass scala/collection/TraversableLike
instanceKlass scala/collection/GenTraversableLike
instanceKlass scala/collection/Parallelizable
instanceKlass scala/collection/TraversableOnce
instanceKlass scala/collection/generic/FilterMonadic
instanceKlass scala/collection/generic/HasNewBuilder
instanceKlass org/apache/spark/sql/SparkSession$Builder
instanceKlass java/util/concurrent/atomic/AtomicReference
instanceKlass scala/Option
instanceKlass scala/Product
instanceKlass scala/Equals
instanceKlass org/apache/spark/internal/config/ConfigEntry
instanceKlass org/apache/spark/scheduler/SparkListenerInterface
instanceKlass scala/collection/GenTraversableOnce
instanceKlass org/apache/logging/log4j/core/Filter
instanceKlass org/apache/logging/log4j/core/LifeCycle
instanceKlass org/apache/spark/sql/SparkSession$
instanceKlass scala/Serializable
instanceKlass java/net/Socket$2
instanceKlass sun/net/NetHooks
instanceKlass sun/net/spi/DefaultProxySelector$4
instanceKlass sun/net/spi/DefaultProxySelector$NonProxyInfo
instanceKlass java/net/URI$Parser
instanceKlass java/util/Properties$LineReader
instanceKlass sun/net/NetProperties$1
instanceKlass sun/net/NetProperties
instanceKlass sun/net/spi/DefaultProxySelector$1
instanceKlass java/net/Proxy
instanceKlass java/net/ProxySelector
instanceKlass java/net/SocksSocketImpl$3
instanceKlass java/net/Inet6Address$Inet6AddressHolder
instanceKlass org/apache/spark/internal/Logging
instanceKlass java/net/AbstractPlainSocketImpl$1
instanceKlass java/net/NetworkInterface
instanceKlass java/net/StandardSocketOptions$StdSocketOption
instanceKlass java/net/SocketOption
instanceKlass java/net/StandardSocketOptions
instanceKlass java/net/SocketImpl
instanceKlass java/net/SocketOptions
instanceKlass java/net/SocksConsts
instanceKlass java/net/InetSocketAddress$InetSocketAddressHolder
instanceKlass java/net/InetAddress$PlatformNameService
instanceKlass java/net/InetAddress$NameService
instanceKlass java/net/Inet6AddressImpl
instanceKlass java/net/InetAddressImpl
instanceKlass java/net/InetAddressImplFactory
instanceKlass java/util/concurrent/ConcurrentSkipListMap$Node
instanceKlass com/ecommerce/analytics/MainApp$
instanceKlass java/util/concurrent/ConcurrentSkipListMap$Index
instanceKlass com/ecommerce/analytics/MainApp
instanceKlass java/util/concurrent/ConcurrentNavigableMap
instanceKlass java/io/FileInputStream$1
instanceKlass java/util/NavigableMap
instanceKlass java/util/SortedMap
instanceKlass java/util/NavigableSet
instanceKlass java/util/SortedSet
instanceKlass java/net/InetAddress$InetAddressHolder
instanceKlass sun/nio/cs/ArrayDecoder
instanceKlass java/net/InetAddress$2
instanceKlass jdk/internal/access/JavaNetInetAddressAccess
instanceKlass java/lang/StringCoding$StringDecoder
instanceKlass java/net/InetAddress$1
instanceKlass sun/launcher/LauncherHelper
instanceKlass java/net/InetAddress
instanceKlass java/net/SocketAddress
instanceKlass jdk/internal/vm/PostVMInitHook$1
instanceKlass java/net/Socket
instanceKlass jdk/internal/util/EnvUtils
instanceKlass jdk/internal/vm/PostVMInitHook$2
instanceKlass jdk/internal/vm/PostVMInitHook
instanceKlass com/intellij/rt/execution/application/AppMainV2
instanceKlass sun/instrument/InstrumentationImpl$1
instanceKlass com/intellij/rt/execution/application/AppMainV2$Agent
instanceKlass java/security/SecureClassLoader$DebugHolder
instanceKlass java/security/Permissions$1
instanceKlass java/security/PermissionCollection
instanceKlass java/security/SecureClassLoader$1
instanceKlass java/security/SecureClassLoader$CodeSourceKey
instanceKlass java/util/zip/Checksum$1
instanceKlass java/util/zip/CRC32
instanceKlass java/util/zip/Checksum
instanceKlass sun/nio/ByteBuffered
instanceKlass java/lang/Package$VersionInfo
instanceKlass java/lang/NamedPackage
instanceKlass jdk/internal/loader/Resource
instanceKlass sun/nio/cs/ThreadLocalCoders$Cache
instanceKlass sun/nio/cs/ThreadLocalCoders
instanceKlass java/util/LinkedList$Node
instanceKlass java/nio/charset/CoderResult
instanceKlass java/nio/charset/CharsetDecoder
instanceKlass java/io/Reader
instanceKlass java/lang/Readable
instanceKlass java/util/jar/Attributes$Name
instanceKlass java/lang/StringCoding$Result
instanceKlass java/util/jar/Attributes
instanceKlass sun/security/action/GetIntegerAction
instanceKlass sun/security/util/Debug
instanceKlass sun/security/util/SignatureFileVerifier
instanceKlass java/util/zip/ZipFile$InflaterCleanupAction
instanceKlass java/util/zip/Inflater$InflaterZStreamRef
instanceKlass java/util/zip/Inflater
instanceKlass java/util/zip/ZipEntry
instanceKlass java/lang/StringCoding
instanceKlass java/util/jar/JarFile$1
instanceKlass jdk/internal/util/jar/JarIndex
instanceKlass java/nio/Bits$1
instanceKlass jdk/internal/access/JavaNioAccess$BufferPool
instanceKlass java/nio/Bits
instanceKlass sun/nio/ch/DirectBuffer
instanceKlass jdk/internal/perf/PerfCounter$CoreCounters
instanceKlass jdk/internal/perf/Perf
instanceKlass jdk/internal/perf/Perf$GetPerfAction
instanceKlass jdk/internal/perf/PerfCounter
instanceKlass java/util/zip/ZipUtils
instanceKlass java/util/zip/ZipFile$Source$End
instanceKlass java/lang/invoke/VarForm
instanceKlass java/lang/invoke/VarHandleGuards
instanceKlass jdk/internal/util/Preconditions$1
instanceKlass java/lang/invoke/VarHandle$1
instanceKlass java/lang/invoke/VarHandles
instanceKlass java/util/concurrent/atomic/AtomicBoolean
instanceKlass java/io/RandomAccessFile$2
instanceKlass jdk/internal/access/JavaIORandomAccessFileAccess
instanceKlass java/io/RandomAccessFile
instanceKlass java/io/DataInput
instanceKlass java/io/DataOutput
instanceKlass java/nio/file/attribute/FileTime
instanceKlass sun/nio/fs/WindowsNativeDispatcher$CompletionStatus
instanceKlass sun/nio/fs/WindowsNativeDispatcher$AclInformation
instanceKlass sun/nio/fs/WindowsNativeDispatcher$Account
instanceKlass sun/nio/fs/WindowsNativeDispatcher$DiskFreeSpace
instanceKlass sun/nio/fs/WindowsNativeDispatcher$VolumeInformation
instanceKlass sun/nio/fs/WindowsNativeDispatcher$FirstStream
instanceKlass sun/nio/fs/WindowsNativeDispatcher$FirstFile
instanceKlass java/util/Enumeration
instanceKlass java/util/LinkedHashMap$LinkedHashIterator
instanceKlass sun/nio/fs/WindowsNativeDispatcher$1
instanceKlass sun/nio/fs/WindowsNativeDispatcher
instanceKlass sun/nio/fs/NativeBuffer$Deallocator
instanceKlass sun/nio/fs/NativeBuffer
instanceKlass java/lang/ThreadLocal$ThreadLocalMap
instanceKlass sun/nio/fs/NativeBuffers
instanceKlass sun/nio/fs/WindowsFileAttributes
instanceKlass java/nio/file/attribute/DosFileAttributes
instanceKlass sun/nio/fs/AbstractBasicFileAttributeView
instanceKlass sun/nio/fs/DynamicFileAttributeView
instanceKlass sun/nio/fs/WindowsFileAttributeViews
instanceKlass sun/nio/cs/SingleByte
instanceKlass java/nio/charset/StandardCharsets
instanceKlass sun/nio/fs/Util
instanceKlass java/nio/file/attribute/BasicFileAttributeView
instanceKlass java/nio/file/attribute/FileAttributeView
instanceKlass java/nio/file/attribute/AttributeView
instanceKlass java/nio/file/Files
instanceKlass java/nio/file/CopyOption
instanceKlass java/nio/file/attribute/BasicFileAttributes
instanceKlass sun/nio/fs/WindowsPath
instanceKlass java/util/zip/ZipFile$Source$Key
instanceKlass sun/nio/fs/WindowsPathParser$Result
instanceKlass sun/nio/fs/WindowsPathParser
instanceKlass java/util/Arrays$ArrayItr
instanceKlass java/nio/file/FileSystem
instanceKlass java/nio/file/OpenOption
instanceKlass java/nio/file/spi/FileSystemProvider
instanceKlass sun/nio/fs/DefaultFileSystemProvider
instanceKlass java/util/zip/ZipFile$Source
instanceKlass java/util/zip/ZipFile$CleanableResource
instanceKlass java/util/zip/ZipCoder
instanceKlass java/lang/Runtime$Version
instanceKlass java/util/jar/JavaUtilJarAccessImpl
instanceKlass jdk/internal/access/JavaUtilJarAccess
instanceKlass jdk/internal/loader/FileURLMapper
instanceKlass jdk/internal/loader/URLClassPath$JarLoader$1
instanceKlass java/util/zip/ZipFile$1
instanceKlass jdk/internal/access/JavaUtilZipFileAccess
instanceKlass java/util/zip/ZipFile
instanceKlass java/util/zip/ZipConstants
instanceKlass jdk/internal/loader/URLClassPath$Loader
instanceKlass jdk/internal/loader/URLClassPath$3
instanceKlass java/security/PrivilegedExceptionAction
instanceKlass sun/util/locale/InternalLocaleBuilder$CaseInsensitiveChar
instanceKlass sun/util/locale/InternalLocaleBuilder
instanceKlass sun/util/locale/LocaleUtils
instanceKlass sun/util/locale/BaseLocale$Key
instanceKlass sun/util/locale/BaseLocale
instanceKlass sun/util/locale/LocaleObjectCache
instanceKlass java/util/Locale
instanceKlass sun/net/util/URLUtil
instanceKlass sun/instrument/TransformerManager$TransformerInfo
instanceKlass sun/instrument/TransformerManager
instanceKlass java/util/ArrayDeque$DeqIterator
instanceKlass java/lang/ClassLoaderHelper
instanceKlass java/lang/ClassLoader$NativeLibrary
instanceKlass java/lang/ClassLoader$2
instanceKlass sun/instrument/InstrumentationImpl
instanceKlass java/lang/instrument/Instrumentation
instanceKlass jdk/internal/module/ModuleBootstrap$SafeModuleFinder
instanceKlass jdk/internal/module/IllegalAccessLogger
instanceKlass jdk/internal/module/ModuleBootstrap$2
instanceKlass jdk/internal/module/IllegalAccessLogger$Builder
instanceKlass java/lang/ModuleLayer$Controller
instanceKlass jdk/internal/module/ServicesCatalog$ServiceProvider
instanceKlass java/util/concurrent/CopyOnWriteArrayList
instanceKlass jdk/internal/module/ModuleLoaderMap$Mapper
instanceKlass jdk/internal/module/ModuleLoaderMap
instanceKlass java/lang/module/ResolvedModule
instanceKlass java/util/Collections$UnmodifiableCollection$1
instanceKlass java/lang/ModuleLayer
instanceKlass java/lang/module/ModuleFinder$1
instanceKlass java/nio/file/Path
instanceKlass java/nio/file/Watchable
instanceKlass java/lang/module/Resolver
instanceKlass java/lang/module/Configuration
instanceKlass java/util/ImmutableCollections$Set12$1
instanceKlass java/util/stream/FindOps$FindSink$OfRef$$Lambda$13
instanceKlass java/util/stream/FindOps$FindSink$OfRef$$Lambda$12
instanceKlass java/util/stream/FindOps$FindSink$OfRef$$Lambda$11
instanceKlass java/util/stream/FindOps$FindSink$OfRef$$Lambda$10
instanceKlass java/util/stream/FindOps$FindOp
instanceKlass java/util/stream/FindOps$FindSink
instanceKlass java/util/stream/FindOps
instanceKlass jdk/internal/module/DefaultRoots$$Lambda$9
instanceKlass java/util/stream/Sink$ChainedReference
instanceKlass java/util/stream/ReduceOps$Box
instanceKlass java/util/stream/ReduceOps$AccumulatingSink
instanceKlass java/util/stream/TerminalSink
instanceKlass java/util/stream/Sink
instanceKlass java/util/function/Consumer
instanceKlass java/util/stream/ReduceOps$ReduceOp
instanceKlass java/util/stream/TerminalOp
instanceKlass java/util/stream/ReduceOps
instanceKlass java/util/stream/Collectors$$Lambda$8
instanceKlass java/util/stream/Collectors$$Lambda$7
instanceKlass java/util/function/BinaryOperator
instanceKlass java/util/function/BiFunction
instanceKlass java/util/stream/Collectors$$Lambda$6
instanceKlass java/util/function/BiConsumer
instanceKlass java/util/stream/Collectors$$Lambda$5
instanceKlass java/util/stream/Collectors$CollectorImpl
instanceKlass java/util/stream/Collector
instanceKlass java/util/Collections$UnmodifiableCollection
instanceKlass java/util/stream/Collectors
instanceKlass jdk/internal/module/DefaultRoots$$Lambda$4
instanceKlass jdk/internal/module/DefaultRoots$$Lambda$3
instanceKlass jdk/internal/org/objectweb/asm/FieldVisitor
instanceKlass jdk/internal/module/DefaultRoots$$Lambda$2
instanceKlass jdk/internal/misc/InnocuousThread$2
instanceKlass jdk/internal/misc/InnocuousThread$3
instanceKlass jdk/internal/ref/CleanerFactory$1$1
instanceKlass java/lang/ref/Cleaner$Cleanable
instanceKlass jdk/internal/ref/CleanerImpl
instanceKlass java/lang/ref/Cleaner$1
instanceKlass java/lang/ref/Cleaner
instanceKlass jdk/internal/ref/CleanerFactory$1
instanceKlass java/util/concurrent/ThreadFactory
instanceKlass jdk/internal/ref/CleanerFactory
instanceKlass java/lang/invoke/LambdaForm$MH
instanceKlass java/util/ArrayList$Itr
instanceKlass java/lang/invoke/InvokerBytecodeGenerator$CpPatch
instanceKlass java/lang/invoke/LambdaFormBuffer
instanceKlass java/lang/invoke/LambdaFormEditor
instanceKlass java/lang/invoke/DelegatingMethodHandle$Holder
instanceKlass sun/invoke/util/Wrapper$1
instanceKlass java/lang/invoke/DirectMethodHandle$1
instanceKlass sun/invoke/empty/Empty
instanceKlass sun/invoke/util/VerifyType
instanceKlass java/util/ImmutableCollections$ListItr
instanceKlass java/util/ListIterator
instanceKlass java/lang/invoke/ClassSpecializer$Factory
instanceKlass java/lang/invoke/ClassSpecializer$SpeciesData
instanceKlass java/lang/invoke/ClassSpecializer$1
instanceKlass java/util/function/Function
instanceKlass java/lang/invoke/ClassSpecializer
instanceKlass java/lang/invoke/InnerClassLambdaMetafactory$1
instanceKlass jdk/internal/module/DefaultRoots$$Lambda$1
instanceKlass jdk/internal/org/objectweb/asm/AnnotationVisitor
instanceKlass jdk/internal/org/objectweb/asm/Frame
instanceKlass jdk/internal/org/objectweb/asm/Label
instanceKlass jdk/internal/org/objectweb/asm/MethodVisitor
instanceKlass jdk/internal/org/objectweb/asm/Item
instanceKlass jdk/internal/org/objectweb/asm/ByteVector
instanceKlass jdk/internal/org/objectweb/asm/ClassVisitor
instanceKlass sun/invoke/util/BytecodeDescriptor
instanceKlass java/lang/invoke/InfoFromMemberName
instanceKlass java/lang/invoke/MethodHandleInfo
instanceKlass sun/security/action/GetBooleanAction
instanceKlass jdk/internal/org/objectweb/asm/Type
instanceKlass java/lang/invoke/AbstractValidatingLambdaMetafactory
instanceKlass java/lang/invoke/MethodHandleImpl$1
instanceKlass jdk/internal/access/JavaLangInvokeAccess
instanceKlass java/lang/invoke/Invokers$Holder
instanceKlass java/lang/invoke/BootstrapMethodInvoker
instanceKlass java/util/function/Predicate
instanceKlass java/lang/WeakPairMap$Pair$Lookup
instanceKlass java/lang/WeakPairMap$Pair
instanceKlass java/lang/WeakPairMap
instanceKlass java/lang/Module$ReflectionData
instanceKlass java/lang/invoke/InvokerBytecodeGenerator$2
instanceKlass java/lang/invoke/InvokerBytecodeGenerator
instanceKlass java/lang/invoke/LambdaForm$Holder
instanceKlass java/lang/invoke/LambdaForm$Name
instanceKlass java/lang/invoke/Invokers
instanceKlass java/lang/invoke/MethodHandleImpl
instanceKlass sun/invoke/util/ValueConversions
instanceKlass java/lang/invoke/DirectMethodHandle$Holder
instanceKlass java/lang/invoke/LambdaForm$NamedFunction
instanceKlass sun/invoke/util/Wrapper$Format
instanceKlass sun/invoke/util/VerifyAccess
instanceKlass java/security/Permission
instanceKlass java/security/Guard
instanceKlass java/lang/invoke/MemberName$Factory
instanceKlass java/lang/invoke/MethodHandles
instanceKlass java/lang/invoke/MethodTypeForm
instanceKlass java/lang/Void
instanceKlass java/lang/invoke/MethodType$ConcurrentWeakInternSet
instanceKlass java/lang/invoke/MethodHandles$Lookup
instanceKlass java/lang/invoke/LambdaMetafactory
instanceKlass sun/reflect/annotation/AnnotationParser
instanceKlass java/lang/Class$3
instanceKlass java/lang/PublicMethods$Key
instanceKlass java/lang/PublicMethods$MethodList
instanceKlass java/util/EnumMap$1
instanceKlass java/util/stream/StreamOpFlag$MaskBuilder
instanceKlass java/util/stream/PipelineHelper
instanceKlass java/util/stream/Stream
instanceKlass java/util/stream/BaseStream
instanceKlass java/util/stream/StreamSupport
instanceKlass java/util/Spliterators$IteratorSpliterator
instanceKlass java/util/Spliterator$OfDouble
instanceKlass java/util/Spliterator$OfLong
instanceKlass java/util/Spliterator$OfInt
instanceKlass java/util/Spliterator$OfPrimitive
instanceKlass java/util/Spliterators$EmptySpliterator
instanceKlass java/util/Spliterator
instanceKlass java/util/Spliterators
instanceKlass jdk/internal/module/DefaultRoots
instanceKlass java/util/HashMap$HashIterator
instanceKlass java/util/ImmutableCollections$SetN$SetNIterator
instanceKlass jdk/internal/loader/BuiltinClassLoader$LoadedModule
instanceKlass jdk/internal/util/Preconditions
instanceKlass java/util/Deque
instanceKlass java/util/Queue
instanceKlass sun/net/util/IPAddressUtil
instanceKlass java/lang/Class$1
instanceKlass java/lang/reflect/ReflectAccess
instanceKlass jdk/internal/reflect/LangReflectAccess
instanceKlass java/lang/reflect/Modifier
instanceKlass java/lang/Class$Atomic
instanceKlass java/lang/Class$ReflectionData
instanceKlass java/net/URLStreamHandler
instanceKlass java/lang/StringUTF16
instanceKlass sun/net/www/ParseUtil
instanceKlass java/io/ExpiringCache$Entry
instanceKlass java/net/URL$3
instanceKlass jdk/internal/access/JavaNetURLAccess
instanceKlass java/net/URL$DefaultFactory
instanceKlass java/net/URLStreamHandlerFactory
instanceKlass jdk/internal/loader/URLClassPath
instanceKlass java/security/Principal
instanceKlass java/security/ProtectionDomain$Key
instanceKlass java/security/ProtectionDomain$JavaSecurityAccessImpl
instanceKlass jdk/internal/access/JavaSecurityAccess
instanceKlass java/lang/ClassLoader$ParallelLoaders
instanceKlass jdk/internal/loader/AbstractClassLoaderValue
instanceKlass jdk/internal/module/ServicesCatalog
instanceKlass jdk/internal/loader/BootLoader
instanceKlass java/util/Optional
instanceKlass jdk/internal/module/ModuleBootstrap$Counters
instanceKlass jdk/internal/module/SystemModuleFinders$SystemModuleFinder
instanceKlass java/lang/module/ModuleFinder
instanceKlass jdk/internal/module/SystemModuleFinders$3
instanceKlass jdk/internal/module/ModuleHashes$HashSupplier
instanceKlass java/util/KeyValueHolder
instanceKlass jdk/internal/module/SystemModuleFinders$2
instanceKlass java/util/function/Supplier
instanceKlass java/lang/module/ModuleReference
instanceKlass jdk/internal/module/ModuleResolution
instanceKlass java/util/Collections$UnmodifiableMap
instanceKlass jdk/internal/module/ModuleHashes$Builder
instanceKlass jdk/internal/module/ModuleHashes
instanceKlass jdk/internal/module/ModuleTarget
instanceKlass java/lang/Enum
instanceKlass java/lang/module/ModuleDescriptor$Version
instanceKlass java/lang/module/ModuleDescriptor$Provides
instanceKlass java/lang/module/ModuleDescriptor$Opens
instanceKlass java/lang/module/ModuleDescriptor$Exports
instanceKlass java/lang/module/ModuleDescriptor$Requires
instanceKlass jdk/internal/module/Builder
instanceKlass jdk/internal/module/SystemModules$all
instanceKlass jdk/internal/module/SystemModules
instanceKlass jdk/internal/module/SystemModulesMap
instanceKlass java/net/URI$1
instanceKlass jdk/internal/access/JavaNetUriAccess
instanceKlass java/net/URI
instanceKlass jdk/internal/module/SystemModuleFinders
instanceKlass jdk/internal/module/ModulePatcher
instanceKlass java/util/ImmutableCollections
instanceKlass java/io/ExpiringCache
instanceKlass java/io/FileSystem
instanceKlass java/io/DefaultFileSystem
instanceKlass java/io/File
instanceKlass java/lang/module/ModuleDescriptor$1
instanceKlass jdk/internal/access/JavaLangModuleAccess
instanceKlass java/lang/module/ModuleDescriptor
instanceKlass jdk/internal/module/ModuleBootstrap
instanceKlass java/lang/CharacterData
instanceKlass java/lang/invoke/MethodHandleStatics
instanceKlass java/lang/System$2
instanceKlass jdk/internal/access/JavaLangAccess
instanceKlass sun/io/Win32ErrorMode
instanceKlass jdk/internal/misc/OSEnvironment
instanceKlass java/lang/Integer$IntegerCache
instanceKlass jdk/internal/misc/Signal$NativeHandler
instanceKlass java/util/Hashtable$Entry
instanceKlass jdk/internal/misc/Signal
instanceKlass java/lang/Terminator$1
instanceKlass jdk/internal/misc/Signal$Handler
instanceKlass java/lang/Terminator
instanceKlass java/nio/ByteOrder
instanceKlass java/nio/Buffer$1
instanceKlass jdk/internal/access/JavaNioAccess
instanceKlass java/util/Arrays
instanceKlass java/nio/charset/CodingErrorAction
instanceKlass java/nio/charset/CharsetEncoder
instanceKlass sun/nio/cs/HistoricallyNamedCharset
instanceKlass sun/security/action/GetPropertyAction
instanceKlass java/lang/ThreadLocal
instanceKlass java/nio/charset/spi/CharsetProvider
instanceKlass java/nio/charset/Charset
instanceKlass java/io/Writer
instanceKlass java/io/OutputStream
instanceKlass java/io/Flushable
instanceKlass java/io/FileDescriptor$1
instanceKlass jdk/internal/access/JavaIOFileDescriptorAccess
instanceKlass java/io/FileDescriptor
instanceKlass jdk/internal/util/StaticProperty
instanceKlass java/lang/Math
instanceKlass java/util/concurrent/ConcurrentHashMap$MapEntry
instanceKlass java/util/concurrent/ConcurrentHashMap$Traverser
instanceKlass java/util/Iterator
instanceKlass java/lang/reflect/Array
instanceKlass java/util/Collections$SynchronizedCollection
instanceKlass java/util/List
instanceKlass java/util/RandomAccess
instanceKlass java/util/Collections
instanceKlass java/util/concurrent/ConcurrentHashMap$CollectionView
instanceKlass java/util/Properties$EntrySet
instanceKlass java/lang/VersionProps
instanceKlass java/lang/StringLatin1
instanceKlass jdk/internal/misc/VM
instanceKlass jdk/internal/access/SharedSecrets
instanceKlass java/lang/ref/Reference$1
instanceKlass jdk/internal/access/JavaLangRefAccess
instanceKlass java/lang/ref/ReferenceQueue$Lock
instanceKlass java/lang/ref/ReferenceQueue
instanceKlass jdk/internal/reflect/ReflectionFactory
instanceKlass java/util/concurrent/locks/LockSupport
instanceKlass java/util/concurrent/ConcurrentHashMap$Node
instanceKlass java/util/concurrent/ConcurrentHashMap$CounterCell
instanceKlass java/util/concurrent/locks/ReentrantLock
instanceKlass java/util/concurrent/locks/Lock
instanceKlass java/lang/Runtime
instanceKlass java/util/concurrent/ConcurrentMap
instanceKlass java/security/cert/Certificate
instanceKlass java/util/HashMap$Node
instanceKlass java/util/Map$Entry
instanceKlass java/util/AbstractMap
instanceKlass jdk/internal/reflect/Reflection
instanceKlass jdk/internal/reflect/ReflectionFactory$GetReflectionFactoryAction
instanceKlass java/security/PrivilegedAction
instanceKlass java/util/Objects
instanceKlass java/util/AbstractCollection
instanceKlass java/util/Set
instanceKlass java/util/Collection
instanceKlass java/lang/Iterable
instanceKlass java/lang/String$CaseInsensitiveComparator
instanceKlass java/util/Comparator
instanceKlass java/io/ObjectStreamField
instanceKlass java/lang/Number
instanceKlass java/lang/Character
instanceKlass java/lang/Boolean
instanceKlass java/util/concurrent/locks/AbstractOwnableSynchronizer
instanceKlass java/lang/LiveStackFrame
instanceKlass java/lang/StackFrameInfo
instanceKlass java/lang/StackWalker$StackFrame
instanceKlass java/lang/StackStreamFactory$AbstractStackWalker
instanceKlass java/lang/StackWalker
instanceKlass java/nio/Buffer
instanceKlass java/lang/StackTraceElement
instanceKlass java/security/CodeSource
instanceKlass jdk/internal/loader/ClassLoaders
instanceKlass java/util/jar/Manifest
instanceKlass java/net/URL
instanceKlass java/io/InputStream
instanceKlass java/io/Closeable
instanceKlass java/lang/AutoCloseable
instanceKlass jdk/internal/module/Modules
instanceKlass jdk/internal/misc/Unsafe
instanceKlass java/lang/AbstractStringBuilder
instanceKlass java/lang/Appendable
instanceKlass java/lang/AssertionStatusDirectives
instanceKlass java/lang/invoke/MethodHandleNatives$CallSiteContext
instanceKlass java/lang/invoke/CallSite
instanceKlass java/lang/invoke/MethodType
instanceKlass java/lang/invoke/LambdaForm
instanceKlass java/lang/invoke/MethodHandleNatives
instanceKlass java/lang/invoke/ResolvedMethodName
instanceKlass java/lang/invoke/MemberName
instanceKlass java/lang/invoke/VarHandle
instanceKlass java/lang/invoke/MethodHandle
instanceKlass jdk/internal/reflect/CallerSensitive
instanceKlass java/lang/annotation/Annotation
instanceKlass jdk/internal/reflect/FieldAccessor
instanceKlass jdk/internal/reflect/ConstantPool
instanceKlass jdk/internal/reflect/ConstructorAccessor
instanceKlass jdk/internal/reflect/MethodAccessor
instanceKlass jdk/internal/reflect/MagicAccessorImpl
instanceKlass java/lang/reflect/Parameter
instanceKlass java/lang/reflect/Member
instanceKlass java/lang/reflect/AccessibleObject
instanceKlass java/lang/Module
instanceKlass java/util/Dictionary
instanceKlass java/util/Map
instanceKlass java/lang/ThreadGroup
instanceKlass java/lang/Thread$UncaughtExceptionHandler
instanceKlass java/lang/Thread
instanceKlass java/lang/Runnable
instanceKlass java/lang/ref/Reference
instanceKlass java/security/AccessController
instanceKlass java/security/AccessControlContext
instanceKlass java/security/ProtectionDomain
instanceKlass java/lang/SecurityManager
instanceKlass java/lang/Throwable
instanceKlass java/lang/System
instanceKlass java/lang/ClassLoader
instanceKlass java/lang/Cloneable
instanceKlass java/lang/Class
instanceKlass java/lang/reflect/Type
instanceKlass java/lang/reflect/GenericDeclaration
instanceKlass java/lang/reflect/AnnotatedElement
instanceKlass java/lang/String
instanceKlass java/lang/CharSequence
instanceKlass java/lang/Comparable
instanceKlass java/io/Serializable
ciInstanceKlass java/lang/Object 1 1 92 7 10 10 10 10 8 10 10 10 10 100 8 10 3 8 10 7 1 1 1 1 1 1 1 1 1 1 1 1 1 1 1 1 1 1 1 1 1 1 1 7 1 1 1 1 1 7 1 1 1 1 1 1 1 7 1 1 1 1 1 1 1 1 12 12 7 12 12 1 12 7 12 12 12 1 1 12 1 12 1 1 1 1 1 1 1 1 1 1 1 1
ciInstanceKlass java/io/Serializable 1 0 7 100 100 1 1 1 1
ciInstanceKlass java/lang/String 1 1 878 10 8 9 9 9 10 10 10 9 10 7 10 10 10 10 10 100 8 10 10 9 9 8 10 10 10 10 10 10 10 10 10 10 10 10 10 10 10 100 10 10 100 10 10 10 10 10 10 10 10 10 10 10 10 10 10 10 10 10 10 10 10 100 100 10 10 11 11 10 10 10 10 10 10 9 11 10 10 10 10 10 10 10 10 10 10 10 10 10 10 10 10 10 10 10 10 10 10 10 10 10 10 10 10 10 10 10 10 10 10 10 10 10 10 10 11 10 10 10 10 10 10 100 10 7 10 10 10 10 10 8 10 10 100 3 3 7 10 10 10 10 10 11 7 10 10 7 10 10 10 11 11 11 7 10 10 10 10 10 10 10 10 10 10 10 10 10 10 10 10 10 10 10 10 100 100 10 100 10 10 100 10 10 10 7 10 10 10 10 8 10 10 10 8 8 10 10 10 10 10 10 10 100 10 8 10 10 10 7 3 8 8 8 10 10 10 10 10 10 8 8 10 8 8 8 8 8 10 10 10 8 7 10 10 10 7 9 7 10 100 100 1 1 1 1 1 1 1 1 1 1 1 1 1 5 0 1 1 1 1 1 1 1 1 1 3 1 3 1 1 1 1 1 1 1 1 1 1 1 1 1 1 1 1 1 1 1 1 1 1 100 1 1 1 1 100 1 1 1 1 1 1 1 1 1 1 7 1 1 1 7 1 1 1 100 1 1 1 1 1 1 1 1 1 1 1 1 1 1 1 1 1 1 1 1 1 1 1 1 1 1 1 1 1 1 1 1 1 1 1 1 1 1 1 1 1 1 1 1 1 1 1 1 1 1 1 1 1 1 100 1 1 1 1 1 1 1 1 1 1 1 1 1 1 1 1 1 1 1 1 1 1 1 1 1 1 1 1 1 1 1 1 1 1 1 1 1 1 1 1 1 1 1 1 1 1 1 1 1 1 1 1 1 1 1 1 1 1 1 1 1 1 1 1 1 1 1 1 1 1 1 1 1 1 1 1 1 1 1 1 1 1 1 1 1 1 1 1 1 1 1 1 1 1 1 1 100 1 1 1 100 1 1 1 1 1 1 1 1 1 1 1 1 1 1 1 100 1 1 1 1 100 1 1 100 1 1 1 1 1 1 1 1 1 1 1 1 1 1 1 1 1 1 1 1 1 1 1 1 1 1 1 1 1 1 1 1 1 100 1 1 1 1 1 1 1 1 1 1 1 1 1 1 1 1 1 1 1 1 1 12 1 12 12 12 12 12 12 12 7 12 1 7 7 12 12 12 12 1 12 7 12 12 12 12 12 12 12 12 12 12 12 12 12 12 1 12 12 1 12 12 12 12 7 12 12 12 12 12 12 12 12 12 12 1 1 12 12 12 12 12 12 12 12 12 7 12 12 12 12 12 12 12 12 12 12 12 12 12 12 12 12 12 12 12 12 12 12 12 12 12 7 12 12 12 12 7 12 12 12 12 7 12 12 7 12 1 1 12 12 12 1 12 1 1 12 12 12 12 7 12 12 12 1 12 12 100 12 12 12 1 12 7 12 12 12 12 12 12 12 12 12 12 12 1 1 1 12 1 100 12 1 1 12 1 12 12 1 12 12 1 1 12 12 12 100 12 100 12 100 12 1 1 12 12 1 1 1 1 12 12 12 12 1 1 1 1 1 1 1 12 12 12 1 1 12 12 12 1 12 1 1 1 1 1 1 1 1 1 1 1 1 1 1 1 1 1 1 1 1 1 1 1 1 1 1 1 1 1 1 1 1 1 1 1 1 1 1 1 1 1 1 1 1 1 1 1 1 1 1 1 1 1 1 1 1 1 1 1 1 1 1 1 1 1 1 1 1 1 1 1 1 1 1 1 1 1 1 1 1 1 1 1 1 1 1 1 1 1 1 1 1 1 1 1 1 1 1 1 1 1 1 1 1 1 1 1 1 1 1 1 1 1 1 1 1 1 1 1 1 1 1 1 1 1 1 1
staticfield java/lang/String COMPACT_STRINGS Z 1
staticfield java/lang/String serialPersistentFields [Ljava/io/ObjectStreamField; 0 [Ljava/io/ObjectStreamField;
staticfield java/lang/String CASE_INSENSITIVE_ORDER Ljava/util/Comparator; java/lang/String$CaseInsensitiveComparator
ciInstanceKlass java/lang/Class 1 1 1427 10 9 9 7 10 10 8 10 8 8 10 10 10 10 10 10 10 10 10 10 10 8 10 8 8 10 7 8 8 8 10 11 10 10 8 10 10 10 10 9 10 10 10 18 10 7 10 10 10 100 10 9 7 100 8 10 10 10 10 7 10 7 100 10 10 9 10 10 7 10 100 10 10 10 9 10 10 10 9 10 10 7 10 10 10 10 9 8 10 10 10 10 10 10 9 10 7 10 10 10 10 10 10 10 10 10 10 10 10 10 10 10 10 10 10 10 10 100 8 10 10 100 10 100 11 10 10 10 10 10 10 8 10 10 8 9 10 10 10 10 100 9 10 9 10 10 10 8 10 10 10 10 100 10 10 10 10 10 10 10 7 10 10 10 10 10 10 10 10 10 7 10 10 11 10 10 10 10 10 10 100 10 10 10 100 100 10 10 10 10 10 10 10 10 11 10 10 9 10 10 9 9 10 10 10 10 10 10 10 8 10 10 9 9 10 7 9 10 10 7 10 10 10 10 9 10 9 10 10 9 9 10 10 9 100 10 10 7 10 100 11 9 9 7 10 9 9 10 10 9 7 10 10 10 10 10 10 10 9 10 10 10 10 8 7 10 7 8 8 8 8 10 9 9 10 7 9 7 10 7 10 10 9 8 10 7 10 7 10 9 100 8 10 7 4 10 10 11 10 100 10 10 8 8 10 9 11 7 11 9 10 10 10 9 9 10 10 10 10 10 11 11 11 11 7 11 10 10 7 11 10 10 10 11 11 7 10 10 9 9 10 10 10 10 100 10 10 7 9 100 7 100 100 1 1 1 7 1 100 1 1 1 1 1 3 1 3 1 3 1 1 1 1 1 1 1 1 1 1 1 1 1 1 1 1 1 1 1 1 1 1 1 1 1 1 5 0 1 1 1 1 1 1 1 1 1 1 1 1 1 1 1 100 1 1 1 1 1 1 1 1 1 1 1 1 1 1 1 1 1 1 7 1 1 1 1 1 1 1 1 1 1 1 1 1 1 1 100 1 1 1 1 1 100 1 1 1 1 1 1 1 1 1 100 1 1 1 1 1 1 1 1 1 7 1 1 1 1 1 1 1 1 1 1 1 1 1 1 1 1 1 1 1 1 1 1 1 1 1 1 1 1 1 1 1 1 1 1 1 1 1 7 1 1 1 1 1 1 1 1 100 1 1 1 1 1 1 1 1 1 1 1 1 1 1 1 1 1 100 1 1 1 1 1 1 1 1 1 1 1 1 1 1 1 1 1 1 1 1 1 1 1 1 100 100 1 1 1 1 1 1 1 1 1 1 1 1 1 1 100 1 1 1 1 1 1 1 1 1 1 1 1 1 1 1 1 1 1 1 1 1 1 1 1 1 1 1 1 1 1 1 1 1 1 1 1 1 1 1 1 1 1 1 1 1 1 1 1 1 1 1 1 1 1 1 7 1 1 1 1 1 1 1 1 1 100 100 100 1 1 1 1 1 1 1 1 1 1 1 1 1 100 1 1 1 1 1 1 1 1 1 1 1 1 1 1 1 1 1 1 1 1 1 1 1 1 1 1 1 1 1 1 1 1 1 1 1 1 1 1 1 1 1 1 1 1 1 1 1 1 1 1 1 1 1 1 1 1 1 1 1 1 1 1 1 1 1 1 1 1 1 7 1 1 1 1 1 1 1 1 1 1 1 1 1 1 1 1 1 1 1 1 1 1 1 1 1 1 1 1 1 1 1 1 100 1 1 1 1 1 1 1 1 1 1 1 1 1 100 1 1 1 1 1 1 7 1 1 1 1 1 1 1 1 1 1 1 1 1 1 1 1 1 1 1 1 1 1 1 1 1 1 1 1 1 1 1 1 1 1 1 1 1 1 1 1 7 1 1 1 1 1 1 1 1 1 1 1 1 1 1 1 1 1 1 1 1 1 1 1 1 1 12 12 12 1 12 1 12 1 1 12 12 12 12 12 12 7 12 12 12 12 1 12 1 1 12 1 1 1 1 12 12 12 1 7 12 12 12 7 12 100 12 12 7 12 12 1 15 16 15 16 12 7 12 1 12 12 7 1 12 12 1 1 1 12 12 12 12 1 12 1 1 12 12 12 12 1 100 12 12 12 12 12 12 12 12 12 1 12 12 12 12 1 12 12 12 12 12 12 12 7 12 12 12 12 12 12 12 12 12 12 12 12 12 12 12 12 12 12 1 1 12 1 12 1 12 100 12 12 12 12 12 1 12 12 1 12 12 12 12 12 1 12 12 12 12 12 1 12 12 12 12 1 12 12 12 12 12 12 12 1 12 12 12 12 12 12 12 1 7 12 12 12 12 7 12 12 12 1 12 12 1 1 12 12 12 12 12 12 100 12 7 12 12 12 12 12 12 12 12 100 12 12 12 100 12 12 12 12 1 12 12 12 12 12 1 12 12 12 1 12 12 7 12 7 12 12 12 12 12 12 12 12 12 12 12 1 12 1 12 100 12 12 1 12 12 12 12 12 12 1 12 12 12 12 12 12 12 12 12 1 7 1 1 1 1 12 12 12 12 1 12 1 1 1 12 7 12 12 1 12 1 12 12 1 1 1 12 12 12 1 12 1 1 12 12 12 1 12 12 100 12 7 12 12 12 12 12 12 12 12 12 12 12 12 1 12 7 12 12 1 12 7 12 12 12 12 1 12 12 12 100 12 12 100 12 12 12 1 12 12 1 12 1 1 1 1 1 1 100 1 1 1 1 1 1 1 1 1 1 1 1 1 1 1 1 1 1 1 1 1 1 1 1 1 1 1 1 1 1 1 1 1 1 1 1 1 1 1 1 1 10 1 1 1 1 1 1 1 1 1 1 1 1 1 1 1 1 1 1 1 1 1 1 1 1 1 1 1 1 1 1 1 1 1 1 1 1 1 1 1 1 1 1 1 1 1 1 1 1 1 1 1 1 1 1 1 1 1 1 1 1 1 1 1 1 1 1 1 1 1 1 1 1 1 1 1 1 1 1 1 1 1 1 1 1 1 1 1 1 1 1 1 1 1 1 1 1 1 1 1 1 1 1 1 1 1 1 1 1 1 1 1 1 1 1 1 1 1 1 1 1 1 1 1 1 1 1 1 1 1 1 1 1 1 1 1 1 1 1 1 1 1 1 1 1 1 1 1 1 1 1 1 1 1 1 1 1 1 1 1 1 1 1 1 1 1 1 1 1 1 1 1 1 1 100 12 1 1 100 1 1 100 1 1
staticfield java/lang/Class EMPTY_CLASS_ARRAY [Ljava/lang/Class; 0 [Ljava/lang/Class;
staticfield java/lang/Class serialPersistentFields [Ljava/io/ObjectStreamField; 0 [Ljava/io/ObjectStreamField;
ciInstanceKlass java/lang/Cloneable 1 0 7 100 100 1 1 1 1
instanceKlass org/codehaus/commons/compiler/util/reflect/ByteArrayClassLoader
instanceKlass org/apache/spark/util/ParentClassLoader
instanceKlass scala/reflect/internal/util/AbstractFileClassLoader
instanceKlass org/apache/spark/util/StubClassLoader
instanceKlass org/apache/spark/executor/ExecutorClassLoader
instanceKlass jdk/internal/reflect/DelegatingClassLoader
instanceKlass java/security/SecureClassLoader
ciInstanceKlass java/lang/ClassLoader 1 1 1189 9 10 9 10 7 10 10 9 10 100 10 10 10 100 8 10 10 10 10 7 10 7 7 7 10 10 9 7 10 9 9 9 9 9 7 10 9 10 10 9 9 7 9 7 10 10 9 10 7 10 8 10 10 10 7 10 10 8 10 10 10 10 10 10 10 10 7 10 10 10 10 10 10 10 10 10 10 10 10 10 10 10 100 10 100 10 10 10 10 10 100 8 10 8 10 10 100 8 10 10 10 10 10 10 10 10 10 10 10 10 10 10 10 10 10 10 10 10 10 10 10 10 8 11 9 11 10 8 8 10 100 10 10 10 10 10 10 10 10 10 7 10 10 10 7 10 100 18 10 10 10 7 10 10 10 100 10 10 10 10 8 100 10 10 9 10 10 100 8 10 10 8 8 10 10 7 10 10 100 100 10 100 100 10 10 10 10 10 10 9 10 10 10 10 10 8 10 7 18 10 10 10 10 8 10 10 18 11 100 10 10 10 11 10 18 10 11 18 11 10 10 9 7 10 10 8 10 9 8 10 9 8 7 10 10 7 8 10 10 10 8 8 10 10 10 8 8 10 10 10 7 10 10 10 10 10 11 11 11 11 11 7 10 9 9 9 10 10 100 10 100 10 10 10 9 9 9 9 9 9 8 10 10 10 10 10 11 10 100 10 10 10 7 7 10 1 1 7 1 1 1 1 1 1 1 1 1 1 1 1 1 1 1 1 1 1 1 1 1 1 1 1 1 1 1 1 1 1 1 1 1 1 1 1 1 1 1 1 1 1 1 1 1 1 1 1 1 1 1 1 1 1 1 1 1 1 1 1 1 1 1 1 1 1 1 1 1 1 100 1 1 1 1 100 1 1 1 1 1 1 1 1 1 1 1 1 1 1 1 1 1 100 1 1 1 1 1 1 1 1 1 1 1 1 1 1 1 1 100 1 1 1 1 1 1 1 1 1 1 1 1 100 1 1 1 1 1 1 1 1 1 1 1 1 1 1 1 1 1 1 1 1 1 1 1 1 1 1 1 1 1 1 1 1 1 1 1 1 1 7 1 1 1 1 1 1 1 1 1 1 1 1 1 1 1 1 1 1 1 1 1 1 1 7 1 1 1 1 1 100 1 1 1 1 1 1 1 1 1 1 1 1 1 1 1 1 1 1 1 1 1 100 1 1 1 1 1 1 1 1 1 1 1 1 1 1 1 1 1 1 1 1 1 1 1 1 1 1 1 1 1 1 1 1 1 1 1 1 1 1 1 1 1 1 1 1 1 1 1 1 1 1 1 1 1 1 1 1 1 1 1 1 1 1 100 1 1 1 1 1 1 1 1 1 1 1 1 1 1 1 1 1 1 1 1 1 100 100 1 1 1 1 1 1 1 1 1 1 1 1 1 1 1 1 1 1 1 1 1 1 1 7 1 1 1 1 1 1 1 1 1 1 1 1 1 1 1 1 100 1 1 1 1 1 1 1 1 1 1 1 1 1 1 1 1 1 1 1 1 1 1 1 1 1 1 1 1 1 100 12 12 12 12 1 12 12 12 12 1 12 12 12 1 1 12 7 12 12 1 1 1 12 12 12 1 12 12 12 12 12 1 12 12 12 12 12 12 1 12 1 12 12 12 1 1 12 12 1 12 7 12 1 12 12 12 12 12 12 12 12 1 12 7 12 12 12 12 12 12 12 12 12 100 12 12 12 12 1 12 1 12 7 12 12 12 1 1 1 12 12 1 1 12 12 12 12 12 12 12 12 12 12 12 12 7 12 12 12 12 12 12 12 12 12 12 1 12 12 12 1 1 12 1 12 12 12 12 12 7 12 12 7 1 12 12 1 12 1 1 15 16 15 16 12 100 12 100 12 7 12 1 12 12 12 1 12 12 7 12 12 1 1 12 12 7 12 12 1 1 12 1 1 12 12 1 12 100 12 1 1 12 1 1 12 12 12 12 12 12 100 12 12 12 12 12 12 1 12 1 16 15 16 12 12 12 12 12 1 12 12 16 15 16 12 12 1 12 12 12 15 12 7 12 16 15 16 12 12 12 12 12 1 12 12 1 12 12 1 12 12 1 1 12 1 1 12 12 1 1 12 12 7 12 1 1 7 12 12 1 12 12 12 12 12 12 12 12 1 12 12 12 12 12 12 1 1 12 12 12 12 12 12 12 12 12 12 7 12 12 12 12 12 100 12 1 12 12 12 1 1 1 1 1 1 1 1 1 1 1 1 1 1 1 1 1 1 1 1 1 1 1 1 1 1 1 1 1 1 1 1 1 1 1 1 1 1 1 1 1 1 1 1 1 1 1 1 1 1 1 1 1 1 1 1 1 1 1 1 1 1 1 1 1 1 1 1 1 1 1 1 1 1 1 1 1 1 1 1 1 1 1 1 1 1 1 1 1 1 1 1 1 1 1 1 10 1 10 1 1 1 1 1 1 1 1 1 1 1 1 1 1 1 1 1 1 1 1 1 1 1 1 1 1 1 1 1 1 1 1 1 1 1 1 1 1 1 1 1 1 1 1 10 1 1 1 1 1 1 1 1 10 1 1 1 1 1 10 1 1 1 10 1 1 1 1 1 1 1 1 1 1 1 1 1 1 1 1 1 1 1 1 1 1 1 1 1 1 1 1 1 1 1 1 1 1 1 1 1 1 1 1 1 1 7 12 12 12 12 12 12 1 1 100 1 1 100 1 1
staticfield java/lang/ClassLoader nocerts [Ljava/security/cert/Certificate; 0 [Ljava/security/cert/Certificate;
staticfield java/lang/ClassLoader loadedLibraryNames Ljava/util/Set; java/util/HashSet
staticfield java/lang/ClassLoader $assertionsDisabled Z 1
ciInstanceKlass java/lang/System 1 1 632 10 10 10 10 10 9 7 10 11 10 10 10 100 8 10 10 9 100 8 10 10 8 10 100 10 8 10 10 100 10 10 10 9 9 7 10 10 10 10 10 10 10 100 100 8 10 10 7 10 100 8 10 8 10 100 8 10 100 10 8 10 10 10 8 10 10 10 100 8 10 10 10 100 18 100 9 10 100 10 10 10 10 10 10 10 10 7 7 10 10 100 10 10 100 8 10 9 9 10 10 10 10 8 10 10 8 10 10 8 10 7 9 10 7 9 10 9 7 10 8 10 8 10 10 10 10 10 10 10 10 9 100 8 10 8 10 10 8 100 10 10 8 8 10 10 7 10 10 10 10 10 8 10 10 10 10 8 10 10 10 7 10 10 10 9 100 1 1 1 1 1 1 1 1 1 1 1 1 1 1 1 1 1 1 1 1 1 1 1 1 1 1 1 1 1 1 1 1 1 1 1 100 100 1 1 1 7 1 1 1 1 1 1 1 1 1 1 1 1 1 1 1 1 1 1 1 1 1 1 1 1 1 1 1 1 1 1 1 1 1 1 1 1 1 1 1 1 1 1 1 1 1 1 1 1 1 1 1 1 1 1 1 1 1 1 1 1 1 1 1 1 1 1 1 1 1 1 1 1 1 1 1 1 1 1 1 1 1 1 1 100 1 1 1 1 1 1 1 1 1 1 1 1 1 1 1 1 1 100 1 1 1 1 1 1 1 100 12 12 12 12 12 12 1 7 12 7 12 100 12 12 12 1 1 12 12 12 1 1 12 100 12 1 12 1 12 12 12 1 12 100 12 12 12 12 1 12 7 12 12 12 12 12 1 1 1 12 12 1 12 1 1 1 12 1 1 1 1 12 12 7 12 1 12 7 12 7 12 1 1 12 7 12 1 1 15 16 15 16 12 1 12 12 1 12 12 7 12 12 12 12 12 12 1 1 12 12 1 12 7 12 1 1 12 12 12 12 12 12 1 12 12 1 12 12 1 7 12 1 7 12 12 1 12 12 1 12 1 12 1 7 12 12 7 12 12 7 12 12 12 7 12 12 1 1 12 1 12 1 1 12 1 1 7 12 12 1 12 12 12 100 12 1 12 12 1 12 12 12 1 12 12 12 1 1 1 1 1 1 1 1 1 1 1 1 1 1 1 1 1 1 1 1 1 1 1 1 1 1 1 1 1 1 1 1 1 1 1 1 1 1 1 1 1 1 1 1 1 1 1 1 1 1 1 1 10 1 10 1 1 1 1 1 1 1 1 1 1 1 1 1 1 1 1 1 1 1 1 1 1 1 1 1 1 1 1 1 1 1 1 1 1 1 1 1 1 1 1 1 1 1 1 1 1 1 1 1 1 1 1 1 1 1 1 1 1 1 1 1 1 1 1 1 1 1 1 1 1 1 1 100 12 12 1 1 100 1 1 100 1 1
staticfield java/lang/System in Ljava/io/InputStream; java/io/BufferedInputStream
staticfield java/lang/System out Ljava/io/PrintStream; java/io/PrintStream
staticfield java/lang/System err Ljava/io/PrintStream; java/io/PrintStream
instanceKlass scala/reflect/internal/Types$MissingTypeControl
instanceKlass scala/reflect/internal/Types$MissingAliasControl
instanceKlass scala/reflect/internal/Types$TypeError
instanceKlass scala/reflect/internal/Types$NoCommonType
instanceKlass scala/util/control/BreakControl
instanceKlass scala/runtime/Nothing$
instanceKlass scala/runtime/NonLocalReturnControl
instanceKlass java/lang/Exception
instanceKlass java/lang/Error
ciInstanceKlass java/lang/Throwable 1 1 395 10 9 9 9 9 9 10 9 10 10 100 100 10 8 10 8 10 10 10 100 8 10 10 10 10 8 9 10 7 10 10 100 10 10 11 10 10 10 8 10 10 7 8 8 10 10 8 8 9 10 100 10 11 8 8 10 8 10 8 7 10 9 10 10 7 9 10 10 100 8 10 10 10 10 100 10 10 11 11 11 8 8 10 10 10 9 8 7 10 10 100 8 10 11 8 9 10 11 9 11 100 10 7 10 100 1 1 1 7 1 7 1 1 1 1 5 0 1 1 1 1 1 1 1 1 1 1 1 1 1 1 1 1 1 1 1 1 1 1 1 1 1 1 1 1 1 1 1 1 1 1 1 100 1 1 1 1 1 1 1 1 1 1 1 1 1 1 1 1 1 1 1 1 1 1 1 1 1 1 100 1 1 1 1 1 1 1 1 1 1 1 1 1 1 1 1 1 1 1 1 1 1 1 1 1 1 1 1 1 1 1 100 100 100 1 7 7 1 1 1 1 1 1 1 1 1 1 1 1 1 1 1 1 1 12 12 12 12 12 12 12 12 12 12 1 1 1 12 1 100 12 12 1 1 12 7 12 12 1 100 12 12 1 12 12 1 7 12 12 12 12 12 1 12 12 1 1 1 12 12 1 1 12 100 12 1 12 1 1 12 1 12 1 1 12 12 12 7 12 12 12 7 1 1 12 12 100 12 1 100 12 12 12 12 12 1 1 100 12 1 1 12 1 1 12 1 12 100 12 12 12 12 1 12 1 1 1 1 1 1 1 1 1 1 1 1 1 1 1 1 1 1 1 1 1 1 1 1 1 1 1 1 1 1 1 1 1 1 1 1 1 1 1 1 1 1 1 1 1 1 1 1 1 1 1 1 1 1 1 1 1 1 1 1
staticfield java/lang/Throwable UNASSIGNED_STACK [Ljava/lang/StackTraceElement; 0 [Ljava/lang/StackTraceElement;
staticfield java/lang/Throwable SUPPRESSED_SENTINEL Ljava/util/List; java/util/Collections$EmptyList
staticfield java/lang/Throwable EMPTY_THROWABLE_ARRAY [Ljava/lang/Throwable; 0 [Ljava/lang/Throwable;
staticfield java/lang/Throwable $assertionsDisabled Z 1
instanceKlass org/apache/hadoop/fs/FSError
instanceKlass scala/reflect/runtime/ReflectError
instanceKlass org/sparkproject/guava/util/concurrent/ExecutionError
instanceKlass org/apache/hadoop/thirdparty/com/google/common/util/concurrent/ExecutionError
instanceKlass java/util/ServiceConfigurationError
instanceKlass scala/NotImplementedError
instanceKlass java/lang/AssertionError
instanceKlass java/lang/VirtualMachineError
instanceKlass java/lang/LinkageError
instanceKlass java/lang/ThreadDeath
ciInstanceKlass java/lang/Error 1 1 40 10 10 10 10 10 100 7 1 1 1 5 0 1 1 1 1 1 1 1 1 1 1 1 1 1 1 1 1 1 1 1 1 12 12 12 12 12 1 1
ciInstanceKlass java/lang/ThreadDeath 0 0 21 10 100 100 1 1 1 5 0 1 1 1 1 1 1 1 1 1 12 1 1
instanceKlass org/apache/spark/util/SparkFatalException
instanceKlass org/apache/spark/storage/BlockException
instanceKlass sun/nio/fs/WindowsException
instanceKlass org/apache/spark/sql/execution/adaptive/InvalidAQEPlanException
instanceKlass org/apache/spark/sql/execution/adaptive/SubqueryAdaptiveNotSupportedException
instanceKlass java/sql/SQLException
instanceKlass org/apache/spark/sql/catalyst/util/BadRecordException
instanceKlass org/codehaus/commons/compiler/LocatedException
instanceKlass org/apache/commons/codec/DecoderException
instanceKlass org/apache/spark/sql/AnalysisException
instanceKlass scala/ScalaReflectionException
instanceKlass scala/reflect/internal/FatalError
instanceKlass scala/reflect/internal/Positions$ValidateException
instanceKlass org/apache/spark/TaskNotSerializableException
instanceKlass org/sparkproject/jetty/util/MultiException
instanceKlass javax/servlet/ServletException
instanceKlass org/apache/spark/shuffle/FetchFailedException
instanceKlass java/util/concurrent/TimeoutException
instanceKlass org/apache/spark/status/KVUtils$MetadataMismatchException
instanceKlass javax/security/auth/RefreshFailedException
instanceKlass javax/security/auth/callback/UnsupportedCallbackException
instanceKlass sun/security/krb5/KrbException
instanceKlass org/ietf/jgss/GSSException
instanceKlass java/util/concurrent/ExecutionException
instanceKlass javax/xml/parsers/ParserConfigurationException
instanceKlass java/security/PrivilegedActionException
instanceKlass javax/security/auth/DestroyFailedException
instanceKlass java/text/ParseException
instanceKlass javax/xml/transform/TransformerException
instanceKlass javax/xml/stream/XMLStreamException
instanceKlass java/security/GeneralSecurityException
instanceKlass javax/management/JMException
instanceKlass javax/naming/NamingException
instanceKlass java/lang/InterruptedException
instanceKlass java/lang/CloneNotSupportedException
instanceKlass java/net/URISyntaxException
instanceKlass java/io/IOException
instanceKlass org/apache/spark/SparkException
instanceKlass java/lang/ReflectiveOperationException
instanceKlass java/lang/RuntimeException
ciInstanceKlass java/lang/Exception 1 1 40 10 10 10 10 10 100 7 1 1 1 5 0 1 1 1 1 1 1 1 1 1 1 1 1 1 1 1 1 1 1 1 1 12 12 12 12 12 1 1
instanceKlass org/roaringbitmap/InvalidRoaringFormat
instanceKlass org/apache/spark/util/TaskCompletionListenerException
instanceKlass org/apache/spark/memory/TooLargePageException
instanceKlass com/esotericsoftware/kryo/KryoException
instanceKlass net/jpountz/lz4/LZ4Exception
instanceKlass com/fasterxml/jackson/databind/RuntimeJsonMappingException
instanceKlass com/thoughtworks/paranamer/ParameterNamesNotFoundException
instanceKlass java/util/EmptyStackException
instanceKlass org/antlr/v4/runtime/RecognitionException
instanceKlass org/codehaus/janino/util/ClassFile$ClassFileException
instanceKlass org/codehaus/janino/UnicodeUnescapeException
instanceKlass org/apache/spark/TaskKilledException
instanceKlass org/codehaus/commons/compiler/InternalCompilerException
instanceKlass org/apache/commons/logging/LogConfigurationException
instanceKlass scala/UninitializedFieldError
instanceKlass org/apache/spark/SparkRuntimeException
instanceKlass org/sparkproject/jetty/http/BadMessageException
instanceKlass java/nio/BufferOverflowException
instanceKlass org/sparkproject/guava/cache/CacheLoader$InvalidCacheLoadException
instanceKlass org/sparkproject/guava/util/concurrent/UncheckedExecutionException
instanceKlass io/netty/channel/ChannelException
instanceKlass io/netty/handler/codec/CodecException
instanceKlass java/util/concurrent/RejectedExecutionException
instanceKlass org/apache/hadoop/thirdparty/com/google/common/cache/CacheLoader$InvalidCacheLoadException
instanceKlass org/apache/hadoop/thirdparty/com/google/common/util/concurrent/UncheckedExecutionException
instanceKlass org/apache/hadoop/metrics2/MetricsException
instanceKlass java/time/DateTimeException
instanceKlass java/lang/reflect/UndeclaredThrowableException
instanceKlass org/apache/logging/log4j/core/config/ConfigurationException
instanceKlass java/util/ConcurrentModificationException
instanceKlass java/util/MissingResourceException
instanceKlass org/apache/logging/log4j/LoggingException
instanceKlass java/lang/SecurityException
instanceKlass java/lang/IndexOutOfBoundsException
instanceKlass java/util/NoSuchElementException
instanceKlass java/lang/UnsupportedOperationException
instanceKlass java/lang/IllegalStateException
instanceKlass scala/MatchError
instanceKlass java/lang/IllegalArgumentException
instanceKlass java/lang/ArithmeticException
instanceKlass java/lang/NullPointerException
instanceKlass java/lang/IllegalMonitorStateException
instanceKlass java/lang/ArrayStoreException
instanceKlass java/lang/ClassCastException
ciInstanceKlass java/lang/RuntimeException 1 1 40 10 10 10 10 10 100 7 1 1 1 5 0 1 1 1 1 1 1 1 1 1 1 1 1 1 1 1 1 1 1 1 1 12 12 12 12 12 1 1
ciInstanceKlass java/lang/SecurityManager 0 0 572 10 9 100 10 100 8 10 10 10 10 100 10 100 10 9 10 10 10 100 8 10 9 9 8 9 100 10 8 10 10 10 100 10 10 100 100 8 10 8 8 8 8 8 8 10 8 8 8 8 8 10 10 8 100 8 10 8 8 8 8 8 10 8 100 8 8 10 8 8 10 100 8 10 10 100 10 10 10 10 10 10 11 18 11 18 11 18 18 11 18 11 9 9 9 9 100 10 10 10 18 18 10 18 10 18 18 8 10 9 11 8 100 10 10 10 9 10 10 8 100 10 9 8 8 100 10 10 10 9 11 10 11 10 100 100 10 10 10 1 1 1 1 1 1 1 1 1 1 1 1 1 1 1 1 1 1 1 1 1 1 1 1 1 1 100 1 1 1 1 1 1 1 1 1 1 1 1 1 1 1 100 1 1 1 1 1 1 1 1 1 1 1 1 1 1 1 1 1 1 1 1 1 1 1 1 1 1 1 1 1 1 1 1 1 1 1 1 1 1 1 1 1 1 1 1 1 1 1 1 1 1 1 1 1 1 1 1 1 1 100 1 1 1 1 1 1 1 1 1 1 1 1 1 1 1 1 1 1 1 1 1 1 1 1 1 1 1 1 100 1 1 1 1 100 1 1 1 1 1 1 1 1 1 1 1 12 12 1 100 12 1 1 12 12 100 12 1 1 12 100 12 12 12 1 1 12 12 1 12 1 1 12 12 12 1 12 1 1 1 12 1 1 1 1 1 1 12 1 1 1 1 1 12 12 1 1 1 1 1 1 1 1 100 12 1 1 1 1 1 1 12 1 1 12 1 12 12 12 100 12 12 100 12 100 12 1 15 16 15 16 12 100 12 16 15 16 12 12 15 16 15 16 12 16 15 16 12 12 12 12 12 12 1 100 12 12 12 15 16 12 15 16 100 12 15 12 12 15 16 15 16 1 12 12 100 12 1 1 12 12 12 12 12 12 1 1 12 1 1 1 12 100 12 12 12 12 12 1 1 12 12 1 1 1 1 1 1 1 1 1 1 1 1 1 1 1 1 1 1 1 1 1 1 1 1 1 1 1 1 1 1 1 1 1 1 1 1 1 1 1 1 1 1 1 1 1 1 10 1 10 1 1 1 1 1 1 10 1 1 1 1 1 10 11 1 1 1 10 1 1 1 1 1 1 10 1 10 1 1 1 11 1 1 10 10 1 1 1 1 1 1 1 1 1 1 1 1 1 1 1 1 1 1 1 1 100 12 100 12 12 12 100 12 12 12 12 12 1 1 100 1 1 1 1 1 1 1 1 100 1 1
ciInstanceKlass java/security/ProtectionDomain 1 1 327 10 9 7 10 9 9 9 10 7 9 9 7 9 9 10 100 10 10 10 10 9 9 10 7 10 100 10 8 100 8 10 10 10 10 8 11 8 10 8 8 10 10 10 10 8 10 8 8 10 9 10 9 10 100 100 10 10 7 10 100 10 10 11 11 100 11 10 10 11 11 10 10 10 11 10 8 8 10 7 10 10 7 1 1 100 1 1 1 1 1 1 1 1 1 1 1 1 1 1 1 1 1 1 1 1 1 1 1 1 100 1 100 1 1 1 1 1 1 1 1 1 1 1 1 1 1 1 1 1 1 1 100 1 1 1 1 1 1 1 1 1 7 1 1 1 100 1 1 1 1 1 1 1 1 1 1 1 1 1 1 1 1 1 1 1 1 1 100 100 100 100 1 1 1 1 1 100 12 12 1 12 12 12 12 12 1 12 12 1 12 12 100 12 100 12 12 12 12 100 12 12 1 1 12 1 1 1 12 12 12 1 1 12 1 1 12 12 12 12 1 12 1 1 100 12 12 12 100 12 12 1 1 100 12 1 1 12 12 12 12 1 12 12 12 12 12 12 100 12 12 12 1 1 7 12 1 7 12 1 1 1 1 1 1 1 1 1 1 1 1 1 1 1 1 1 1 1 1 1 1 1 1 1 1 1 1 1 1 1 1 1 1 1 1 1 1 1 1 1 1 1 1 1 1 1 1 1 1 1 1 1 1 1 1 1 1 1 1 1 1 1 1 1 1 1 1
staticfield java/security/ProtectionDomain filePermCompatInPD Z 0
ciInstanceKlass java/security/AccessControlContext 1 1 367 9 9 10 8 10 10 9 9 9 10 7 100 10 11 11 11 11 7 11 10 10 9 10 11 10 7 100 8 10 10 7 10 9 9 9 9 9 9 9 10 9 10 10 8 10 10 10 100 10 10 10 10 8 10 8 10 8 8 10 8 10 8 10 10 10 8 8 100 10 10 100 10 8 10 10 10 8 10 10 10 7 10 10 10 10 10 10 10 10 7 1 1 1 1 1 1 1 1 1 1 1 1 1 1 1 1 1 1 1 1 1 1 1 1 1 1 1 1 1 1 1 1 1 1 100 1 1 1 1 1 1 100 1 1 1 1 1 1 100 1 1 1 1 1 1 1 1 100 1 1 1 1 1 1 1 1 1 1 1 1 1 1 100 1 1 1 1 1 1 1 1 1 1 1 1 1 1 1 1 1 1 1 1 1 1 1 1 1 1 1 1 1 1 1 1 1 1 1 1 1 1 1 1 1 1 1 1 1 1 1 1 1 1 12 12 100 12 1 100 12 12 12 12 12 7 12 1 12 12 12 12 12 1 12 12 7 12 100 12 12 12 1 1 1 12 12 1 7 12 12 12 12 12 12 12 12 7 12 12 12 12 1 12 12 100 12 1 12 100 12 1 12 1 100 12 1 1 12 1 12 1 12 12 12 1 1 1 12 12 1 12 1 12 12 1 12 12 12 1 12 12 12 12 12 12 1 1 1 1 1 1 1 1 1 1 1 1 1 1 1 1 1 1 1 1 1 1 1 1 1 1 1 1 1 1 1 1 1 1 1 1 1 1 1 1 1 1 1 1 1 1 1 1 1 1 1 1 1 1 1 1 1 1 1 1 1
ciInstanceKlass java/security/AccessController 1 1 292 10 10 10 10 10 10 10 10 10 10 100 8 10 10 10 10 100 100 10 10 10 10 10 10 9 10 10 7 10 9 10 10 9 10 100 10 11 10 11 100 10 10 10 8 10 8 10 8 100 10 10 10 10 10 8 10 8 8 10 8 10 10 7 10 100 100 1 1 100 1 1 1 1 1 1 1 1 1 1 1 1 1 1 1 1 1 1 1 1 1 1 1 1 1 1 1 1 1 1 1 1 1 1 1 1 7 100 1 1 1 1 1 1 1 7 1 1 1 1 1 1 1 1 1 1 100 1 1 1 1 1 1 1 1 1 1 1 1 1 1 1 1 1 1 1 1 1 1 1 1 1 1 1 1 1 1 1 1 1 1 1 1 1 1 1 1 1 1 100 100 100 1 1 1 1 12 7 12 12 12 12 12 12 12 12 12 1 1 12 12 12 12 1 1 12 12 12 12 7 12 12 100 12 12 12 1 12 12 12 12 12 1 7 12 7 12 1 12 12 12 1 12 1 12 1 1 12 12 12 12 100 12 1 1 12 1 12 12 1 12 1 1 1 1 1 1 1 1 1 1 1 1 1 1 1 1 1 1 1 1 1 1 1 1 1 1 1 1 1 1 1 1 1 1 1 1 1 1 1 1 1 1 1 1 1 1 1 1 1 1 1
staticfield java/security/AccessController $assertionsDisabled Z 1
instanceKlass sun/reflect/misc/MethodUtil
instanceKlass java/net/URLClassLoader
instanceKlass jdk/internal/loader/BuiltinClassLoader
ciInstanceKlass java/security/SecureClassLoader 1 1 127 10 7 10 9 10 10 9 10 10 10 10 10 10 7 10 7 10 7 10 11 7 100 8 10 10 7 7 1 1 7 1 1 1 1 1 1 1 1 1 1 1 1 1 1 1 1 1 1 1 100 1 1 1 1 100 1 1 1 1 1 1 1 1 1 1 1 1 1 1 1 1 1 1 1 1 1 1 1 1 1 12 1 12 12 7 12 12 12 12 12 12 12 12 12 1 1 12 1 12 7 12 1 1 1 12 12 1 1 1 1 1 1 1 1 1 1 1 1 1 1 1 1 1 1 1 1
instanceKlass java/lang/InstantiationException
instanceKlass java/lang/IllegalAccessException
instanceKlass java/lang/reflect/InvocationTargetException
instanceKlass java/lang/NoSuchFieldException
instanceKlass java/lang/NoSuchMethodException
instanceKlass java/lang/ClassNotFoundException
ciInstanceKlass java/lang/ReflectiveOperationException 1 1 34 10 10 10 10 100 7 1 1 1 5 0 1 1 1 1 1 1 1 1 1 1 1 1 1 1 1 1 12 12 12 12 1 1
instanceKlass org/apache/spark/SparkClassNotFoundException
ciInstanceKlass java/lang/ClassNotFoundException 1 1 37 100 10 10 9 7 7 1 1 1 5 0 1 1 1 1 1 1 1 1 1 1 1 1 1 1 1 1 1 1 1 12 12 12 1 1 1
instanceKlass java/lang/UnsatisfiedLinkError
instanceKlass java/lang/IncompatibleClassChangeError
instanceKlass java/lang/ExceptionInInitializerError
instanceKlass java/lang/BootstrapMethodError
instanceKlass java/lang/NoClassDefFoundError
ciInstanceKlass java/lang/LinkageError 1 1 31 10 10 10 100 7 1 1 1 5 0 1 1 1 1 1 1 1 1 1 1 1 1 1 1 1 12 12 12 1 1
ciInstanceKlass java/lang/NoClassDefFoundError 0 0 26 10 10 100 100 1 1 1 5 0 1 1 1 1 1 1 1 1 1 1 1 1 12 12 1 1
ciInstanceKlass java/lang/ClassCastException 1 1 26 10 10 100 100 1 1 1 5 0 1 1 1 1 1 1 1 1 1 1 1 1 12 12 1 1
ciInstanceKlass java/lang/ArrayStoreException 1 1 26 10 10 100 100 1 1 1 5 0 1 1 1 1 1 1 1 1 1 1 1 1 12 12 1 1
instanceKlass java/lang/InternalError
instanceKlass java/lang/StackOverflowError
instanceKlass java/lang/OutOfMemoryError
ciInstanceKlass java/lang/VirtualMachineError 1 1 34 10 10 10 10 100 7 1 1 1 5 0 1 1 1 1 1 1 1 1 1 1 1 1 1 1 1 1 12 12 12 12 1 1
instanceKlass org/apache/spark/memory/SparkOutOfMemoryError
instanceKlass io/netty/util/internal/OutOfDirectMemoryError
ciInstanceKlass java/lang/OutOfMemoryError 1 1 26 10 10 100 100 1 1 1 5 0 1 1 1 1 1 1 1 1 1 1 1 1 12 12 1 1
ciInstanceKlass java/lang/StackOverflowError 1 1 26 10 10 100 100 1 1 1 5 0 1 1 1 1 1 1 1 1 1 1 1 1 12 12 1 1
ciInstanceKlass java/lang/IllegalMonitorStateException 1 1 26 10 10 100 100 1 1 1 5 0 1 1 1 1 1 1 1 1 1 1 1 1 12 12 1 1
instanceKlass java/lang/ref/PhantomReference
instanceKlass java/lang/ref/FinalReference
instanceKlass java/lang/ref/WeakReference
instanceKlass java/lang/ref/SoftReference
ciInstanceKlass java/lang/ref/Reference 1 1 159 10 9 10 9 9 7 10 10 9 9 10 10 10 9 9 100 10 10 10 7 10 10 10 7 8 10 7 10 10 10 7 10 10 7 1 1 1 1 1 1 1 1 1 1 1 1 1 1 1 1 1 1 1 1 1 1 1 1 1 1 1 1 1 1 1 1 1 1 100 1 1 100 1 1 1 1 1 1 1 1 1 1 1 1 1 1 7 1 1 1 1 1 1 1 1 1 7 1 1 1 1 12 12 12 12 12 1 12 12 12 12 12 12 12 12 12 1 12 12 1 12 12 12 1 1 12 1 12 12 12 1 7 12 1 1 1 1 1 1 1 1 1 1 1 1 1 1 1 1 1 1 1 1 1 1 1 1 1
staticfield java/lang/ref/Reference processPendingLock Ljava/lang/Object; java/lang/Object
instanceKlass java/io/ClassCache$CacheRef
instanceKlass sun/security/util/MemoryCache$SoftCacheEntry
instanceKlass org/sparkproject/guava/cache/LocalCache$SoftValueReference
instanceKlass java/util/ResourceBundle$BundleReference
instanceKlass sun/util/locale/provider/LocaleResources$ResourceReference
instanceKlass sun/util/resources/Bundles$BundleReference
instanceKlass sun/util/locale/LocaleObjectCache$CacheEntry
instanceKlass jdk/internal/ref/SoftCleanable
instanceKlass java/lang/invoke/LambdaFormEditor$Transform
ciInstanceKlass java/lang/ref/SoftReference 1 1 47 10 9 9 10 10 7 7 1 1 1 1 1 1 1 1 1 1 1 1 1 1 1 1 1 1 1 1 1 1 1 1 1 1 100 1 1 1 1 12 12 12 12 12 1 1 1
instanceKlass java/util/concurrent/ForkJoinTask$ExceptionNode
instanceKlass org/apache/commons/collections4/map/AbstractReferenceMap$WeakRef
instanceKlass org/sparkproject/guava/collect/MapMakerInternalMap$WeakEntry
instanceKlass org/sparkproject/guava/collect/MapMakerInternalMap$WeakValueReference
instanceKlass org/apache/spark/sql/catalyst/encoders/HashableWeakReference
instanceKlass org/apache/commons/logging/impl/WeakHashtable$WeakKey
instanceKlass scala/ref/WeakReferenceWithWrapper
instanceKlass org/apache/spark/CleanupTaskWeakReference
instanceKlass org/apache/spark/storage/BlockManager$RemoteBlockDownloadFileManager$ReferenceWithCleanup
instanceKlass org/sparkproject/guava/cache/LocalCache$WeakValueReference
instanceKlass java/util/ResourceBundle$KeyElementReference
instanceKlass java/lang/WeakPairMap$WeakRefPeer
instanceKlass com/sun/jmx/mbeanserver/WeakIdentityHashMap$IdentityWeakReference
instanceKlass java/lang/ClassValue$Entry
instanceKlass java/util/logging/LogManager$LoggerWeakRef
instanceKlass java/util/logging/Level$KnownLevel
instanceKlass java/lang/ThreadLocal$ThreadLocalMap$Entry
instanceKlass jdk/internal/ref/WeakCleanable
instanceKlass java/lang/invoke/MethodType$ConcurrentWeakInternSet$WeakEntry
instanceKlass java/util/WeakHashMap$Entry
ciInstanceKlass java/lang/ref/WeakReference 1 1 31 10 10 100 7 1 1 1 1 1 1 1 1 1 1 1 1 1 1 1 1 1 1 1 1 1 1 12 12 1 1
instanceKlass java/lang/ref/Finalizer
ciInstanceKlass java/lang/ref/FinalReference 1 1 36 10 100 8 10 100 7 1 1 1 1 1 1 1 1 1 1 1 1 1 1 1 1 1 1 1 1 1 1 12 1 1 12 1 1 1
instanceKlass jdk/internal/ref/PhantomCleanable
instanceKlass jdk/internal/ref/Cleaner
ciInstanceKlass java/lang/ref/PhantomReference 1 1 30 10 100 7 1 1 1 1 1 1 1 1 1 1 1 1 1 1 1 1 1 1 1 1 1 1 1 12 1 1
ciInstanceKlass java/lang/ref/Finalizer 1 1 139 9 10 9 9 9 9 7 10 10 7 11 100 10 100 10 10 10 100 10 10 7 10 7 10 10 10 10 7 10 7 10 10 10 7 1 1 1 1 1 1 1 1 1 1 1 1 1 1 1 1 1 1 1 1 1 1 1 1 1 1 1 1 1 1 1 1 1 1 1 1 1 1 1 1 7 1 1 1 1 12 12 12 12 12 12 1 12 12 1 7 12 1 12 1 12 100 12 100 12 1 12 12 1 1 12 12 12 1 12 1 12 12 12 1 1 1 1 1 1 1 1 1 1 1 1 1 1 1 1 1 1 1 1 1 1 1 1 1
staticfield java/lang/ref/Finalizer lock Ljava/lang/Object; java/lang/Object
instanceKlass java/util/concurrent/ForkJoinWorkerThread
instanceKlass org/apache/spark/ContextCleaner$$anon$1
instanceKlass org/apache/spark/util/UninterruptibleThread
instanceKlass org/apache/spark/util/EventLoop$$anon$1
instanceKlass java/util/TimerThread
instanceKlass org/apache/spark/storage/BlockManager$RemoteBlockDownloadFileManager$$anon$2
instanceKlass org/apache/hadoop/util/ShutdownHookManager$1
instanceKlass org/apache/spark/util/ShutdownHookManager$$anon$1
instanceKlass io/netty/util/concurrent/FastThreadLocalThread
instanceKlass org/apache/spark/scheduler/AsyncEventQueue$$anon$2
instanceKlass org/apache/spark/util/ThreadUtils$$anon$2
instanceKlass org/apache/hadoop/util/Shell$1
instanceKlass java/util/logging/LogManager$Cleaner
instanceKlass org/apache/spark/util/Utils$$anon$3
instanceKlass scala/sys/ShutdownHookThread
instanceKlass com/intellij/rt/execution/application/AppMainV2$1
instanceKlass jdk/internal/misc/InnocuousThread
instanceKlass java/lang/ref/Finalizer$FinalizerThread
instanceKlass java/lang/ref/Reference$ReferenceHandler
ciInstanceKlass java/lang/Thread 1 1 592 9 9 10 9 9 100 8 10 3 8 3 10 10 9 9 9 9 7 100 8 10 9 10 10 10 10 10 10 9 10 10 9 10 10 9 10 9 10 9 9 10 10 9 10 9 7 10 7 10 8 10 10 10 10 10 10 9 100 10 10 10 10 100 11 9 10 10 10 9 10 9 10 100 10 10 10 11 10 10 10 7 10 10 10 10 10 10 10 10 10 10 7 8 10 10 10 8 10 8 10 8 8 10 10 100 8 10 9 9 10 10 10 9 10 100 10 11 9 9 10 100 10 11 100 10 10 11 10 100 10 10 10 8 9 10 11 10 11 10 7 7 1 1 100 1 100 1 100 1 1 1 1 1 1 1 1 1 1 1 1 1 1 1 1 1 1 1 1 100 1 1 1 1 1 1 1 1 1 1 1 1 1 1 1 3 1 3 1 3 1 1 1 1 1 1 1 1 1 1 1 1 1 1 1 1 1 1 1 1 1 1 1 1 1 1 1 100 1 1 1 1 1 1 1 7 1 1 1 1 1 1 1 1 1 1 1 1 1 7 100 100 100 1 1 1 1 1 1 1 1 1 1 1 1 1 1 1 1 1 1 1 1 1 1 1 1 1 1 1 1 1 1 1 1 1 1 1 1 1 1 1 1 1 1 1 1 1 1 1 1 1 1 1 1 1 1 1 1 1 1 1 1 1 1 1 1 1 1 1 1 1 1 100 100 1 1 1 1 1 1 1 1 1 100 100 1 1 1 1 1 1 1 1 1 1 1 1 1 1 1 1 1 1 1 1 1 1 1 1 1 1 1 1 1 1 1 1 1 1 1 1 1 1 1 1 1 1 100 1 1 1 1 1 1 1 1 1 1 1 1 12 12 12 12 12 1 1 12 1 12 12 12 12 12 12 1 1 1 12 7 12 12 12 12 12 100 12 12 12 12 12 12 12 12 12 7 12 12 12 12 7 12 12 12 12 1 1 1 12 12 12 12 12 12 12 1 12 12 12 1 12 100 12 12 12 12 12 12 12 1 12 12 12 12 12 12 1 12 12 12 12 12 12 12 12 12 1 1 12 12 1 12 1 1 1 100 12 100 12 1 12 12 12 12 12 12 1 12 12 12 12 12 1 12 100 12 1 12 12 12 12 1 12 12 7 12 12 12 12 100 12 12 12 1 1 1 1 1 1 1 1 1 1 1 1 1 1 1 1 1 1 1 1 1 1 1 1 1 1 1 1 1 1 1 1 1 1 1 1 1 1 1 1 1 1 1 1 1 1 1 1 1 1 1 1 1 1 1 1 1 1 1 1 1 1 1 1 1 1 1 1 1 1 1 1 1 1 1 1 1 1
staticfield java/lang/Thread EMPTY_STACK_TRACE [Ljava/lang/StackTraceElement; 0 [Ljava/lang/StackTraceElement;
ciInstanceKlass java/lang/ThreadGroup 1 1 289 10 9 8 9 7 9 9 10 10 10 10 10 9 10 10 9 10 9 9 10 100 10 10 10 9 10 10 9 10 10 10 10 10 10 10 10 10 10 10 100 10 10 10 7 10 7 10 9 10 8 10 10 10 10 11 100 9 100 10 8 10 10 8 10 10 10 10 8 10 8 10 8 7 100 1 1 1 1 1 1 1 1 1 1 1 1 1 1 1 1 1 1 1 1 1 1 1 1 1 1 1 1 1 1 1 1 1 1 1 1 1 1 1 1 1 1 1 1 1 1 1 100 1 1 1 1 1 1 100 1 1 1 1 1 1 1 1 1 1 1 1 1 1 1 1 1 1 1 1 1 1 1 1 1 1 1 1 1 1 1 1 1 1 1 1 1 1 1 1 1 1 1 100 1 1 1 1 1 1 1 1 1 1 1 1 1 12 12 1 12 1 12 12 12 12 12 12 12 12 12 12 12 100 12 12 12 7 12 12 7 12 12 12 12 12 12 12 12 12 12 12 12 12 12 12 1 12 12 1 12 12 12 12 1 12 12 12 12 1 12 1 1 12 12 1 12 12 12 100 1 1 12 1 1 1 1 1 1 1 1 1 1 1 1 1 1 1 1 1 1 1 1 1 1 1 1 1 1 1 1 1 1 1 1 1 1 1 1
instanceKlass scala/collection/convert/Wrappers$DictionaryWrapper
instanceKlass java/util/Hashtable
ciInstanceKlass java/util/Dictionary 1 1 36 10 100 7 1 1 1 1 1 1 1 1 1 1 1 1 1 1 1 1 1 1 1 1 1 1 1 1 1 1 1 1 1 12 1 1
instanceKlass org/apache/commons/logging/impl/WeakHashtable
instanceKlass java/util/Properties
ciInstanceKlass java/util/Hashtable 1 1 512 100 10 9 100 100 10 8 10 10 10 10 10 8 10 9 7 9 7 4 10 9 4 10 11 10 10 9 10 100 10 9 10 9 10 10 3 9 9 3 10 10 10 11 11 11 11 7 11 11 10 10 10 9 9 9 10 100 100 10 10 8 10 10 8 10 8 10 7 10 10 100 10 10 7 10 100 10 10 7 11 11 100 10 10 10 11 100 10 11 11 10 10 10 10 10 10 10 8 10 100 8 10 4 10 4 10 8 10 10 100 11 10 10 10 10 7 100 100 1 1 1 100 1 1 1 1 1 1 1 1 1 1 1 1 1 1 1 1 1 5 0 1 1 1 1 1 1 1 1 1 1 3 1 3 1 3 1 1 1 1 1 1 1 1 1 1 1 1 1 1 1 1 1 1 1 1 1 1 1 1 1 1 1 1 1 1 1 1 1 1 1 1 1 1 1 100 1 1 1 1 1 7 1 1 1 1 1 1 1 1 1 1 1 1 1 1 1 1 1 1 1 1 1 1 1 1 1 7 1 1 1 1 1 1 1 1 1 1 1 1 1 1 1 1 1 100 1 1 1 1 1 1 1 1 1 1 1 1 1 1 1 1 1 1 1 1 1 1 1 1 1 1 1 1 1 1 100 1 1 1 1 1 1 1 100 1 1 1 1 1 1 1 1 1 1 1 1 1 100 1 1 1 1 1 1 1 1 1 1 1 1 1 1 1 100 1 1 1 100 100 1 1 1 1 1 1 100 1 1 100 1 1 1 1 1 1 1 1 1 1 1 1 12 12 1 1 1 12 12 12 12 7 12 1 12 12 1 12 1 7 12 12 12 12 12 12 12 12 1 12 12 12 12 12 12 12 12 12 12 12 7 12 12 12 1 12 12 12 12 12 12 12 12 1 1 12 1 12 1 1 7 12 1 12 12 1 12 12 1 1 12 1 12 12 1 100 12 12 1 12 12 12 12 12 12 12 12 100 12 12 1 1 12 12 1 12 100 12 1 100 12 12 12 12 1 1 1 1 1 1 1 1 1 1 1 1 1 1 1 1 1 1 1 1 1 1 1 1 1 1 1 1 1 1 1 1 1 1 1 1 1 1 1 1 1 1 1 1 1 1 1 1 1 1 1 1 1 1 1 1 1 1 1 1 1 1 1 1 1 1 1
instanceKlass java/security/Provider
ciInstanceKlass java/util/Properties 1 1 645 10 100 10 7 10 9 9 9 10 10 8 10 7 10 10 8 10 7 10 10 9 10 7 10 10 10 100 8 10 10 10 10 100 3 10 10 10 8 10 10 10 10 10 100 100 10 10 100 9 10 10 10 100 10 10 10 11 11 11 7 11 11 10 8 10 10 100 10 10 10 9 10 10 100 100 100 10 8 8 10 10 10 7 10 10 10 7 10 10 11 10 8 10 11 8 10 11 9 10 10 10 10 10 10 10 10 10 10 10 10 10 10 10 7 10 10 10 10 10 10 10 10 10 10 10 10 10 10 10 10 7 10 100 10 11 4 11 10 10 11 10 10 10 100 8 10 10 10 100 6 0 10 11 10 10 1 1 1 1 1 1 5 0 1 1 1 1 1 1 1 1 1 1 1 1 1 1 1 1 1 1 1 1 1 1 1 1 1 1 1 1 1 1 1 1 1 1 1 1 1 1 1 1 1 1 1 1 1 1 1 1 1 1 1 1 1 1 1 1 1 1 1 100 1 1 1 1 1 1 1 1 1 1 1 1 1 1 1 1 1 1 1 1 1 1 1 1 1 100 1 1 1 1 1 1 1 1 1 100 7 100 1 1 1 100 1 1 1 1 1 1 1 1 1 1 1 1 1 1 1 1 1 1 1 1 1 1 1 1 1 1 1 1 1 1 1 1 7 100 1 1 100 1 1 1 1 1 1 1 1 1 1 1 1 1 1 1 1 1 1 1 1 1 1 1 1 1 1 1 1 1 1 1 1 1 1 1 1 1 1 1 1 1 1 1 1 1 1 1 1 1 1 1 1 1 1 1 1 1 1 1 1 1 1 1 1 1 1 1 1 1 1 1 1 1 1 1 1 1 1 1 1 1 1 1 1 1 1 1 1 1 1 1 100 100 1 1 1 1 100 1 1 1 1 1 12 1 12 1 12 12 12 12 7 12 12 1 7 12 1 12 12 1 12 1 12 12 12 12 1 12 12 12 1 1 12 12 12 12 1 12 12 1 12 12 12 12 12 1 1 12 12 1 100 12 12 12 12 1 12 7 12 12 12 1 12 12 12 1 12 12 1 12 100 12 100 12 12 100 12 1 1 1 1 1 12 12 12 1 12 12 1 12 12 7 12 1 12 1 12 12 12 12 12 12 12 12 12 12 12 12 12 12 1 12 12 12 12 12 12 12 12 12 12 12 12 12 12 12 1 12 1 12 12 12 12 12 100 12 12 1 1 12 100 12 1 12 100 12 12 12 1 1 1 1 1 1 1 1 1 1 1 1 1 1 1 1 1 1 1 1 1 1 1 1 1 1 1 1 1 1 1 1 1 1 1 1 1 1 1 1 1 1 1 1 1 1 1 1 1 1 1 1 1 1 1 1 1 1 100 1 1 1 1 1 1 1 1 1 1 1 1 1 1 1 1 1 1 1 1 1 1 1 1 1 1 1 1 1 1 1 1 1 1
staticfield java/util/Properties UNSAFE Ljdk/internal/misc/Unsafe; jdk/internal/misc/Unsafe
staticfield java/util/Properties hexDigit [C 16
ciInstanceKlass java/lang/Module 1 1 907 10 9 10 9 9 9 10 10 10 10 7 10 10 7 11 7 10 10 9 10 10 8 10 10 10 9 11 9 10 9 10 10 100 7 10 10 8 10 10 10 10 10 10 9 10 10 9 10 10 9 11 7 10 9 9 10 7 7 10 100 8 10 10 10 8 10 10 10 10 8 8 10 10 10 18 10 11 9 11 10 100 8 10 7 10 10 11 11 9 11 10 10 9 10 10 10 10 18 11 10 11 10 11 4 10 7 10 11 7 10 11 7 10 7 8 10 10 7 10 10 7 7 10 9 100 10 11 10 10 10 11 7 10 11 10 11 10 10 10 10 10 10 10 10 18 11 11 18 10 10 10 7 10 10 10 9 7 10 10 10 10 10 10 10 10 10 9 18 10 7 100 8 10 10 10 100 10 100 8 100 10 100 100 3 10 100 10 10 10 100 10 10 100 100 10 8 10 10 10 10 10 10 10 100 10 10 10 100 8 10 10 8 10 8 10 10 10 8 10 7 10 10 10 11 100 7 1 1 1 1 1 1 1 1 1 1 1 1 1 1 1 1 1 1 1 1 1 1 1 1 1 1 1 1 1 1 1 1 1 1 1 1 1 1 1 1 1 1 1 1 1 1 7 1 1 1 1 1 1 1 1 1 1 100 1 1 1 1 1 1 1 1 1 1 1 1 1 1 1 1 1 1 1 1 1 1 1 1 1 1 1 1 1 1 1 1 1 1 1 1 1 1 1 1 1 1 1 1 1 1 1 1 1 1 1 1 1 1 1 1 100 1 1 1 1 1 1 1 1 1 1 1 1 1 1 1 1 1 1 1 1 100 1 1 1 1 1 1 1 1 1 1 1 1 1 1 1 1 1 1 1 1 1 1 1 1 1 1 1 1 1 1 1 7 7 7 7 7 1 1 1 1 1 1 1 1 1 1 1 1 1 1 1 1 1 1 1 1 100 1 1 1 1 1 1 1 1 1 1 1 1 1 1 1 1 1 1 1 1 100 1 1 1 1 1 1 1 1 1 1 1 1 1 100 100 1 100 1 1 1 1 1 100 1 1 1 1 1 1 1 1 1 1 1 1 1 1 1 1 1 7 1 1 1 1 1 1 1 1 1 12 12 12 12 12 12 12 12 12 12 1 7 12 12 1 12 12 7 12 100 12 12 12 1 12 12 12 12 12 12 7 12 12 7 12 12 1 1 12 1 12 12 12 12 12 12 12 12 12 12 12 12 12 12 1 12 12 12 12 1 1 12 1 1 12 12 1 12 12 12 12 1 1 12 12 12 1 15 16 15 16 12 12 12 12 12 7 12 1 1 1 12 12 12 12 12 12 12 12 12 12 7 12 16 15 16 12 12 100 12 12 12 12 12 1 12 1 12 1 7 12 100 1 1 1 12 12 1 12 12 1 1 12 12 1 12 12 12 12 1 12 12 12 12 12 12 12 12 12 12 12 16 15 16 12 12 12 15 16 12 12 12 12 1 12 12 12 12 1 12 12 12 12 12 12 12 16 15 16 12 100 12 1 1 1 12 12 12 1 12 1 1 1 1 1 12 1 12 12 12 1 12 12 1 1 12 1 12 12 7 12 12 12 12 12 1 12 12 1 1 12 7 12 1 12 1 12 12 12 1 1 12 12 12 1 1 1 1 1 1 1 1 1 1 1 1 1 1 1 1 1 1 1 1 1 1 1 1 1 1 1 1 1 1 1 1 1 1 1 1 1 1 1 1 1 1 1 1 1 1 1 1 1 1 1 1 1 1 1 1 1 1 1 1 10 10 1 1 1 1 1 1 1 1 1 1 1 1 1 1 1 1 10 1 1 1 1 1 1 1 1 1 1 1 1 1 1 1 1 1 1 1 1 1 1 1 1 1 1 1 1 1 1 1 1 1 1 10 1 1 1 1 1 1 10 1 1 1 1 1 1 10 1 1 1 1 1 1 1 1 1 1 1 1 1 1 1 1 1 1 1 1 1 1 1 1 1 1 1 1 1 1 1 1 1 1 1 1 1 1 7 12 12 100 12 12 12 1 1 100 1 1 1 100 1 1
staticfield java/lang/Module ALL_UNNAMED_MODULE Ljava/lang/Module; java/lang/Module
staticfield java/lang/Module ALL_UNNAMED_MODULE_SET Ljava/util/Set; java/util/ImmutableCollections$Set12
staticfield java/lang/Module EVERYONE_MODULE Ljava/lang/Module; java/lang/Module
staticfield java/lang/Module EVERYONE_SET Ljava/util/Set; java/util/ImmutableCollections$Set12
staticfield java/lang/Module $assertionsDisabled Z 1
instanceKlass java/lang/reflect/Executable
instanceKlass java/lang/reflect/Field
ciInstanceKlass java/lang/reflect/AccessibleObject 1 1 405 10 9 10 10 10 10 7 10 10 9 100 10 11 7 100 10 7 100 10 10 7 10 10 7 10 100 10 10 10 10 10 10 10 10 10 10 8 100 10 10 8 10 10 8 8 8 8 8 8 100 10 10 9 10 10 10 18 10 10 10 11 100 100 8 10 10 10 8 10 8 10 10 100 8 10 11 10 10 10 10 10 9 100 10 10 9 10 8 10 8 10 9 100 10 7 10 10 7 9 7 7 1 1 1 1 1 1 1 1 1 1 1 1 1 1 1 1 100 1 1 1 1 1 1 1 1 1 1 1 1 1 1 1 1 1 1 1 1 1 1 1 1 1 1 1 1 1 1 1 1 1 1 1 1 1 1 1 7 100 1 1 1 1 1 1 1 1 1 1 1 1 1 1 1 1 1 1 1 1 1 1 1 1 1 1 1 1 1 1 1 1 1 1 1 1 1 1 1 1 1 1 1 1 100 1 1 1 1 1 1 1 1 1 1 1 1 1 1 1 1 1 7 12 100 12 12 12 7 12 7 12 12 12 12 1 12 12 1 1 12 1 1 12 12 1 12 12 1 12 1 7 12 12 12 12 12 12 12 12 1 1 12 1 12 12 1 1 1 1 1 1 1 12 12 12 12 12 7 12 1 15 16 15 16 12 12 12 1 1 1 12 12 1 12 1 12 1 1 12 12 12 12 12 12 12 12 12 12 7 12 1 7 12 1 12 12 1 1 1 1 7 12 1 12 1 1 1 1 1 1 1 1 1 1 1 1 1 1 1 1 1 1 1 1 1 1 1 1 1 1 1 1 1 1 1 1 1 1 1 1 1 1 1 1 1 1 1 1 1 1 1 10 10 1 1 1 1 1 1 1 1 1 1 1 1 1 1 1 1 1 1 1 1 7 12 12 1 1 100 1 1 100 1 1
staticfield java/lang/reflect/AccessibleObject reflectionFactory Ljdk/internal/reflect/ReflectionFactory; jdk/internal/reflect/ReflectionFactory
ciInstanceKlass java/lang/reflect/Field 1 1 433 9 10 10 10 9 10 10 10 10 9 9 9 9 9 9 9 100 8 10 7 10 9 9 10 10 10 10 10 10 7 10 10 10 10 10 10 10 100 10 8 10 10 8 10 10 8 8 10 11 9 10 10 11 11 11 11 11 11 11 11 11 11 11 11 11 11 11 11 11 11 10 10 10 10 10 9 10 10 10 10 11 10 7 10 10 9 10 11 10 10 9 10 10 7 100 1 1 1 1 1 1 1 1 1 1 1 1 1 1 1 1 1 1 1 1 1 1 1 1 1 1 1 1 1 1 1 1 1 1 1 1 1 1 1 1 1 1 1 1 1 1 1 1 1 1 1 1 1 1 1 1 1 1 1 1 1 1 1 1 1 1 1 1 1 1 1 1 1 7 1 1 1 1 100 1 1 1 100 1 1 1 1 1 1 1 1 1 1 1 1 1 1 1 1 1 1 1 1 1 1 1 1 1 1 1 1 1 1 1 1 1 1 1 1 1 1 1 1 1 1 1 1 1 1 1 1 1 1 7 100 1 1 1 1 1 7 1 1 1 1 1 1 1 1 1 1 1 1 1 1 1 1 1 1 1 1 7 100 1 1 1 1 1 1 1 1 12 12 7 12 7 12 12 12 12 7 12 12 12 12 12 12 12 12 12 1 1 12 1 12 12 12 12 7 12 12 12 12 12 1 12 12 12 12 12 12 1 1 12 12 1 12 12 1 1 12 12 12 12 12 12 12 12 12 12 12 12 12 12 12 12 12 12 12 12 12 12 12 12 12 12 12 7 12 12 7 12 12 12 1 100 12 7 12 12 7 12 7 12 12 12 100 12 100 12 12 1 1 1 1 1 1 1 1 1 1 1 1 1 1 1 1 1 1 1 1 1 1 1 1 1 1 1 1 1 1 1 1 1 1 1 1 1 1 1 1 1 1 1 1 1 1 1 1 1 1 1 1 1 1 1 1 100 1 1 1 1 1 1 1 1 1
ciInstanceKlass java/lang/reflect/Parameter 1 1 226 10 9 9 9 9 7 10 10 10 100 10 10 11 10 10 10 10 10 8 8 10 10 10 8 10 8 10 9 10 9 10 10 10 10 10 10 10 10 11 10 100 10 10 10 10 10 9 100 10 11 11 7 100 1 1 1 1 1 1 1 1 1 1 1 1 1 1 1 1 1 1 1 1 1 1 1 1 1 1 1 1 1 1 1 1 1 1 1 1 1 1 1 100 100 1 1 1 1 1 1 1 1 1 1 1 100 1 1 1 1 1 1 1 1 1 1 1 1 1 1 1 1 1 1 1 1 1 1 100 1 1 1 12 12 12 12 12 1 12 12 7 12 1 12 12 12 100 12 12 12 12 1 1 12 12 12 1 1 12 12 12 12 12 12 12 12 12 100 12 12 100 12 12 1 100 12 12 12 12 12 12 1 12 12 1 1 1 1 1 1 1 1 1 1 1 1 1 1 1 1 1 1 1 1 1 1 1 1 1 1 1 1 1 1 1 1 1 1 1 1 1 1 1 1 1
instanceKlass java/lang/reflect/Constructor
instanceKlass java/lang/reflect/Method
ciInstanceKlass java/lang/reflect/Executable 1 1 458 10 10 10 11 10 10 10 10 10 7 8 7 10 10 10 100 8 10 10 10 10 8 8 10 10 100 8 10 8 10 8 11 10 10 11 10 8 8 10 10 100 10 10 10 10 10 10 7 10 10 10 10 10 7 10 7 8 10 10 3 100 8 10 10 10 10 10 8 8 8 9 10 100 8 9 10 10 10 10 10 10 7 10 10 100 10 7 10 10 11 10 10 10 9 10 7 10 10 9 10 10 9 10 9 10 9 7 100 100 1 1 1 1 1 1 1 1 1 1 1 1 1 1 1 1 1 1 1 1 1 1 1 1 1 1 1 1 1 1 1 1 1 1 1 1 1 1 1 1 1 1 1 1 1 1 1 1 1 1 1 1 1 1 1 1 1 1 100 1 1 1 1 1 1 1 1 1 1 1 1 1 1 1 1 1 100 100 100 1 1 1 1 1 1 1 1 1 1 1 1 1 1 1 1 1 1 1 1 1 1 1 1 1 1 1 1 1 1 1 1 1 1 1 1 1 1 1 1 1 1 1 1 1 1 1 1 1 1 1 1 1 1 1 1 1 1 1 1 1 1 1 1 1 1 1 1 1 1 7 100 100 1 1 1 1 1 1 1 1 1 1 1 1 12 7 12 12 7 12 7 12 12 12 12 12 1 1 1 12 12 1 1 12 7 12 12 12 1 1 12 1 1 12 1 12 1 100 12 12 12 1 1 12 12 1 12 12 7 12 12 12 1 12 12 12 12 7 12 12 1 1 12 12 1 1 12 12 12 12 1 1 1 12 12 1 1 12 12 12 12 12 12 12 12 12 1 100 12 1 7 12 12 12 12 100 12 12 12 12 1 12 12 100 12 100 12 12 12 12 12 12 12 1 1 1 1 1 1 1 1 1 1 1 1 1 1 1 1 1 1 1 1 1 1 1 1 1 1 1 1 1 1 1 1 1 1 1 1 1 1 1 1 1 1 1 1 1 1 1 1 1 1 1 1 1 1 1 1 1 1 1 100 1 1 1 1 1 1 1 1 1 1 1 1 1 1 1
ciInstanceKlass java/lang/reflect/Method 1 1 441 9 10 10 9 10 10 10 10 9 9 9 9 9 9 9 9 9 9 9 100 8 10 7 10 9 8 10 10 10 10 10 10 10 7 10 10 10 7 10 10 10 10 10 10 10 10 10 10 10 10 10 10 10 100 8 10 100 8 10 10 10 10 10 10 10 11 9 10 10 10 10 11 10 7 10 10 10 10 9 10 10 10 10 10 11 10 7 100 100 10 10 10 100 10 8 10 10 10 10 10 8 10 7 1 1 1 1 1 1 1 1 1 1 1 1 1 1 1 1 1 1 1 1 1 1 1 1 1 1 1 1 1 1 1 1 1 1 1 1 1 1 1 1 1 1 1 1 1 1 1 1 1 1 1 1 1 1 1 1 1 1 1 1 1 1 1 1 1 1 1 1 1 1 1 1 1 1 1 1 1 1 1 1 1 1 1 1 1 1 1 1 1 1 1 1 1 1 1 1 1 1 1 1 1 1 1 1 1 1 1 7 100 7 7 1 100 100 1 1 1 1 1 1 1 1 1 1 1 1 1 1 1 1 1 1 1 1 1 1 1 1 1 1 1 1 1 1 1 1 1 1 1 1 1 1 12 7 12 7 12 12 12 12 7 12 12 12 12 12 12 12 12 12 12 12 12 12 1 1 12 1 12 12 1 7 12 7 12 12 12 12 12 12 1 12 12 7 12 12 7 12 12 12 12 12 7 12 12 12 12 12 12 12 1 1 1 1 12 12 12 12 12 12 12 100 12 12 12 12 12 12 12 1 12 12 12 12 12 7 12 12 7 12 7 12 7 12 7 12 7 12 1 1 1 12 12 12 1 1 12 12 12 12 1 12 1 1 1 1 1 1 1 1 1 1 1 1 1 1 1 1 1 1 1 1 1 1 1 1 1 1 1 1 1 1 1 1 1 1 1 1 1 1 1 1 1 1 1 1 1 1 1 1 1 1 1 1 1 1 1 1 1 1 1 1 1 1 1 1 1 1 1 1 1 1 1 1 1 1 1
ciInstanceKlass java/lang/reflect/Constructor 1 1 415 10 10 9 10 10 10 9 10 9 9 9 9 9 9 9 9 100 8 10 7 10 9 10 10 10 10 10 7 100 8 10 10 10 10 10 7 10 7 10 10 10 10 10 10 10 10 10 7 8 10 10 7 8 10 10 10 10 10 10 10 9 10 10 100 8 10 11 10 10 10 9 10 10 10 10 10 10 10 10 10 100 8 10 10 10 10 10 10 10 11 9 10 10 7 1 1 1 1 1 1 1 1 1 1 1 1 1 1 1 1 1 1 1 1 1 1 1 1 1 1 1 1 1 1 1 1 1 1 1 1 1 1 1 1 1 1 1 1 1 1 1 1 1 1 1 1 1 1 1 1 1 1 1 1 1 1 1 1 1 1 1 1 1 1 1 1 1 1 1 1 1 1 1 1 1 1 1 1 1 1 1 1 1 1 1 1 1 1 1 1 1 1 1 1 1 1 1 7 1 100 100 100 1 1 1 1 1 1 1 1 1 1 1 1 1 1 1 1 1 1 1 1 1 1 1 1 1 1 1 1 1 1 1 1 1 1 1 1 1 7 12 7 12 12 12 12 7 12 12 12 12 12 12 12 12 12 12 12 1 1 12 1 12 12 7 12 7 12 12 12 12 1 1 1 12 12 12 12 1 7 12 12 7 12 12 7 12 12 12 12 12 1 1 12 1 1 12 12 12 12 12 12 12 12 12 12 1 1 12 12 12 12 12 12 7 12 12 12 12 12 12 12 12 12 1 1 12 12 12 12 100 12 100 12 100 12 100 12 12 1 1 1 1 1 1 1 1 1 1 1 1 1 1 1 1 1 1 1 1 1 1 1 1 1 1 1 1 1 1 1 1 1 1 1 1 1 1 1 1 1 1 1 1 1 1 1 1 1 1 1 1 1 1 1 1 1 1 1 1 1 1 1 1 1 100 1 1 1 1 1 1 1 1 1
instanceKlass jdk/internal/reflect/FieldAccessorImpl
instanceKlass jdk/internal/reflect/ConstructorAccessorImpl
instanceKlass jdk/internal/reflect/MethodAccessorImpl
ciInstanceKlass jdk/internal/reflect/MagicAccessorImpl 1 1 16 10 100 7 1 1 1 1 1 1 1 1 1 12 1 1
instanceKlass jdk/internal/reflect/GeneratedMethodAccessor50
instanceKlass jdk/internal/reflect/GeneratedMethodAccessor49
instanceKlass jdk/internal/reflect/GeneratedMethodAccessor48
instanceKlass jdk/internal/reflect/GeneratedMethodAccessor47
instanceKlass jdk/internal/reflect/GeneratedMethodAccessor46
instanceKlass jdk/internal/reflect/GeneratedMethodAccessor45
instanceKlass jdk/internal/reflect/GeneratedMethodAccessor44
instanceKlass jdk/internal/reflect/GeneratedMethodAccessor43
instanceKlass jdk/internal/reflect/GeneratedMethodAccessor42
instanceKlass jdk/internal/reflect/GeneratedMethodAccessor41
instanceKlass jdk/internal/reflect/GeneratedMethodAccessor40
instanceKlass jdk/internal/reflect/GeneratedMethodAccessor39
instanceKlass jdk/internal/reflect/GeneratedMethodAccessor38
instanceKlass jdk/internal/reflect/GeneratedMethodAccessor37
instanceKlass jdk/internal/reflect/GeneratedMethodAccessor36
instanceKlass jdk/internal/reflect/GeneratedMethodAccessor35
instanceKlass jdk/internal/reflect/GeneratedMethodAccessor34
instanceKlass jdk/internal/reflect/GeneratedMethodAccessor33
instanceKlass jdk/internal/reflect/GeneratedMethodAccessor32
instanceKlass jdk/internal/reflect/GeneratedMethodAccessor31
instanceKlass jdk/internal/reflect/GeneratedMethodAccessor30
instanceKlass jdk/internal/reflect/GeneratedMethodAccessor29
instanceKlass jdk/internal/reflect/GeneratedMethodAccessor28
instanceKlass jdk/internal/reflect/GeneratedMethodAccessor27
instanceKlass jdk/internal/reflect/GeneratedMethodAccessor26
instanceKlass jdk/internal/reflect/GeneratedMethodAccessor25
instanceKlass jdk/internal/reflect/GeneratedMethodAccessor24
instanceKlass jdk/internal/reflect/GeneratedMethodAccessor23
instanceKlass jdk/internal/reflect/GeneratedMethodAccessor22
instanceKlass jdk/internal/reflect/GeneratedMethodAccessor21
instanceKlass jdk/internal/reflect/GeneratedMethodAccessor20
instanceKlass jdk/internal/reflect/GeneratedMethodAccessor19
instanceKlass jdk/internal/reflect/GeneratedMethodAccessor18
instanceKlass jdk/internal/reflect/GeneratedMethodAccessor17
instanceKlass jdk/internal/reflect/GeneratedMethodAccessor16
instanceKlass jdk/internal/reflect/GeneratedMethodAccessor15
instanceKlass jdk/internal/reflect/GeneratedMethodAccessor14
instanceKlass jdk/internal/reflect/GeneratedMethodAccessor13
instanceKlass jdk/internal/reflect/GeneratedMethodAccessor12
instanceKlass jdk/internal/reflect/GeneratedMethodAccessor11
instanceKlass jdk/internal/reflect/GeneratedMethodAccessor10
instanceKlass jdk/internal/reflect/GeneratedMethodAccessor9
instanceKlass jdk/internal/reflect/GeneratedMethodAccessor8
instanceKlass jdk/internal/reflect/GeneratedMethodAccessor7
instanceKlass jdk/internal/reflect/GeneratedMethodAccessor6
instanceKlass jdk/internal/reflect/GeneratedMethodAccessor5
instanceKlass jdk/internal/reflect/GeneratedMethodAccessor2
instanceKlass jdk/internal/reflect/GeneratedMethodAccessor1
instanceKlass jdk/internal/reflect/DelegatingMethodAccessorImpl
instanceKlass jdk/internal/reflect/NativeMethodAccessorImpl
ciInstanceKlass jdk/internal/reflect/MethodAccessorImpl 1 1 25 10 100 7 100 1 1 1 1 1 1 1 1 1 1 100 100 1 1 12 1 1 1 1 1
instanceKlass jdk/internal/reflect/GeneratedConstructorAccessor32
instanceKlass jdk/internal/reflect/GeneratedConstructorAccessor31
instanceKlass jdk/internal/reflect/GeneratedConstructorAccessor30
instanceKlass jdk/internal/reflect/GeneratedConstructorAccessor29
instanceKlass jdk/internal/reflect/GeneratedConstructorAccessor28
instanceKlass jdk/internal/reflect/GeneratedConstructorAccessor27
instanceKlass jdk/internal/reflect/GeneratedConstructorAccessor26
instanceKlass jdk/internal/reflect/GeneratedConstructorAccessor25
instanceKlass jdk/internal/reflect/GeneratedConstructorAccessor24
instanceKlass jdk/internal/reflect/GeneratedConstructorAccessor23
instanceKlass jdk/internal/reflect/GeneratedConstructorAccessor21
instanceKlass jdk/internal/reflect/GeneratedConstructorAccessor20
instanceKlass jdk/internal/reflect/GeneratedConstructorAccessor19
instanceKlass jdk/internal/reflect/GeneratedConstructorAccessor18
instanceKlass jdk/internal/reflect/GeneratedConstructorAccessor17
instanceKlass jdk/internal/reflect/GeneratedConstructorAccessor16
instanceKlass jdk/internal/reflect/SerializationConstructorAccessorImpl
instanceKlass jdk/internal/reflect/GeneratedConstructorAccessor15
instanceKlass jdk/internal/reflect/GeneratedConstructorAccessor14
instanceKlass jdk/internal/reflect/GeneratedConstructorAccessor13
instanceKlass jdk/internal/reflect/GeneratedConstructorAccessor12
instanceKlass jdk/internal/reflect/GeneratedConstructorAccessor11
instanceKlass jdk/internal/reflect/GeneratedConstructorAccessor10
instanceKlass jdk/internal/reflect/GeneratedConstructorAccessor9
instanceKlass jdk/internal/reflect/GeneratedConstructorAccessor8
instanceKlass jdk/internal/reflect/GeneratedConstructorAccessor7
instanceKlass jdk/internal/reflect/GeneratedConstructorAccessor6
instanceKlass jdk/internal/reflect/GeneratedConstructorAccessor5
instanceKlass jdk/internal/reflect/GeneratedConstructorAccessor4
instanceKlass jdk/internal/reflect/GeneratedConstructorAccessor3
instanceKlass jdk/internal/reflect/GeneratedConstructorAccessor2
instanceKlass jdk/internal/reflect/BootstrapConstructorAccessorImpl
instanceKlass jdk/internal/reflect/GeneratedConstructorAccessor1
instanceKlass jdk/internal/reflect/DelegatingConstructorAccessorImpl
instanceKlass jdk/internal/reflect/NativeConstructorAccessorImpl
ciInstanceKlass jdk/internal/reflect/ConstructorAccessorImpl 1 1 27 10 100 7 100 1 1 1 1 1 1 1 1 1 1 100 100 100 1 1 12 1 1 1 1 1 1
ciInstanceKlass jdk/internal/reflect/DelegatingClassLoader 1 1 18 10 100 7 1 1 1 1 1 1 1 1 1 1 1 12 1 1
ciInstanceKlass jdk/internal/reflect/ConstantPool 1 1 138 10 9 10 10 10 10 10 10 10 10 10 10 10 10 10 10 10 10 10 10 10 7 7 8 10 100 100 1 1 1 1 1 1 1 1 1 1 1 1 1 1 1 1 1 1 1 1 1 1 1 1 1 1 1 1 1 1 1 1 1 1 1 1 1 1 1 1 1 1 1 1 1 1 1 1 1 1 1 1 1 1 1 1 1 1 1 1 1 1 1 1 1 1 1 1 1 1 1 1 1 1 1 1 1 1 12 12 12 12 12 12 12 12 12 12 12 12 12 12 12 12 12 12 12 12 12 1 1 7 12 1 1 1 1 1 1 1
instanceKlass jdk/internal/reflect/UnsafeFieldAccessorImpl
ciInstanceKlass jdk/internal/reflect/FieldAccessorImpl 1 1 59 10 100 7 100 1 1 1 1 1 1 1 1 1 1 100 1 1 1 1 1 1 1 1 1 1 1 1 1 1 1 1 1 1 100 1 1 1 1 1 1 1 1 1 1 1 1 1 1 1 1 1 1 12 1 1 1 1 1
instanceKlass jdk/internal/reflect/UnsafeQualifiedFieldAccessorImpl
instanceKlass jdk/internal/reflect/UnsafeIntegerFieldAccessorImpl
instanceKlass jdk/internal/reflect/UnsafeBooleanFieldAccessorImpl
instanceKlass jdk/internal/reflect/UnsafeObjectFieldAccessorImpl
instanceKlass jdk/internal/reflect/UnsafeStaticFieldAccessorImpl
ciInstanceKlass jdk/internal/reflect/UnsafeFieldAccessorImpl 1 1 254 10 9 10 10 9 10 9 10 10 9 10 10 10 10 100 10 10 10 8 10 10 100 8 10 8 10 8 10 100 10 10 8 10 8 10 8 10 8 10 8 10 8 10 8 10 8 10 8 10 10 8 8 8 8 8 8 10 8 8 8 10 10 7 7 1 1 1 1 1 1 1 1 1 1 1 1 1 1 1 1 7 1 1 1 1 1 1 1 1 1 1 1 1 1 1 1 7 100 1 1 1 1 1 1 1 1 1 1 1 1 1 1 1 1 1 1 1 1 1 1 1 1 1 1 1 1 1 1 1 1 1 1 1 1 1 1 1 12 12 12 7 12 12 7 12 12 12 12 12 12 12 7 12 12 1 12 12 1 12 1 1 12 1 12 1 12 1 12 1 12 1 100 12 1 100 12 1 100 12 1 100 12 1 100 12 1 100 12 1 100 12 1 100 12 12 1 1 1 1 1 1 12 1 1 1 12 12 1 1 1 1 1 1 1 1 1 1 1 1 1 1 1 1 1 1 1 1 1 1 1 1 1 1 1 1 1 1 1 1 1 1 1 1 1 1 1 1 1 1 1 1 1 1
staticfield jdk/internal/reflect/UnsafeFieldAccessorImpl unsafe Ljdk/internal/misc/Unsafe; jdk/internal/misc/Unsafe
instanceKlass jdk/internal/reflect/UnsafeStaticObjectFieldAccessorImpl
instanceKlass jdk/internal/reflect/UnsafeQualifiedStaticFieldAccessorImpl
ciInstanceKlass jdk/internal/reflect/UnsafeStaticFieldAccessorImpl 1 1 43 10 9 10 9 7 7 8 10 7 1 1 1 1 1 1 1 1 1 1 1 1 1 1 1 12 12 7 12 12 1 1 7 12 1 1 1 1 1 1 1 1 1
ciInstanceKlass jdk/internal/reflect/CallerSensitive 1 1 17 100 100 100 1 1 1 1 1 1 1 1 1 1 1 1 1
instanceKlass java/lang/invoke/DelegatingMethodHandle
instanceKlass java/lang/invoke/BoundMethodHandle
instanceKlass java/lang/invoke/DirectMethodHandle
ciInstanceKlass java/lang/invoke/MethodHandle 1 1 486 9 10 10 7 7 10 9 10 10 10 10 10 10 11 10 10 10 9 10 100 100 10 8 10 10 8 10 10 10 10 10 10 10 10 10 10 7 10 10 10 8 10 8 10 10 10 10 8 10 8 10 8 10 9 100 10 9 9 8 10 10 10 10 10 10 10 10 10 10 10 8 10 8 10 10 10 10 10 9 8 10 10 8 10 10 10 10 10 100 8 10 10 9 10 7 10 10 9 10 10 8 9 9 9 10 10 10 7 10 8 10 100 1 1 1 1 1 1 1 1 1 1 1 1 1 1 1 1 1 1 1 1 1 1 1 1 100 1 1 1 1 1 1 1 1 1 1 1 1 1 1 1 1 1 1 1 1 1 1 1 1 1 1 1 1 1 1 1 1 1 1 1 1 1 1 1 1 1 1 1 1 1 1 1 1 1 1 1 1 1 1 1 1 1 1 1 1 1 1 1 1 1 7 1 1 1 1 1 1 1 1 1 1 1 1 1 1 1 1 1 1 1 1 1 1 1 1 1 1 1 1 1 100 1 1 1 1 1 1 1 1 1 1 1 1 1 7 1 1 1 1 1 1 1 1 1 1 1 1 1 1 1 1 1 1 1 1 1 1 12 12 7 12 1 1 12 12 12 12 12 7 12 12 12 100 12 12 12 12 12 12 1 1 1 12 12 1 12 12 7 12 12 12 12 12 12 12 7 12 1 12 12 12 1 7 12 1 12 12 12 12 1 12 1 12 1 100 12 12 1 100 12 100 1 12 12 12 12 12 12 12 12 12 12 12 1 12 1 12 12 12 12 12 12 1 12 12 1 12 12 7 12 12 1 1 12 12 12 1 100 12 12 12 12 12 1 12 12 12 7 12 12 12 1 12 12 1 1 1 1 1 1 1 1 1 1 1 1 1 1 1 1 1 1 1 1 1 1 1 1 1 1 1 1 1 1 1 1 1 1 1 1 1 1 1 1 1 1 1 1 1 1 1 1 1 1 1 1 1 1 1 1 1 1 1 1 1 1 1 1 1 1 1 1 1 1 1 1 1 1 1 1 1 1 1 1 1 1 1 1 1 1 1 1 1 1 1 1 1 1 1 1 1 1 1
staticfield java/lang/invoke/MethodHandle FORM_OFFSET J 20
staticfield java/lang/invoke/MethodHandle $assertionsDisabled Z 1
instanceKlass java/lang/invoke/DirectMethodHandle$Special
instanceKlass java/lang/invoke/DirectMethodHandle$Interface
instanceKlass java/lang/invoke/DirectMethodHandle$Constructor
instanceKlass java/lang/invoke/DirectMethodHandle$Accessor
ciInstanceKlass java/lang/invoke/DirectMethodHandle 1 1 922 7 7 100 7 7 10 10 100 10 10 10 10 10 10 7 7 10 10 10 10 10 10 9 100 10 9 10 10 10 10 10 10 7 10 10 10 8 10 7 10 7 10 10 10 10 10 10 100 10 10 7 10 10 10 10 8 10 10 10 10 10 9 7 10 10 10 100 10 8 10 10 10 10 10 10 10 10 10 10 10 10 10 10 10 10 10 10 10 8 9 8 9 9 8 9 9 8 9 9 8 10 10 7 9 7 10 100 10 10 10 10 7 10 10 10 7 10 10 10 10 10 9 10 9 9 10 10 7 7 7 9 10 10 10 10 9 10 100 10 100 10 10 8 9 9 10 9 10 9 9 10 10 10 10 10 10 10 9 10 10 10 10 10 9 10 9 9 9 9 9 9 9 9 9 9 9 9 9 9 9 9 9 9 9 9 9 9 9 9 9 9 9 9 9 9 9 9 9 9 9 9 9 8 9 9 10 100 10 9 10 7 9 10 10 10 10 10 8 8 8 8 10 9 10 7 10 8 9 10 8 8 8 9 8 8 8 8 8 8 7 8 10 10 8 8 10 10 10 10 7 7 1 1 1 1 1 1 1 7 1 1 1 1 7 1 1 1 1 1 3 1 3 1 3 1 3 1 3 1 3 1 3 1 1 3 1 1 3 1 3 1 1 1 1 1 1 1 1 1 1 1 1 1 1 3 1 3 1 1 1 1 3 1 1 1 1 1 1 1 1 1 1 1 1 1 1 1 1 1 1 1 1 7 1 1 1 1 1 1 1 1 1 1 1 1 1 1 1 1 1 1 1 1 1 1 1 1 1 1 1 1 1 1 1 1 1 1 1 1 1 1 1 1 1 1 1 7 1 1 1 1 1 1 1 1 1 1 1 1 1 1 1 1 1 1 1 1 1 1 1 100 1 1 1 1 1 1 1 1 1 1 1 1 1 1 1 1 1 1 1 1 1 1 1 1 1 1 1 1 1 100 1 1 1 1 1 1 1 1 1 1 1 1 1 1 1 1 1 1 1 1 1 1 1 1 1 1 1 1 1 1 1 1 1 1 1 1 1 1 1 1 1 1 1 1 1 1 1 1 1 1 1 1 1 1 1 1 1 1 1 1 1 1 1 7 1 1 1 1 12 12 1 12 12 12 12 12 12 1 1 12 12 12 12 12 12 12 1 12 12 12 12 12 12 12 1 12 12 12 1 12 1 12 1 12 12 12 12 12 1 12 12 1 12 12 12 12 12 12 12 12 12 7 12 1 12 7 12 12 1 1 12 12 12 12 12 12 12 12 12 12 12 12 7 12 12 12 12 12 1 12 1 12 12 1 12 12 1 12 12 1 12 12 1 12 1 12 1 12 12 12 12 1 12 12 12 12 7 12 12 12 12 12 12 12 7 12 12 1 1 1 12 12 12 12 12 12 12 1 12 1 12 12 1 12 12 12 12 100 12 12 12 12 12 12 12 12 12 7 12 12 12 12 12 12 12 12 12 12 12 12 12 12 12 12 12 12 12 12 12 12 12 12 12 12 12 12 12 12 12 12 12 12 12 12 12 12 12 12 12 12 12 12 12 12 1 12 12 12 1 12 7 12 1 12 12 12 12 12 1 1 1 1 12 12 12 1 100 12 12 12 12 1 1 12 12 1 12 12 12 12 1 1 1 1 1 1 1 1 1 1 1 1 1 1 1 1 1 1 1 1 1 1 1 1 1 1 1 1 1 1 1 1 1 1 1 1 1 1 1 1 1 1 1 1 1 1 1 1 1 1 1 1 1 1 1 1 1 1 1 1 1 1 1 1 1 1 1 1 1 1 1 1 1 1 1 1 1 1 1 1 1 1 1 1 1 1 1 1 1 1 1 1 1 1 1 1 1 1 1 1 1 1 1 1 1 1 1 1 1 1 1 1 1 1 1 1 1 1 1 1 1 1 1 1 1 1 1 1 1 1 1 1 1 1 1 1 1 1 1 1 1 1 1 1 1 1 1 1 1 1 1 1 1 1 1 1 1 1 1 1 1 1 1 1 1 1 1 1 1 1 1 1 1 1 1 1 1 1 1 1 1 1 1 1 1 1 1 1 1 1
staticfield java/lang/invoke/DirectMethodHandle IMPL_NAMES Ljava/lang/invoke/MemberName$Factory; java/lang/invoke/MemberName$Factory
staticfield java/lang/invoke/DirectMethodHandle FT_UNCHECKED_REF I 8
staticfield java/lang/invoke/DirectMethodHandle ACCESSOR_FORMS [Ljava/lang/invoke/LambdaForm; 132 [Ljava/lang/invoke/LambdaForm;
staticfield java/lang/invoke/DirectMethodHandle ALL_WRAPPERS [Lsun/invoke/util/Wrapper; 10 [Lsun/invoke/util/Wrapper;
staticfield java/lang/invoke/DirectMethodHandle NFS [Ljava/lang/invoke/LambdaForm$NamedFunction; 12 [Ljava/lang/invoke/LambdaForm$NamedFunction;
staticfield java/lang/invoke/DirectMethodHandle OBJ_OBJ_TYPE Ljava/lang/invoke/MethodType; java/lang/invoke/MethodType
staticfield java/lang/invoke/DirectMethodHandle LONG_OBJ_TYPE Ljava/lang/invoke/MethodType; java/lang/invoke/MethodType
staticfield java/lang/invoke/DirectMethodHandle $assertionsDisabled Z 1
instanceKlass java/lang/invoke/VarHandleObjects$FieldStaticReadOnly
instanceKlass java/lang/invoke/VarHandleLongs$Array
instanceKlass java/lang/invoke/VarHandleLongs$FieldInstanceReadOnly
instanceKlass java/lang/invoke/VarHandleObjects$Array
instanceKlass java/lang/invoke/VarHandleObjects$FieldInstanceReadOnly
instanceKlass java/lang/invoke/VarHandleInts$FieldInstanceReadOnly
ciInstanceKlass java/lang/invoke/VarHandle 1 1 298 10 9 100 10 9 10 10 10 9 10 10 9 9 10 10 10 10 10 10 10 9 100 10 9 10 10 7 7 10 10 10 9 10 9 10 10 10 100 10 9 9 10 10 10 10 10 10 10 7 10 10 9 8 10 7 10 7 100 1 1 100 1 100 1 100 1 1 1 1 1 1 1 1 1 1 1 1 1 1 1 1 1 1 1 1 1 1 1 1 1 1 100 1 1 1 1 1 1 1 1 1 1 1 1 1 1 1 1 1 1 1 1 1 1 1 1 1 1 1 1 1 1 1 1 1 1 1 1 1 1 1 1 1 1 1 1 1 1 1 1 1 1 1 100 1 1 1 1 1 1 1 1 1 100 1 1 1 1 1 1 1 100 1 1 1 100 1 1 1 1 1 1 1 1 1 1 1 1 12 12 1 12 12 12 12 12 12 12 12 12 12 12 12 12 12 100 12 12 1 12 12 12 1 1 12 100 12 12 12 12 12 12 12 12 1 7 12 12 7 12 12 12 12 12 12 12 1 7 12 12 12 1 12 1 1 1 1 1 1 1 1 1 1 1 1 1 1 1 1 1 1 1 1 1 1 1 1 1 1 1 1 1 1 1 1 1 1 1 1 1 1 1 1 1 1 1 1 1 1 1 1 1 1 1 1 1 1 1 1 1 1 1 1 1 1 1 1
staticfield java/lang/invoke/VarHandle AIOOBE_SUPPLIER Ljava/util/function/BiFunction; jdk/internal/util/Preconditions$1
staticfield java/lang/invoke/VarHandle VFORM_OFFSET J 12
staticfield java/lang/invoke/VarHandle $assertionsDisabled Z 1
ciInstanceKlass java/lang/invoke/MemberName 1 1 747 7 7 100 9 10 9 10 10 10 10 10 10 10 9 10 100 100 10 8 10 10 10 10 9 8 10 7 7 10 10 100 100 7 10 9 100 8 10 10 10 10 10 10 10 10 10 10 8 8 8 10 10 9 3 10 10 10 10 10 10 10 10 10 7 8 10 10 8 9 8 9 10 8 10 10 10 10 10 100 10 10 8 10 10 8 10 10 7 10 10 8 8 100 10 10 100 10 10 10 10 10 10 10 10 10 3 10 3 10 3 3 3 3 3 3 100 10 10 10 3 9 10 3 10 10 10 10 10 10 10 10 10 10 10 10 10 10 100 10 10 10 100 10 10 10 10 10 10 8 10 10 10 10 10 10 10 10 10 10 10 10 10 100 10 100 8 10 7 10 10 10 10 10 8 8 8 8 10 10 10 8 8 10 8 10 10 10 8 8 10 10 8 10 8 10 10 10 8 8 8 100 10 8 8 8 8 10 100 100 100 10 100 10 100 10 9 10 100 100 7 1 1 1 1 1 1 1 1 1 1 1 1 1 1 1 1 1 3 1 3 1 3 1 3 1 3 1 3 1 1 1 1 1 1 1 1 3 1 1 1 1 3 1 1 1 1 1 1 1 1 1 1 1 1 1 1 1 1 1 1 1 1 1 1 1 1 1 1 1 1 1 1 1 1 1 1 1 1 1 1 1 1 1 1 1 1 1 1 1 1 1 1 1 1 1 1 1 1 1 1 1 1 1 1 1 1 1 1 1 1 1 1 1 1 1 1 1 1 1 1 1 1 1 1 1 1 1 1 1 1 1 1 1 1 1 1 1 1 1 1 1 1 1 1 1 1 1 1 1 1 1 1 1 1 1 1 1 1 1 1 1 1 1 7 1 1 1 1 1 1 1 1 1 1 1 100 1 1 1 1 1 1 100 1 1 1 1 1 1 1 1 1 1 1 1 1 1 1 1 1 1 1 1 1 1 1 1 1 1 1 1 1 1 1 1 1 1 1 1 1 1 1 1 1 1 1 1 1 1 1 100 1 1 100 1 1 1 1 1 1 1 1 1 7 1 1 12 12 12 12 12 12 12 12 12 12 100 12 12 1 1 12 1 12 12 12 12 12 1 100 12 1 1 12 1 12 12 1 1 12 12 12 12 12 12 12 12 12 12 1 1 1 100 12 12 12 12 12 12 12 12 12 12 12 1 12 12 100 100 12 1 12 12 12 12 12 1 12 12 1 12 12 1 12 12 1 12 12 1 1 1 12 100 12 1 12 12 12 12 12 12 12 12 12 12 100 1 12 7 12 12 12 12 12 7 12 12 12 12 12 12 12 12 12 1 12 1 12 12 12 12 12 12 12 12 12 12 12 12 12 1 12 1 1 1 12 12 12 12 12 1 1 1 1 12 12 12 1 1 12 1 12 12 1 1 12 1 12 1 12 12 12 1 1 1 1 1 1 1 1 12 1 1 1 1 1 12 12 12 1 1 1 1 1 1 1 1 1 1 1 1 1 1 1 1 1 1 1 1 1 1 1 1 1 1 1 1 1 1 1 1 1 1 1 1 1 1 1 1 1 1 1 1 1 1 1 1 1 1 1 1 1 1 1 1 1 1 1 1 1 1 1 1 1 1 1 1 1 1 1 1 1 1 1 1 1 1 1 1 1 1 1 1 1 1 1 1 1 1 1 1 1 1 1 1 1
staticfield java/lang/invoke/MemberName $assertionsDisabled Z 1
ciInstanceKlass java/lang/invoke/ResolvedMethodName 1 1 16 10 100 100 1 1 1 1 1 1 1 1 1 12 1 1
ciInstanceKlass java/lang/invoke/MethodHandleNatives 1 1 660 100 10 9 10 100 10 10 10 10 8 8 8 8 8 8 8 8 8 8 7 10 7 10 10 7 10 10 8 10 8 10 8 10 9 8 10 100 10 100 100 8 7 7 10 10 7 9 10 10 10 7 10 10 10 10 10 9 8 10 8 10 8 8 8 100 10 8 10 10 10 100 8 10 7 8 10 8 8 8 8 8 10 10 10 10 10 7 10 100 100 10 10 8 8 10 10 10 8 10 8 8 10 10 100 10 7 9 10 10 10 9 10 9 9 10 10 10 7 7 10 10 10 10 10 8 10 10 10 10 10 10 100 8 10 9 10 10 100 10 10 100 100 10 10 100 100 10 100 10 10 10 10 10 10 10 10 10 10 10 10 8 100 10 10 10 10 10 10 7 10 10 10 10 1 1 7 1 1 1 1 1 1 1 1 1 1 1 1 1 1 1 1 1 100 1 1 1 1 1 1 1 1 1 1 1 1 1 1 1 1 1 1 1 1 1 1 1 1 1 1 1 1 1 1 1 1 1 1 1 1 1 1 1 1 1 1 1 1 1 1 1 1 1 1 1 1 1 100 1 1 1 1 1 1 1 1 1 1 1 1 1 1 1 1 1 1 1 1 1 1 7 1 1 1 1 1 1 1 1 1 1 1 1 1 1 1 1 1 1 1 1 1 1 1 1 1 1 1 1 1 1 1 1 1 1 1 1 1 1 1 1 1 1 7 1 1 1 1 1 1 1 1 1 1 1 1 100 1 1 1 1 1 1 1 1 1 1 1 1 1 1 7 1 1 1 1 1 1 1 1 1 1 1 1 1 1 100 1 1 1 1 1 1 1 1 1 1 1 1 1 1 1 1 12 12 12 1 12 12 12 1 1 1 1 1 1 1 1 1 1 1 12 1 12 12 1 12 1 12 1 12 1 12 100 12 1 100 12 1 12 1 1 1 1 1 12 1 7 12 12 12 12 1 12 7 12 12 12 12 12 1 12 1 12 1 1 1 1 12 1 12 12 100 12 1 100 12 1 1 12 1 1 1 1 1 12 12 12 12 12 1 12 1 1 12 12 1 1 12 12 1 100 12 1 1 12 12 1 12 1 12 7 12 12 12 12 12 12 12 12 12 1 1 12 12 12 7 12 12 1 12 12 12 12 7 12 12 1 1 12 12 12 1 12 12 1 1 1 1 1 12 12 12 12 12 12 12 12 12 1 1 12 12 12 12 12 12 1 12 12 12 1 1 1 1 1 100 1 1 1 1 1 1 1 1 1 1 1 1 1 1 1 1 1 1 1 1 1 1 1 1 1 1 1 1 1 1 1 1 1 1 1 1 1 1 1 1 1 1 1 1 1 1 1 1 1 1 1 1 1 1 1 1 1 1 1 1 1 1 1 1 1 1 1 1 1 1 1 1 1 1 1 1 1 1 1 1 1 1 1 1 1 1 1 1 1 1 1 1 1 1 1 1 1 1 1 1 1 1 1 1 1 1 1 1 1 1 1 1
staticfield java/lang/invoke/MethodHandleNatives $assertionsDisabled Z 1
ciInstanceKlass java/lang/invoke/LambdaForm 1 1 1075 100 9 10 10 9 9 10 100 10 9 10 9 10 7 9 9 9 9 10 7 10 7 10 10 10 10 10 10 9 100 10 9 10 10 10 10 10 7 10 10 8 10 10 10 7 10 10 7 10 10 9 9 9 10 9 10 10 100 10 9 10 10 100 10 10 10 10 10 10 10 8 10 10 8 8 9 9 9 10 10 10 9 10 10 10 10 10 10 9 10 8 8 8 8 8 8 8 8 10 9 7 10 9 10 10 10 10 10 10 10 10 10 10 10 10 10 10 100 8 10 10 10 10 8 10 8 8 10 9 10 10 100 10 10 10 10 9 8 10 10 10 10 10 9 8 10 100 10 10 9 9 8 10 10 100 100 10 10 8 8 100 8 10 10 10 8 8 9 10 10 8 8 8 100 8 100 8 100 8 10 8 9 10 10 9 10 10 10 10 10 10 10 10 10 10 8 100 10 10 9 10 8 8 100 8 8 8 8 8 8 8 8 10 10 10 10 8 8 8 10 8 10 8 8 8 8 8 10 10 10 10 10 10 10 10 10 10 10 9 8 10 9 10 9 9 9 9 7 10 9 10 10 7 8 10 9 7 10 8 100 10 9 9 10 7 10 10 10 9 10 10 10 9 10 10 10 9 10 9 7 9 10 9 10 100 10 7 9 100 1 1 100 1 100 1 1 1 7 1 7 1 1 1 1 1 1 1 1 1 1 1 1 1 1 1 1 1 1 1 1 1 3 1 3 1 1 1 1 1 3 1 1 1 7 1 1 1 1 1 1 1 1 1 1 1 1 1 1 1 1 1 1 1 1 1 1 1 1 1 1 1 1 1 1 1 1 1 1 1 1 1 1 1 1 1 1 1 1 1 1 1 1 1 1 1 1 1 1 1 1 1 1 1 1 1 1 1 1 1 1 1 1 1 1 1 1 1 1 1 1 1 1 1 1 1 1 1 1 1 1 1 1 1 1 1 1 1 1 1 1 1 1 1 1 1 1 1 1 1 1 100 1 1 1 1 1 1 1 1 1 1 1 1 1 1 1 1 1 1 1 1 1 1 1 1 1 1 1 1 1 1 1 1 1 1 1 1 1 1 1 1 1 1 1 1 1 1 1 1 1 1 1 1 1 1 1 1 1 1 1 1 1 1 7 1 1 1 1 1 1 1 1 1 1 1 1 1 1 1 1 1 1 1 1 1 1 1 1 100 1 1 1 1 1 1 1 1 1 1 1 1 1 1 1 1 1 1 1 1 100 1 1 1 1 1 1 1 1 1 1 1 1 1 1 1 1 1 1 1 1 1 1 1 1 1 1 1 1 1 1 1 1 1 1 1 1 1 1 1 1 1 1 1 1 1 1 1 1 1 1 1 100 1 1 1 1 1 1 1 1 1 1 1 1 1 1 1 1 1 1 1 1 1 1 1 1 100 1 1 1 100 1 1 12 12 12 12 12 12 1 12 12 12 7 12 12 12 12 12 12 1 12 1 12 12 100 12 100 12 12 12 12 1 12 12 12 12 12 12 12 1 12 1 12 12 12 1 12 12 1 12 12 12 12 12 12 12 12 12 1 12 12 12 12 1 12 12 12 12 12 12 12 1 12 12 1 1 12 12 12 12 7 12 12 12 7 12 12 12 12 12 12 12 1 1 1 1 1 1 1 1 12 12 1 12 12 12 12 12 12 12 12 12 12 12 12 12 12 12 1 1 12 12 12 1 12 1 1 12 12 12 12 1 12 12 7 12 12 12 1 100 12 12 12 12 12 12 1 12 12 7 12 12 1 12 12 1 1 12 1 1 1 1 12 12 12 1 1 12 12 12 1 1 1 1 1 1 1 1 1 12 1 12 12 12 12 12 12 12 12 12 12 12 12 1 12 12 12 12 1 1 1 1 1 1 1 1 1 1 1 12 12 12 12 1 1 1 12 1 12 1 1 1 1 1 12 12 12 7 12 12 12 12 12 12 12 12 12 1 12 12 12 12 12 12 12 1 7 12 12 12 12 1 1 12 12 1 12 1 1 12 12 12 12 1 12 7 12 12 7 12 12 12 12 12 12 12 12 12 12 12 12 12 1 1 1 1 1 1 1 1 1 1 1 1 1 1 1 1 1 1 1 1 1 1 1 1 1 1 1 1 1 1 1 1 1 1 1 1 1 1 1 1 1 1 1 1 1 1 1 1 1 1 1 1 1 1 1 1 1 1 1 1 1 1 1 1 1 1 1 1 1 1 1 1 1 1 1 1 1 1 1 1 1 1 1 1 1 1 1 1 1 1 1 1 1 1 1 1 1 1 1 1 1 1 1 1 1 1 1 1 1 1 1 1 1 1 1 1 1 1 1 1 1 1 1 1 1 1 1 1 1 1 1 1 1 1 1 1 1 1 1 1 1 1 1 1 1 1 1 1 1 1 1 1 1 1 1 1 1 1 1 1 1
staticfield java/lang/invoke/LambdaForm COMPILE_THRESHOLD I 0
staticfield java/lang/invoke/LambdaForm INTERNED_ARGUMENTS [[Ljava/lang/invoke/LambdaForm$Name; 5 [[Ljava/lang/invoke/LambdaForm$Name;
staticfield java/lang/invoke/LambdaForm IMPL_NAMES Ljava/lang/invoke/MemberName$Factory; java/lang/invoke/MemberName$Factory
staticfield java/lang/invoke/LambdaForm LF_identity [Ljava/lang/invoke/LambdaForm; 6 [Ljava/lang/invoke/LambdaForm;
staticfield java/lang/invoke/LambdaForm LF_zero [Ljava/lang/invoke/LambdaForm; 6 [Ljava/lang/invoke/LambdaForm;
staticfield java/lang/invoke/LambdaForm NF_identity [Ljava/lang/invoke/LambdaForm$NamedFunction; 6 [Ljava/lang/invoke/LambdaForm$NamedFunction;
staticfield java/lang/invoke/LambdaForm NF_zero [Ljava/lang/invoke/LambdaForm$NamedFunction; 6 [Ljava/lang/invoke/LambdaForm$NamedFunction;
staticfield java/lang/invoke/LambdaForm createFormsLock Ljava/lang/Object; java/lang/Object
staticfield java/lang/invoke/LambdaForm DEBUG_NAME_COUNTERS Ljava/util/HashMap; null
staticfield java/lang/invoke/LambdaForm DEBUG_NAMES Ljava/util/HashMap; null
staticfield java/lang/invoke/LambdaForm TRACE_INTERPRETER Z 0
staticfield java/lang/invoke/LambdaForm $assertionsDisabled Z 1
ciInstanceKlass java/lang/invoke/MethodType 1 1 674 7 10 9 9 9 10 9 8 10 10 9 9 10 100 10 8 10 10 10 100 8 10 100 10 10 10 10 11 9 11 7 7 10 10 9 10 10 10 10 10 10 9 7 10 7 10 10 10 10 10 10 10 10 10 8 8 10 9 100 10 10 10 10 10 10 10 10 10 8 10 10 10 10 10 10 10 10 10 9 10 10 10 10 9 7 10 10 10 10 10 10 10 10 100 8 8 8 10 10 10 10 11 11 10 9 10 10 10 10 10 10 10 10 10 10 10 10 9 7 10 10 10 10 10 10 10 8 10 11 9 10 10 10 10 10 9 9 10 9 10 10 100 10 7 10 7 7 9 100 1 1 100 1 1 1 1 5 0 1 1 1 1 1 1 1 1 1 1 1 1 1 1 1 1 1 1 1 3 1 3 1 3 1 1 1 1 1 1 1 1 1 1 1 1 1 1 1 1 1 1 1 1 1 1 1 1 1 1 1 1 1 1 1 1 1 1 1 1 1 1 1 1 1 1 1 1 1 1 1 1 1 1 1 1 1 1 1 1 1 1 1 1 1 1 1 1 1 1 1 1 1 1 1 1 1 1 1 1 1 1 1 1 1 1 1 1 1 1 1 1 1 1 1 1 1 1 1 1 1 1 1 1 1 1 1 1 1 1 1 1 1 1 1 1 1 1 1 1 1 1 1 1 1 1 1 1 1 1 1 1 1 1 1 1 1 1 1 1 1 1 1 1 1 1 1 1 1 1 1 1 1 1 1 1 1 1 1 1 1 1 1 1 1 1 1 1 1 1 7 1 1 1 1 1 1 1 1 1 1 1 1 1 1 1 1 1 1 1 1 1 1 1 100 1 1 1 1 1 1 1 1 1 1 1 7 100 1 100 100 1 1 1 1 1 1 1 1 1 1 1 1 100 1 1 1 100 1 1 1 1 1 1 1 100 1 12 12 12 12 7 12 7 12 1 100 12 12 7 7 12 1 1 12 12 12 1 1 12 1 12 12 12 12 12 12 1 7 12 12 12 12 12 12 7 12 12 12 12 1 12 1 12 12 7 12 12 12 12 12 12 12 1 1 12 12 1 12 12 12 12 100 12 12 12 1 12 7 12 12 12 12 12 12 12 12 12 12 12 12 12 1 12 7 12 12 7 12 12 12 1 1 1 1 12 12 12 12 12 100 12 12 12 12 12 12 12 12 12 12 12 12 12 12 1 12 12 12 12 12 12 12 1 7 12 12 12 12 12 100 12 12 12 12 12 100 12 12 100 12 12 12 1 1 1 12 1 1 1 1 1 1 1 1 1 1 1 1 1 1 1 1 1 1 1 1 1 1 1 1 1 1 1 1 1 1 1 1 1 1 1 1 1 1 1 1 1 1 1 1 1 1 1 1 1 1 1 1 1 1 1 1 1 1 1 1 1 1 1 1 1 1 1 1 1 1 1 1 1 1 1 1 1 1 1 1 1 1 1 1 1 1 1 1 1 1 1 1 1 1 1 1 1 1 1 1 1 1 1 1 1 1 1 1
staticfield java/lang/invoke/MethodType internTable Ljava/lang/invoke/MethodType$ConcurrentWeakInternSet; java/lang/invoke/MethodType$ConcurrentWeakInternSet
staticfield java/lang/invoke/MethodType NO_PTYPES [Ljava/lang/Class; 0 [Ljava/lang/Class;
staticfield java/lang/invoke/MethodType objectOnlyTypes [Ljava/lang/invoke/MethodType; 20 [Ljava/lang/invoke/MethodType;
staticfield java/lang/invoke/MethodType METHOD_HANDLE_ARRAY [Ljava/lang/Class; 1 [Ljava/lang/Class;
staticfield java/lang/invoke/MethodType serialPersistentFields [Ljava/io/ObjectStreamField; 0 [Ljava/io/ObjectStreamField;
staticfield java/lang/invoke/MethodType $assertionsDisabled Z 1
ciInstanceKlass java/lang/BootstrapMethodError 0 0 45 10 10 10 10 10 100 100 1 1 1 5 0 1 1 1 1 1 1 1 1 1 1 1 1 1 1 1 100 100 1 1 12 12 12 12 12 1 1 1 1 1 1 1 1
instanceKlass java/lang/invoke/VolatileCallSite
instanceKlass java/lang/invoke/MutableCallSite
instanceKlass java/lang/invoke/ConstantCallSite
ciInstanceKlass java/lang/invoke/CallSite 1 1 299 10 10 9 10 9 10 10 100 7 10 7 10 10 10 100 100 10 10 10 8 10 10 10 10 10 10 10 10 9 9 7 8 10 10 100 10 9 8 100 10 10 100 8 10 10 10 100 10 10 10 10 10 9 9 8 10 9 100 10 10 10 10 10 10 100 8 10 10 100 100 100 8 10 10 1 1 1 7 1 1 1 1 1 1 1 1 1 1 1 1 1 1 1 1 1 1 1 1 1 1 1 1 1 1 1 1 1 1 1 1 1 1 1 1 1 1 1 7 1 1 1 1 1 1 1 1 1 1 1 1 1 1 1 1 1 1 1 1 1 1 1 1 1 1 1 1 1 1 1 1 1 1 1 1 1 1 1 100 7 1 1 1 1 1 1 12 12 12 12 12 12 12 1 1 12 1 12 12 12 1 1 12 12 1 12 12 12 12 12 7 12 12 12 7 12 1 12 12 1 100 12 12 12 12 1 1 12 12 1 12 12 12 12 12 12 12 100 12 12 1 100 12 12 12 12 7 12 1 1 12 1 1 1 1 12 12 1 1 1 1 1 1 1 1 1 1 1 1 1 1 1 1 1 1 1 1 1 1 1 1 1 1 1 1 1 1 1 1 1 1 1 1 1 1 1 1 1 1 1 1 1 1 1 1 1 1 1 1 1 1 1 1 1 1 1 1 1 1
staticfield java/lang/invoke/CallSite $assertionsDisabled Z 1
ciInstanceKlass java/lang/invoke/MethodHandleNatives$CallSiteContext 1 1 49 10 7 10 10 10 10 7 100 1 1 1 1 1 1 1 1 1 1 1 1 1 1 1 1 1 1 7 12 1 7 12 7 12 12 1 1 1 1 1 1 1 1 100 1 1 1 1 1
ciInstanceKlass java/lang/invoke/ConstantCallSite 1 1 49 10 9 10 100 10 9 100 10 10 7 7 1 1 1 1 1 1 1 1 1 1 1 1 1 1 1 1 100 1 1 1 1 1 1 1 1 12 12 12 1 12 12 1 12 1 1 1 1
ciInstanceKlass java/lang/invoke/MutableCallSite 1 1 67 10 10 9 10 10 10 9 10 10 7 10 7 7 1 1 1 1 1 1 1 1 1 1 1 1 1 1 1 1 1 1 1 1 1 1 1 1 1 100 1 1 1 1 12 12 12 12 12 12 12 12 100 12 1 12 1 1 1 1 1 1 1 1 1 1 1
staticfield java/lang/invoke/MutableCallSite STORE_BARRIER Ljava/util/concurrent/atomic/AtomicInteger; java/util/concurrent/atomic/AtomicInteger
ciInstanceKlass java/lang/invoke/VolatileCallSite 0 0 41 10 10 10 10 10 10 100 100 1 1 1 1 1 1 1 1 1 1 1 1 1 1 1 1 1 1 1 12 12 12 12 12 12 1 1 1 1 1 1 1
ciInstanceKlass java/lang/AssertionStatusDirectives 0 0 24 10 100 100 1 1 1 1 1 1 1 1 1 1 1 1 1 1 1 1 1 12 1 1
instanceKlass java/lang/StringBuilder
instanceKlass java/lang/StringBuffer
ciInstanceKlass java/lang/AbstractStringBuilder 1 1 522 7 7 10 9 9 9 9 10 9 10 10 10 10 10 10 10 10 7 3 10 3 100 10 10 100 10 10 10 10 10 10 10 100 10 10 10 10 10 10 10 10 10 10 10 10 10 10 10 10 10 10 10 11 10 10 8 10 10 10 10 10 10 10 10 10 10 10 10 10 10 10 10 10 10 10 10 10 10 10 10 10 10 10 10 10 10 10 10 10 10 10 18 100 10 18 10 10 10 11 10 10 10 100 10 8 10 10 8 8 10 10 10 10 100 10 100 10 100 10 7 100 7 1 1 1 1 1 1 1 1 1 1 1 1 1 1 1 1 1 1 1 1 1 1 1 1 1 1 100 1 1 1 1 1 1 1 1 1 1 1 1 1 1 1 1 1 1 1 1 1 1 1 1 1 1 1 1 1 1 1 1 1 1 1 1 1 1 1 1 1 1 1 1 1 1 1 1 1 1 1 1 1 1 1 1 1 1 1 1 1 1 1 1 1 1 1 1 1 1 1 1 1 1 1 1 1 1 1 1 1 1 1 1 1 1 1 1 1 1 1 1 1 1 1 1 1 1 1 1 1 1 1 1 1 1 1 1 1 1 1 1 1 1 1 1 1 1 1 1 1 1 1 1 1 1 1 1 1 1 1 1 1 1 1 1 1 1 1 1 1 100 1 1 1 1 1 1 100 1 1 1 100 1 1 1 1 1 1 1 1 1 12 12 12 12 12 7 12 12 12 7 12 12 12 12 12 7 12 1 12 1 12 1 12 12 12 12 12 12 1 12 100 12 12 12 12 12 12 12 12 12 12 12 12 12 12 12 12 12 1 12 12 12 12 12 12 7 12 12 12 7 12 12 12 12 12 12 12 12 12 7 12 12 12 12 12 12 12 12 12 12 12 12 12 12 12 12 1 15 16 15 16 12 1 100 12 15 12 12 12 12 12 12 1 1 12 12 1 1 12 12 12 1 1 12 1 1 1 1 1 1 1 1 1 1 1 1 1 1 1 1 1 1 1 1 1 1 1 1 1 1 1 1 1 1 1 1 1 1 1 1 1 1 1 1 1 1 1 1 1 1 1 1 1 1 1 1 1 1 1 1 1 1 1 1 1 1 1 1 1 10 1 10 1 1 1 1 1 10 1 1 1 1 1 1 1 1 1 1 100 12 12 12 1 1 100 1 1 100 1 1
staticfield java/lang/AbstractStringBuilder EMPTYVALUE [B 0
ciInstanceKlass java/lang/StringBuffer 1 1 471 10 10 10 11 10 10 10 9 10 10 10 9 10 10 10 10 10 10 10 10 10 10 10 10 10 10 10 10 10 10 10 10 10 10 10 10 10 10 10 10 10 10 10 10 10 10 10 10 10 10 10 10 10 10 10 10 10 9 10 10 100 10 10 10 10 10 8 10 8 10 8 10 10 10 10 7 10 100 8 10 10 10 10 10 10 10 10 10 10 10 10 10 10 10 10 10 10 10 10 10 10 10 10 10 10 10 10 10 10 10 10 10 10 7 10 7 10 9 9 9 7 100 100 7 1 1 1 1 1 5 0 1 1 1 1 1 1 1 1 1 1 1 1 1 1 1 1 1 1 1 1 1 1 1 1 1 1 1 1 1 1 1 1 1 1 1 1 1 1 1 1 1 1 1 1 1 1 1 1 1 1 1 1 1 1 1 1 1 1 1 1 1 1 1 1 1 1 1 1 1 1 1 1 1 1 1 1 1 1 1 1 1 1 1 1 1 1 1 1 1 1 1 1 1 1 1 1 1 1 1 1 1 1 1 1 1 1 1 1 1 1 1 1 1 1 1 1 1 1 1 1 1 1 1 1 1 1 100 1 1 1 1 1 100 1 1 1 100 1 1 100 1 1 1 1 1 1 1 1 1 1 1 1 1 1 1 1 1 1 1 1 1 1 1 1 1 1 1 1 1 1 1 1 1 1 1 1 1 1 1 1 1 1 1 1 1 12 12 12 12 12 12 12 12 12 12 12 12 12 12 12 12 12 12 12 12 12 12 12 12 12 12 12 12 12 12 12 12 12 12 12 12 12 12 12 12 12 12 12 12 12 12 12 12 12 12 12 12 12 12 7 12 100 1 12 100 12 12 1 12 1 12 1 12 12 100 12 12 12 1 1 12 12 12 12 12 12 12 12 12 12 12 12 12 12 12 12 12 12 12 12 12 12 12 12 12 12 12 12 12 12 12 12 12 1 12 1 12 7 12 7 12 1 1 1 1 1 1 1 1 1 1 1 1 1 1 1 1 1 1 1 1 1 1 1 1 1 1 1 1 1 1 1 1 1 1 1 1 1 1
staticfield java/lang/StringBuffer serialPersistentFields [Ljava/io/ObjectStreamField; 3 [Ljava/io/ObjectStreamField;
ciInstanceKlass java/lang/StringBuilder 1 1 409 10 10 10 11 10 10 10 10 10 10 10 10 10 10 10 10 10 10 10 10 10 10 10 10 10 10 10 10 10 10 10 10 10 10 10 10 10 10 10 10 10 10 9 9 10 10 10 10 10 10 10 10 10 10 10 100 100 8 10 10 10 10 10 10 10 10 10 10 10 10 10 10 10 10 10 10 10 10 10 10 10 10 10 10 10 10 10 10 10 10 10 10 10 10 10 10 10 10 10 10 10 10 10 10 10 7 10 7 100 100 100 1 1 1 5 0 1 1 1 1 1 1 1 1 1 1 1 1 1 1 1 1 1 1 1 1 1 1 1 1 1 1 1 1 1 1 1 1 1 1 1 1 1 1 1 1 1 1 1 1 1 1 1 1 1 1 1 1 1 1 1 1 1 1 1 1 1 1 1 1 1 1 1 1 1 1 1 1 1 1 1 1 1 1 1 1 1 1 1 1 1 1 1 7 1 1 1 1 1 7 1 1 1 7 1 1 1 1 1 1 1 1 1 1 1 1 1 1 1 1 1 1 1 1 1 1 1 1 1 1 1 1 1 1 1 1 1 1 1 1 1 1 1 1 1 1 1 1 1 1 1 1 1 1 1 1 1 1 1 1 1 1 1 1 12 12 12 12 12 12 12 12 12 12 12 12 12 12 12 12 12 12 12 12 12 12 12 12 12 12 12 12 12 12 12 12 12 12 12 12 12 12 12 12 12 12 7 12 7 100 12 12 12 12 12 100 12 12 12 1 1 12 12 12 12 12 12 12 12 12 12 12 12 12 12 12 12 12 12 12 12 12 12 12 12 12 12 12 12 12 12 12 12 12 12 12 12 12 12 12 12 12 12 12 12 12 1 12 1 1 1 1 1 1 1 1 1 1 1 1 1 1 1 1 1 1 1 1 1 1 1 1 1 1 1 1 1 1
ciInstanceKlass jdk/internal/misc/Unsafe 1 1 1196 10 9 9 10 10 10 10 10 10 10 10 10 10 10 10 10 10 10 10 10 100 10 10 10 5 0 10 10 10 10 10 10 10 10 10 100 10 10 10 10 10 10 10 10 10 10 10 10 10 10 5 0 5 0 5 0 10 10 10 100 10 10 10 10 10 10 10 10 10 100 10 10 10 10 8 10 8 8 10 9 9 9 9 9 9 9 9 10 10 10 10 5 0 5 0 9 10 10 10 10 10 8 3 10 10 10 10 10 10 10 10 10 10 10 10 10 10 10 10 10 10 10 10 10 10 10 10 10 10 10 10 10 10 10 10 10 10 10 10 10 10 10 10 10 10 10 10 10 10 10 10 10 10 10 10 10 10 10 10 10 10 10 10 10 10 10 10 10 10 10 10 10 10 10 10 10 10 10 10 10 10 10 10 10 10 10 10 10 10 10 10 10 10 10 10 10 10 10 10 100 10 100 10 9 5 0 10 5 0 10 5 0 10 10 10 10 10 10 10 10 10 10 10 10 10 10 10 10 10 10 10 10 10 10 10 10 10 10 10 10 10 10 10 5 0 5 0 5 0 10 10 10 10 10 8 7 11 8 11 10 10 7 10 7 10 9 7 9 7 9 7 9 7 9 7 9 7 9 7 9 7 9 10 9 9 9 9 9 9 9 9 9 10 10 10 7 1 1 1 1 1 3 1 1 1 1 1 1 1 1 1 1 1 1 1 1 1 1 1 1 1 1 1 1 1 1 1 1 1 1 1 1 1 1 1 1 1 1 1 1 1 1 1 1 1 1 1 1 1 1 1 1 1 1 1 1 1 1 1 1 1 1 1 1 1 1 1 1 1 1 1 1 1 1 1 1 1 1 1 1 1 1 1 1 1 1 1 1 1 1 1 1 1 1 1 1 1 1 1 1 1 1 1 1 1 1 1 1 1 1 1 1 1 1 1 1 1 1 1 1 1 7 1 1 1 1 1 1 1 1 1 1 1 1 1 1 1 1 1 1 1 1 1 1 1 1 1 1 1 1 1 1 1 1 1 1 1 1 1 1 1 1 1 1 1 1 1 1 1 1 1 1 1 1 1 1 1 1 1 1 1 1 1 1 1 1 1 1 1 1 1 1 1 1 1 1 1 1 7 1 1 1 1 1 1 1 1 1 1 1 1 1 1 1 1 1 1 1 1 1 1 1 1 1 1 1 1 1 1 1 1 1 1 1 1 1 1 1 1 1 1 1 1 1 1 1 1 1 1 1 1 1 1 1 1 1 1 1 1 1 1 1 1 1 1 1 1 1 1 1 1 1 1 1 1 1 1 1 1 1 1 1 1 1 1 1 1 1 1 1 1 1 1 1 1 1 1 1 1 1 1 1 1 1 1 1 1 1 1 1 1 1 1 1 1 1 1 1 1 1 1 1 1 1 1 1 1 1 1 1 1 1 1 1 1 1 1 1 1 1 1 1 1 1 1 1 1 1 1 1 1 1 1 1 1 1 1 1 1 1 1 1 1 1 1 1 1 1 1 1 1 1 1 1 1 1 1 1 1 1 1 1 1 1 1 1 1 1 1 1 1 1 1 1 1 1 1 1 1 1 1 1 1 1 1 1 1 1 1 1 1 1 1 1 1 1 1 1 1 1 1 1 1 1 1 1 1 1 1 1 1 1 1 1 1 1 1 1 1 1 1 1 1 1 1 1 1 1 1 1 1 1 1 1 1 1 1 1 1 1 1 1 1 1 1 1 1 1 1 1 1 1 1 1 1 1 1 1 1 1 1 1 1 1 1 1 1 1 1 1 1 1 1 1 1 1 1 1 1 1 1 1 1 1 1 1 1 1 1 1 1 1 1 1 1 1 1 1 1 1 1 1 1 1 1 1 1 1 1 1 1 1 1 1 1 1 1 1 1 1 1 1 1 1 1 1 1 1 1 1 1 1 1 1 1 1 1 1 1 1 1 1 1 1 1 1 1 1 1 1 1 1 1 1 1 1 1 1 1 1 1 1 1 1 1 1 1 1 1 1 1 1 1 1 7 1 1 1 12 12 12 12 7 12 12 12 12 12 12 12 12 12 12 12 12 12 12 12 12 1 12 12 12 12 12 12 12 12 12 12 12 1 12 12 12 12 12 12 12 12 12 12 12 12 12 12 12 12 1 12 12 12 12 12 12 12 12 1 12 12 12 1 12 1 1 12 7 12 100 7 7 100 100 100 12 12 12 12 12 12 12 12 12 12 1 12 12 12 12 12 12 12 12 12 12 12 12 12 12 12 12 12 12 12 12 12 12 12 12 12 12 12 12 12 12 12 12 12 12 12 12 12 12 12 12 12 12 12 12 12 12 12 12 12 12 12 12 12 12 12 12 12 12 12 12 12 12 12 12 12 12 12 12 12 12 12 12 12 12 12 12 12 12 12 12 12 12 12 12 12 12 12 12 12 12 12 12 12 12 12 12 1 1 12 12 12 12 12 12 12 12 12 12 12 12 12 12 12 12 12 12 12 12 12 12 12 12 12 12 12 12 12 12 12 12 12 12 12 12 12 7 12 1 1 12 1 12 12 12 1 1 12 12 12 1 12 1 12 1 12 1 12 1 12 12 12 12 12 12 12 12 12 12 12 12 12 12 12 12 1 1 1 1 1 1 1 1 1 1 1 1 1 1 1 1 1 1 1 1 1 1 1 1 1 1 1 1 1 1 1 1 1 1 1 1
staticfield jdk/internal/misc/Unsafe theUnsafe Ljdk/internal/misc/Unsafe; jdk/internal/misc/Unsafe
staticfield jdk/internal/misc/Unsafe ARRAY_BOOLEAN_BASE_OFFSET I 16
staticfield jdk/internal/misc/Unsafe ARRAY_BYTE_BASE_OFFSET I 16
staticfield jdk/internal/misc/Unsafe ARRAY_SHORT_BASE_OFFSET I 16
staticfield jdk/internal/misc/Unsafe ARRAY_CHAR_BASE_OFFSET I 16
staticfield jdk/internal/misc/Unsafe ARRAY_INT_BASE_OFFSET I 16
staticfield jdk/internal/misc/Unsafe ARRAY_LONG_BASE_OFFSET I 16
staticfield jdk/internal/misc/Unsafe ARRAY_FLOAT_BASE_OFFSET I 16
staticfield jdk/internal/misc/Unsafe ARRAY_DOUBLE_BASE_OFFSET I 16
staticfield jdk/internal/misc/Unsafe ARRAY_OBJECT_BASE_OFFSET I 16
staticfield jdk/internal/misc/Unsafe ARRAY_BOOLEAN_INDEX_SCALE I 1
staticfield jdk/internal/misc/Unsafe ARRAY_BYTE_INDEX_SCALE I 1
staticfield jdk/internal/misc/Unsafe ARRAY_SHORT_INDEX_SCALE I 2
staticfield jdk/internal/misc/Unsafe ARRAY_CHAR_INDEX_SCALE I 2
staticfield jdk/internal/misc/Unsafe ARRAY_INT_INDEX_SCALE I 4
staticfield jdk/internal/misc/Unsafe ARRAY_LONG_INDEX_SCALE I 8
staticfield jdk/internal/misc/Unsafe ARRAY_FLOAT_INDEX_SCALE I 4
staticfield jdk/internal/misc/Unsafe ARRAY_DOUBLE_INDEX_SCALE I 8
staticfield jdk/internal/misc/Unsafe ARRAY_OBJECT_INDEX_SCALE I 4
staticfield jdk/internal/misc/Unsafe ADDRESS_SIZE I 8
staticfield jdk/internal/misc/Unsafe BE Z 0
staticfield jdk/internal/misc/Unsafe unalignedAccess Z 1
ciInstanceKlass jdk/internal/module/Modules 1 1 483 10 9 11 11 11 11 11 11 11 11 10 10 18 10 100 10 10 10 10 11 10 10 10 10 9 10 10 10 100 100 11 10 11 10 10 10 10 10 11 18 11 10 11 100 11 11 11 10 10 18 11 18 11 10 18 18 10 9 11 100 10 11 11 7 11 10 100 10 10 10 11 10 100 10 18 10 100 8 10 10 18 11 11 10 10 10 18 10 10 7 10 10 100 1 1 1 1 1 1 1 1 1 1 1 1 1 1 1 1 1 1 1 1 1 1 1 1 1 1 1 1 1 1 1 1 1 1 1 1 1 1 1 1 1 1 1 1 1 1 1 1 1 1 1 1 1 1 1 1 7 100 100 1 1 1 1 1 1 1 1 1 1 1 1 1 1 1 1 1 1 1 1 1 1 1 1 1 1 1 1 1 1 1 100 100 100 100 100 100 100 100 1 1 1 1 1 1 100 1 1 1 1 1 1 1 1 1 1 100 1 1 1 1 1 1 1 1 1 12 12 7 12 12 12 12 12 12 12 12 12 100 12 1 15 16 15 16 12 100 12 1 100 12 100 12 12 12 12 12 12 12 12 12 100 12 1 1 12 100 12 12 12 12 100 12 12 12 12 16 15 16 12 12 100 12 100 12 1 12 12 12 12 100 12 16 15 16 12 12 16 15 16 12 12 12 15 16 15 16 12 12 12 1 12 12 1 12 1 12 12 12 12 12 1 15 16 12 12 1 1 12 12 15 16 12 12 12 15 12 1 12 7 12 1 1 1 1 1 1 1 1 1 1 1 1 1 1 1 1 1 1 1 1 10 1 10 1 1 1 1 1 1 1 1 1 1 1 1 1 1 1 1 1 1 1 1 1 1 1 1 1 1 1 1 1 1 1 1 1 1 1 1 1 1 1 10 1 1 1 1 1 1 1 1 1 1 1 1 1 1 1 1 1 1 1 1 10 1 1 1 1 1 1 10 1 1 1 1 1 1 10 1 10 1 1 1 1 1 1 1 1 1 1 1 1 1 10 1 1 1 1 1 10 1 1 10 1 1 1 1 1 100 12 12 12 12 12 12 12 12 12 1 1 100 1 1 1 1 1 100 1 1
staticfield jdk/internal/module/Modules JLA Ljdk/internal/access/JavaLangAccess; java/lang/System$2
staticfield jdk/internal/module/Modules $assertionsDisabled Z 1
instanceKlass org/apache/spark/storage/BufferReleasingInputStream
instanceKlass sun/nio/ch/ChannelInputStream
instanceKlass java/io/ObjectInputStream$PeekInputStream
instanceKlass java/io/ObjectInputStream$BlockDataInputStream
instanceKlass org/apache/spark/util/io/ChunkedByteBufferInputStream
instanceKlass com/esotericsoftware/kryo/io/Input
instanceKlass java/util/jar/JarVerifier$VerifierStream
instanceKlass org/apache/hadoop/fs/FSInputStream
instanceKlass org/apache/spark/io/NioBufferedFileInputStream
instanceKlass org/apache/spark/util/ByteBufferInputStream
instanceKlass org/apache/hadoop/shaded/com/ctc/wstx/io/MergedStream
instanceKlass org/apache/spark/util/Utils$$anon$2
instanceKlass java/io/SequenceInputStream
instanceKlass java/io/ObjectInputStream
instanceKlass java/util/zip/ZipFile$ZipFileInputStream
instanceKlass java/io/FilterInputStream
instanceKlass java/io/FileInputStream
instanceKlass java/io/ByteArrayInputStream
ciInstanceKlass java/io/InputStream 1 1 170 100 10 100 10 10 10 10 7 3 10 100 8 10 7 10 3 100 8 10 7 10 11 10 11 11 11 7 10 5 0 10 8 10 8 10 10 7 100 1 1 1 1 3 1 3 1 1 1 1 1 1 1 1 1 1 1 1 1 1 1 1 1 1 1 1 1 1 1 1 1 1 1 1 1 1 1 1 1 1 1 1 1 1 7 7 1 1 1 1 1 1 1 1 1 1 1 1 1 1 1 1 1 1 1 1 1 1 1 1 12 1 12 7 12 12 1 12 1 1 12 1 7 12 1 1 1 12 100 12 12 12 12 7 12 12 1 12 100 12 1 1 1 1 1 1 1 1 1 1 1 1 1 1 1 1 1 1 1 1 1 1 1 1 1 1 1 1 1 1
instanceKlass sun/security/util/DerInputBuffer
ciInstanceKlass java/io/ByteArrayInputStream 1 1 96 10 9 9 9 9 10 10 10 10 10 10 7 7 1 1 1 1 1 1 1 1 1 1 1 1 1 1 1 1 1 1 1 1 1 1 1 1 1 1 1 1 1 1 1 1 1 1 100 1 1 1 1 1 1 1 1 1 1 1 1 1 1 12 12 12 12 12 7 12 7 12 7 12 7 12 12 100 12 1 1 1 1 1 1 1 1 1 1 1 1 1 1 1 1 1
ciInstanceKlass java/net/URL 1 1 744 10 10 10 9 9 10 10 10 9 10 8 10 100 10 10 8 10 9 100 8 10 10 8 9 10 9 10 10 9 9 8 9 10 8 9 10 10 8 10 7 10 10 10 10 10 8 10 10 8 9 8 10 10 100 10 10 10 100 8 10 10 8 10 10 10 10 10 10 8 10 7 10 10 10 9 10 9 10 10 100 100 10 10 10 10 10 10 7 10 10 10 100 10 10 8 9 10 10 9 10 100 10 10 10 10 10 10 10 10 10 10 10 9 9 100 8 10 10 9 10 8 10 8 10 10 8 8 10 100 10 10 10 7 100 10 9 10 8 10 100 10 10 8 9 10 10 10 10 10 11 10 10 9 10 10 10 8 10 7 100 10 8 8 10 8 8 8 100 10 9 10 10 10 10 10 10 10 10 10 10 10 10 10 10 10 100 8 10 10 10 10 10 8 7 10 7 10 7 10 7 7 10 9 9 7 10 10 100 1 1 1 1 1 1 1 5 0 1 1 1 1 1 1 1 1 1 1 1 1 1 1 1 1 1 1 1 1 1 1 1 1 1 1 1 1 1 1 1 1 1 1 1 1 1 1 1 1 1 1 1 1 1 1 1 1 1 1 1 1 1 1 1 1 1 1 1 1 1 1 1 1 1 1 1 1 1 1 1 1 1 1 1 1 1 1 100 1 1 1 1 1 1 1 1 1 1 1 1 1 1 1 1 1 1 1 1 1 1 1 1 1 1 1 1 1 1 1 1 1 1 1 100 100 1 1 1 1 1 1 1 1 1 1 1 1 1 1 7 1 1 1 1 1 1 1 1 1 1 1 1 1 1 100 7 1 1 1 1 1 1 1 1 1 1 1 1 1 1 1 1 1 1 100 1 1 100 1 1 100 1 1 1 1 1 1 1 1 1 1 1 1 1 1 1 1 1 1 1 1 1 1 1 12 12 12 12 12 7 12 12 12 12 12 1 12 1 12 1 12 12 1 1 12 12 1 12 12 12 12 12 12 12 1 12 12 1 12 12 7 12 1 12 1 12 12 12 12 12 1 12 12 1 12 1 12 12 1 12 12 12 1 1 12 1 12 12 12 12 12 12 1 12 1 7 12 12 100 12 12 12 12 100 12 1 1 12 12 12 12 12 12 1 12 1 12 12 1 12 100 12 12 100 12 12 1 12 12 12 12 12 12 12 7 12 12 12 12 12 1 1 12 12 12 1 7 12 1 12 12 1 1 12 1 100 12 12 12 1 1 12 12 1 12 1 100 12 100 12 12 12 12 12 7 12 12 12 12 12 12 100 12 12 12 1 1 12 1 12 12 12 12 12 12 12 12 12 12 12 12 12 12 1 1 12 12 12 1 1 1 1 1 1 12 7 12 12 1 7 12 1 1 1 1 1 1 1 1 1 1 1 1 1 1 1 1 1 1 1 1 1 1 1 1 1 1 1 1 1 1 1 1 1 1 1 1 1 1 1 1 1 1 1 1 1 1 1 1 1 1 1 1 1 1 1 1 1 1 1 1 1 1 1 1 1 1 1 1 1 1 1 1 1 1 1 1 1 1 1 1 1 1 1 1 1 1 1 1 1 1 1 1 1 1 1 1 1 1 1 1 1 1 1 1 1 1 1 1 1 1 1 1 1 1 1 1 1 1 1 1 1 1 1 1 1 1 1 1 1 1 1 1 1 1
staticfield java/net/URL defaultFactory Ljava/net/URLStreamHandlerFactory; java/net/URL$DefaultFactory
staticfield java/net/URL streamHandlerLock Ljava/lang/Object; java/lang/Object
staticfield java/net/URL serialPersistentFields [Ljava/io/ObjectStreamField; 7 [Ljava/io/ObjectStreamField;
ciInstanceKlass java/util/jar/Manifest 1 1 301 10 7 10 9 7 10 9 9 10 10 10 10 10 11 11 10 10 100 100 10 8 10 10 10 10 11 100 10 10 11 11 11 11 100 100 8 10 11 7 9 10 10 10 10 8 10 10 11 10 10 10 8 10 7 10 10 10 100 8 10 10 8 10 10 10 10 11 10 10 10 7 10 11 10 11 10 7 100 1 1 1 1 1 1 1 1 1 1 1 1 1 1 1 1 1 1 1 1 1 1 1 1 1 1 1 1 1 1 1 1 1 1 1 1 1 1 1 1 1 1 1 1 1 1 1 1 1 1 1 1 1 100 100 1 1 1 1 1 1 1 1 1 1 1 1 1 1 1 1 1 1 1 1 100 100 1 1 1 1 1 1 1 1 1 1 1 1 1 1 1 1 12 1 12 1 12 12 12 12 12 12 12 7 12 12 100 12 1 1 1 12 12 12 12 1 12 12 12 100 12 12 12 1 1 1 12 1 7 12 12 12 12 12 1 12 12 12 12 12 1 12 1 12 12 12 1 1 12 1 12 7 12 12 12 12 12 7 12 12 1 12 12 12 1 1 1 1 1 1 1 1 1 1 1 1 1 1 1 1 1 1 1 1 1 1 1 1 1 1 1 1 1 1 1 1 1 1 1 1 1 1 1 1 1 1 1 1 1 1 1 1 1 1 1 1 1 1 1 1 1
ciInstanceKlass jdk/internal/loader/ClassLoaders 1 1 143 10 9 9 9 7 11 100 11 11 10 10 100 100 10 9 8 10 7 10 7 10 10 7 10 8 10 8 8 7 10 7 100 1 1 1 1 1 1 1 1 1 1 1 1 1 1 1 1 1 1 1 1 1 1 1 1 1 1 1 1 1 1 1 100 1 1 1 1 1 1 1 1 1 1 1 1 12 12 12 12 1 100 12 1 12 12 100 12 100 12 1 1 7 12 12 1 7 12 1 12 1 12 12 1 12 1 7 12 1 1 1 12 1 1 1 1 1 1 1 1 1 1 1 1 1 1 1 1 1 1 1 1 1 1 1 1 1 1 1 1 1 1
staticfield jdk/internal/loader/ClassLoaders JLA Ljdk/internal/access/JavaLangAccess; java/lang/System$2
staticfield jdk/internal/loader/ClassLoaders BOOT_LOADER Ljdk/internal/loader/ClassLoaders$BootClassLoader; jdk/internal/loader/ClassLoaders$BootClassLoader
staticfield jdk/internal/loader/ClassLoaders PLATFORM_LOADER Ljdk/internal/loader/ClassLoaders$PlatformClassLoader; jdk/internal/loader/ClassLoaders$PlatformClassLoader
staticfield jdk/internal/loader/ClassLoaders APP_LOADER Ljdk/internal/loader/ClassLoaders$AppClassLoader; jdk/internal/loader/ClassLoaders$AppClassLoader
instanceKlass jdk/internal/loader/ClassLoaders$BootClassLoader
instanceKlass jdk/internal/loader/ClassLoaders$PlatformClassLoader
instanceKlass jdk/internal/loader/ClassLoaders$AppClassLoader
ciInstanceKlass jdk/internal/loader/BuiltinClassLoader 1 1 717 10 10 9 9 7 10 9 9 10 10 11 100 100 10 10 8 10 10 7 10 10 11 11 11 7 9 8 8 10 10 9 11 7 10 10 10 10 10 10 10 11 10 7 10 10 10 100 8 10 10 8 10 10 11 11 100 7 10 11 11 10 7 10 10 7 7 10 7 7 10 10 100 10 11 100 100 10 10 100 100 10 10 18 10 10 18 100 10 7 10 10 10 10 10 9 100 10 10 10 10 10 10 10 10 10 10 18 7 10 10 10 10 100 10 7 10 10 10 11 7 10 7 100 10 10 11 10 10 10 10 10 10 10 10 8 10 10 10 100 8 8 10 10 8 8 10 11 9 10 9 9 9 9 9 9 10 8 10 7 10 10 7 7 10 11 10 10 10 100 10 10 10 7 10 10 8 10 7 100 1 1 1 1 1 1 1 1 1 1 1 1 1 1 1 1 1 1 1 1 1 1 1 1 1 1 1 1 1 7 7 1 1 1 1 1 1 1 1 1 1 1 7 1 1 1 1 1 1 1 1 1 1 1 1 1 1 1 1 1 1 1 1 1 1 1 1 1 1 1 1 1 1 1 1 1 1 1 100 1 1 1 1 1 1 1 1 1 1 1 1 1 1 1 1 1 1 1 1 1 1 1 100 100 1 1 1 1 1 1 1 1 1 1 1 1 1 7 1 1 1 1 1 1 1 1 1 1 1 1 1 1 1 1 1 1 1 1 1 1 1 1 1 1 7 1 1 1 1 1 1 1 1 1 1 1 1 7 7 1 1 1 1 1 1 1 1 1 1 1 1 1 1 1 1 1 7 1 1 1 1 1 1 1 1 1 1 7 12 12 12 12 1 12 12 12 12 12 12 1 1 12 1 12 12 1 12 12 7 12 12 12 1 12 1 1 12 7 12 12 12 1 12 12 12 7 12 12 12 12 12 7 12 1 7 12 12 1 1 12 1 12 12 12 12 1 1 12 12 1 12 12 1 1 12 1 1 12 7 12 1 12 12 1 1 12 12 1 1 12 12 1 15 16 15 16 12 12 12 15 16 1 7 12 1 12 12 12 12 12 1 12 12 12 12 12 12 12 12 12 15 16 12 1 12 12 12 12 1 12 100 1 1 12 12 12 12 1 12 1 12 12 12 12 12 12 12 12 12 12 12 1 12 12 12 1 1 1 12 1 1 7 12 7 12 7 12 12 12 12 12 12 12 12 12 1 12 1 12 12 1 1 12 12 12 12 1 12 12 1 12 12 1 12 1 1 1 1 1 1 1 1 1 1 1 1 1 1 1 1 1 1 1 1 1 1 1 1 1 1 1 1 1 1 1 1 1 1 1 1 1 1 1 1 1 1 1 1 1 1 1 1 1 1 1 1 1 1 1 1 1 1 1 1 1 1 1 1 1 1 1 1 1 1 10 10 1 1 1 1 10 1 1 1 1 1 1 1 1 1 1 1 1 1 10 1 1 1 1 1 1 1 1 1 1 1 1 1 1 1 1 1 1 1 1 1 1 1 1 1 1 1 1 1 1 1 1 1 1 1 1 1 1 1 1 1 1 1 1 1 1 1 1 1 1 1 1 1 1 1 1 1 1 1 100 12 12 12 12 1 1 100 1 1 100 1 1
staticfield jdk/internal/loader/BuiltinClassLoader packageToModule Ljava/util/Map; java/util/concurrent/ConcurrentHashMap
staticfield jdk/internal/loader/BuiltinClassLoader $assertionsDisabled Z 1
ciInstanceKlass jdk/internal/loader/ClassLoaders$AppClassLoader 1 1 134 8 10 9 10 10 10 10 10 10 7 8 10 10 10 9 11 10 10 100 10 7 7 1 1 1 100 1 1 1 1 1 1 1 1 1 1 1 1 1 1 1 1 1 1 1 1 1 1 100 1 100 1 1 1 1 1 1 1 1 1 1 1 1 1 1 1 1 1 1 1 1 1 1 1 1 1 1 1 100 1 12 12 7 12 100 12 12 12 12 12 1 1 12 7 12 7 12 12 100 12 12 7 12 1 12 1 1 1 1 1 1 1 1 1 1 1 1 1 1 1 1 1 1 1 1 1 1 1 1 1 1 1 1
ciInstanceKlass jdk/internal/loader/ClassLoaders$PlatformClassLoader 1 1 57 8 10 9 11 10 100 10 100 7 1 100 1 1 1 1 1 1 1 1 1 1 1 1 1 1 1 1 1 1 1 1 1 1 1 100 1 12 12 100 12 7 12 1 12 1 1 1 1 1 1 1 1 1 1 1 1
ciInstanceKlass java/security/CodeSource 1 1 402 10 9 9 9 9 10 9 10 7 10 7 10 7 10 10 10 7 10 10 10 10 10 7 10 10 10 10 10 10 10 10 10 10 10 10 10 8 10 10 10 10 8 10 10 100 10 10 8 10 10 10 8 8 9 100 8 10 10 8 10 8 8 8 10 10 10 10 10 10 100 100 10 10 10 10 10 100 10 10 8 10 10 10 100 10 100 100 8 8 10 10 10 100 10 10 11 10 10 11 10 10 8 100 10 10 7 10 11 11 7 100 1 1 1 5 0 1 1 1 1 1 1 1 1 1 1 1 1 1 1 1 1 1 1 1 1 1 100 1 1 1 1 1 1 1 1 1 1 1 1 1 1 1 1 1 1 1 1 1 1 1 1 1 1 1 1 1 1 1 1 1 1 1 1 1 1 1 1 1 100 1 1 1 1 1 1 1 1 1 1 1 1 1 100 1 1 1 1 1 1 1 1 1 1 1 1 1 1 1 1 1 1 100 100 100 1 1 1 1 1 1 1 1 1 12 12 12 12 12 7 12 12 100 12 7 12 1 12 12 7 1 12 7 12 12 12 1 12 7 100 12 100 12 12 12 12 12 12 1 12 12 12 12 1 12 1 12 1 12 12 12 1 1 12 1 1 12 12 1 12 1 1 1 12 12 12 12 12 12 1 1 12 12 12 12 12 1 12 1 12 12 12 1 12 1 1 1 1 12 100 12 1 12 12 12 12 12 100 1 1 12 12 1 12 12 1 1 1 1 1 1 1 1 1 1 1 1 1 1 1 1 1 1 1 1 1 1 1 1 1 1 1 1 1 1 1 1 1 1 1 1 1 1 1 1 1 1 1 1 1 1 1 1 1 1 1 1 1 1 1 1 1 1 1 1 1 1 1 1 1 1 1 1 1 1 1 1 1 1 1 1
ciInstanceKlass java/lang/StackTraceElement 1 1 224 10 10 9 9 9 9 8 10 7 9 8 9 9 9 8 10 10 7 10 10 8 10 10 8 8 8 10 8 8 10 8 8 7 10 10 10 10 9 10 10 7 10 10 10 10 10 10 10 10 10 7 100 7 1 1 1 1 1 1 1 1 1 1 1 1 1 1 1 1 1 1 1 3 1 3 1 1 5 0 1 1 1 1 1 1 1 1 1 1 1 1 1 1 1 1 1 1 1 1 1 1 1 1 1 1 1 1 1 1 1 1 1 1 1 1 1 1 7 100 7 100 1 1 1 1 1 1 1 1 1 1 1 1 1 100 1 1 1 1 1 1 1 1 1 1 12 12 12 12 12 12 1 7 12 1 12 1 12 12 12 1 12 12 1 12 1 12 12 1 1 1 12 1 1 12 1 1 1 12 12 12 12 12 12 12 1 12 7 12 7 12 12 12 12 12 12 1 1 1 1 1 1 1 1 1 1 1 1 1 1 1 1 1 1 1 1 1 1 1 1 1 1 1
instanceKlass java/nio/DoubleBuffer
instanceKlass java/nio/FloatBuffer
instanceKlass java/nio/ShortBuffer
instanceKlass java/nio/IntBuffer
instanceKlass java/nio/CharBuffer
instanceKlass java/nio/LongBuffer
instanceKlass java/nio/ByteBuffer
ciInstanceKlass java/nio/Buffer 1 1 195 100 10 9 9 10 9 10 10 100 100 10 8 10 10 8 8 10 10 8 9 100 8 10 8 8 9 10 8 8 8 10 8 8 8 100 10 100 10 100 10 100 10 7 10 10 9 7 10 10 7 1 1 1 1 1 1 3 1 1 1 1 1 1 1 1 1 1 1 1 1 1 1 1 1 1 1 1 1 1 1 1 1 1 1 1 1 100 1 1 1 1 1 1 1 1 1 1 1 1 1 1 1 1 1 1 1 1 1 1 1 1 1 1 1 1 1 1 1 1 1 1 1 1 1 1 1 1 1 1 1 1 1 12 12 12 12 12 12 12 1 1 1 12 12 1 1 12 12 1 12 1 1 12 1 1 12 12 1 1 1 12 1 1 1 1 1 1 1 1 7 12 7 12 12 1 7 12 1 1 1 1 1 1 1 1 1 1 1 1 1 1 1 1 1
staticfield java/nio/Buffer UNSAFE Ljdk/internal/misc/Unsafe; jdk/internal/misc/Unsafe
staticfield java/nio/Buffer $assertionsDisabled Z 1
ciInstanceKlass java/lang/StackWalker 1 1 235 9 10 7 10 10 11 10 10 7 10 100 8 10 10 10 10 9 9 9 9 10 9 10 11 100 8 10 10 9 10 10 10 18 100 8 10 10 10 9 11 10 7 7 1 1 1 100 1 1 1 1 1 1 1 1 1 1 1 1 1 1 1 1 1 1 1 1 1 1 1 1 1 1 1 1 1 1 1 1 1 1 1 1 1 1 1 1 1 1 1 100 1 1 1 1 1 1 1 1 1 1 1 1 1 1 1 1 1 1 1 1 1 1 1 1 1 1 1 1 1 1 1 1 1 1 1 1 1 1 12 7 12 1 7 12 12 7 12 12 12 1 12 1 1 12 12 12 12 12 12 12 12 12 12 7 12 12 1 1 12 12 12 7 12 7 12 1 15 16 15 16 12 1 1 12 100 12 12 100 12 12 1 1 1 1 1 1 1 1 1 1 1 1 1 1 1 1 1 1 1 1 1 1 1 1 1 1 1 1 10 10 1 1 1 1 1 1 1 1 1 1 1 1 100 12 12 1 1 100 1 1 100 1 1
staticfield java/lang/StackWalker DEFAULT_EMPTY_OPTION Ljava/util/EnumSet; java/util/RegularEnumSet
staticfield java/lang/StackWalker DEFAULT_WALKER Ljava/lang/StackWalker; java/lang/StackWalker
instanceKlass java/lang/StackStreamFactory$StackFrameTraverser
ciInstanceKlass java/lang/StackStreamFactory$AbstractStackWalker 1 1 306 7 100 3 10 10 10 9 10 9 9 9 9 9 10 10 9 10 10 9 9 100 10 8 10 10 8 10 10 100 8 10 8 10 9 10 9 8 5 0 8 8 9 10 10 10 9 10 10 10 10 10 10 8 10 10 10 10 8 7 10 10 10 10 10 10 9 8 10 10 10 10 10 10 10 10 10 10 8 7 1 1 1 1 1 1 1 1 1 1 7 1 1 1 1 1 1 1 1 1 1 1 1 1 1 1 1 1 1 1 1 1 1 1 1 1 1 1 1 1 1 1 1 1 7 1 1 1 1 1 1 100 1 1 1 1 1 1 1 100 1 1 1 1 1 1 1 1 1 1 1 1 1 1 1 1 1 1 1 1 1 1 1 1 1 12 12 7 12 12 12 12 12 12 12 7 12 7 12 12 12 12 12 12 100 12 1 1 12 12 1 12 100 12 1 1 12 1 12 7 12 12 12 1 1 1 12 12 12 12 12 12 12 12 12 12 12 1 12 12 12 12 1 1 12 12 12 12 12 7 12 12 1 12 12 12 12 12 12 12 12 12 12 1 1 1 1 1 1 1 1 1 1 1 1 1 1 1 1 1 1 1 1 1 1 1 1 1 1 1 1 1 1 1 1 1 1 1 1 1 1 1 1 1 1 1 1 1 1 1 1 1 1 1 1 1 1 1 1 1 1 1 1 1 1 1
instanceKlass java/lang/LiveStackFrameInfo
ciInstanceKlass java/lang/StackFrameInfo 1 1 132 10 9 9 9 11 9 11 10 10 10 11 11 11 10 9 10 10 10 11 10 9 10 100 8 10 10 7 7 100 1 1 1 1 1 1 1 1 1 1 1 1 1 1 1 1 1 1 1 1 1 1 1 1 1 1 1 1 1 1 1 1 1 1 1 1 1 1 1 1 1 100 100 1 1 1 1 1 12 7 12 12 7 12 12 12 12 7 12 12 12 12 12 12 12 12 12 12 12 12 12 12 1 1 12 7 12 1 1 1 1 1 1 1 1 1 1 1 1 1 1 1 1 1 1 1 1 1 1 1 1 1
staticfield java/lang/StackFrameInfo JLIA Ljdk/internal/access/JavaLangInvokeAccess; java/lang/invoke/MethodHandleImpl$1
ciInstanceKlass java/lang/LiveStackFrameInfo 0 0 97 10 9 9 9 9 9 100 10 10 8 10 100 8 8 8 10 100 10 100 10 100 100 100 1 1 1 1 1 1 1 1 3 1 3 1 1 1 1 1 1 1 1 1 1 1 1 1 1 1 1 1 1 1 1 1 1 1 100 1 1 1 1 1 1 1 1 1 1 12 12 12 12 12 12 1 12 12 1 12 1 1 1 1 1 12 1 12 1 1 1 1 1 1 1 1 1
instanceKlass java/util/concurrent/locks/AbstractQueuedSynchronizer
ciInstanceKlass java/util/concurrent/locks/AbstractOwnableSynchronizer 1 1 32 10 9 7 7 100 1 1 1 5 0 1 1 1 1 1 1 1 1 1 1 1 1 1 1 1 1 12 12 1 1 1
ciInstanceKlass java/lang/Boolean 1 1 128 10 9 10 10 8 10 9 9 8 10 7 10 10 100 100 10 10 8 10 9 7 100 100 1 1 1 1 1 1 1 1 1 1 1 1 5 0 1 1 1 1 1 1 1 1 1 1 1 1 1 1 1 1 1 1 1 1 1 1 1 1 1 1 7 1 1 1 1 1 1 1 1 1 1 1 100 1 1 1 1 1 1 1 1 1 1 1 1 1 1 1 1 1 12 12 12 12 1 12 12 12 1 12 1 12 7 12 1 1 12 12 1 7 12 12 1 1 1 1 1 1 1 1 1 1 1 1
staticfield java/lang/Boolean TRUE Ljava/lang/Boolean; java/lang/Boolean
staticfield java/lang/Boolean FALSE Ljava/lang/Boolean; java/lang/Boolean
staticfield java/lang/Boolean TYPE Ljava/lang/Class; java/lang/Class
ciInstanceKlass java/lang/Character 1 1 551 7 100 10 9 9 10 10 10 10 10 10 3 3 3 3 3 10 10 3 11 11 10 10 100 10 10 3 10 10 10 100 8 7 10 10 10 10 10 10 10 10 10 10 10 10 10 10 10 10 10 10 10 10 10 10 10 10 10 10 10 10 10 10 10 10 10 10 10 10 10 10 10 10 10 10 5 0 10 10 10 10 10 10 10 10 10 10 9 100 10 10 10 3 10 10 10 100 10 10 10 10 8 10 9 10 10 10 10 10 10 10 10 10 100 8 10 10 8 10 9 100 100 7 1 1 100 1 100 1 100 1 1 1 1 3 1 3 1 1 3 1 3 1 1 1 1 1 1 1 3 1 1 3 1 3 1 3 1 3 1 3 1 3 1 3 1 3 1 3 1 3 1 3 1 3 1 3 1 3 1 3 1 3 1 3 1 3 1 3 1 3 1 3 1 3 1 3 1 3 1 3 1 3 1 3 1 3 1 1 1 1 1 1 1 1 1 1 1 1 1 1 1 1 1 1 1 3 1 1 1 1 1 1 1 3 1 1 3 1 1 1 1 1 3 1 1 1 5 0 1 1 1 1 1 1 1 1 1 1 1 1 1 1 1 1 1 1 1 1 1 1 1 1 1 1 1 1 1 1 1 1 1 1 1 1 1 1 1 1 1 1 1 1 1 1 1 1 1 1 1 1 1 1 1 1 1 1 1 1 1 1 1 1 1 1 1 1 1 1 1 1 1 1 1 1 1 1 1 1 1 1 1 1 1 1 1 1 1 1 1 1 1 1 1 1 1 1 1 1 1 1 1 1 1 1 1 1 1 1 1 1 1 1 1 1 1 1 1 1 1 1 1 1 1 1 1 1 1 1 1 1 1 1 1 1 1 1 1 1 1 1 1 1 1 1 7 1 1 1 1 1 1 1 1 1 1 1 1 1 12 12 12 12 12 12 12 12 12 12 12 7 12 12 12 12 1 12 12 12 12 1 1 1 100 12 12 12 12 12 12 12 12 12 7 12 12 12 12 12 12 12 12 12 12 12 12 12 12 12 12 12 12 12 12 12 12 12 12 12 12 12 12 12 12 1 12 12 100 12 12 12 1 12 12 12 1 12 100 12 12 12 12 12 12 12 1 1 12 7 12 1 12 12 1 1 1 1 1 1 1 1 1 1 1 1 1 1 1 1 1 1 1 1 1 1 1 1 1 1 1 1 1 1 1 1 1 1 1 1 1 1 1 1 1 1 1 1 1 1 1
staticfield java/lang/Character TYPE Ljava/lang/Class; java/lang/Class
staticfield java/lang/Character $assertionsDisabled Z 1
instanceKlass java/math/BigDecimal
instanceKlass java/math/BigInteger
instanceKlass scala/math/ScalaNumber
instanceKlass java/util/concurrent/atomic/Striped64
instanceKlass java/util/concurrent/atomic/AtomicLong
instanceKlass java/util/concurrent/atomic/AtomicInteger
instanceKlass java/lang/Long
instanceKlass java/lang/Integer
instanceKlass java/lang/Short
instanceKlass java/lang/Byte
instanceKlass java/lang/Double
instanceKlass java/lang/Float
ciInstanceKlass java/lang/Number 1 1 37 10 10 100 7 100 1 1 1 5 0 1 1 1 1 1 1 1 1 1 1 1 1 1 1 1 1 1 1 1 1 1 12 12 1 1 1
ciInstanceKlass java/lang/Float 1 1 192 7 100 10 10 4 100 10 10 8 8 10 10 10 10 4 4 4 10 9 10 10 10 10 10 10 3 10 10 10 10 8 10 9 7 100 1 1 1 1 1 4 1 1 1 4 1 1 3 1 3 1 3 1 3 1 1 1 1 1 1 1 5 0 1 1 1 1 1 1 1 1 1 1 1 1 1 100 1 1 1 1 1 1 1 1 1 1 1 1 1 1 1 1 1 1 1 1 1 1 1 1 1 1 1 1 1 1 1 1 1 1 1 1 1 1 1 1 1 1 1 1 1 1 1 1 1 1 1 1 1 1 1 1 1 1 1 1 1 1 1 1 1 1 1 1 7 12 100 12 1 12 12 1 1 100 12 12 12 12 12 12 12 12 12 12 12 12 12 12 12 1 7 12 12 1 1 1 1 1 1 1 1 1 1 1 1 1 1 1 1 1
staticfield java/lang/Float TYPE Ljava/lang/Class; java/lang/Class
ciInstanceKlass java/lang/Double 1 1 254 7 100 10 10 10 100 10 10 6 0 8 10 8 10 8 6 0 10 100 5 0 5 0 8 8 10 10 8 10 8 8 8 10 10 10 10 10 10 10 10 6 0 6 0 6 0 10 9 10 10 10 10 5 0 10 10 10 10 8 10 9 7 100 1 1 1 1 1 6 0 1 1 1 6 0 1 1 3 1 3 1 3 1 3 1 1 1 1 1 1 1 5 0 1 1 1 1 1 1 1 1 1 1 1 1 1 1 1 100 1 1 1 1 7 1 1 1 1 1 1 1 1 1 1 1 1 1 1 1 1 1 1 1 1 1 1 1 1 1 1 1 1 1 1 1 1 1 1 1 1 1 1 1 1 1 1 1 1 1 1 1 1 1 1 1 1 1 1 1 1 1 1 1 1 1 1 1 1 1 1 1 1 7 12 12 12 1 12 100 12 1 12 1 12 1 12 1 1 1 100 12 12 1 12 1 1 1 12 12 12 12 12 12 12 12 12 12 12 12 12 12 12 12 12 1 7 12 12 1 1 1 1 1 1 1 1 1 1 1 1 1 1 1 1 1 1 1 1 1 1 1 1 1
staticfield java/lang/Double TYPE Ljava/lang/Class; java/lang/Class
ciInstanceKlass java/lang/Byte 1 1 178 7 10 9 10 100 100 10 8 10 8 10 10 10 10 10 10 10 10 8 8 10 9 10 10 10 10 10 5 0 10 8 10 9 7 100 7 1 1 1 1 1 3 1 3 1 1 1 1 1 1 1 3 1 3 1 1 5 0 1 1 1 1 1 1 1 1 1 1 1 1 1 1 1 1 1 1 1 1 1 1 1 1 1 1 1 1 1 1 1 1 1 1 1 1 1 1 1 1 1 1 1 1 1 1 1 1 1 1 1 1 1 1 1 1 1 1 1 1 1 1 1 1 1 1 1 1 1 1 1 100 12 12 12 1 1 12 1 12 1 12 12 12 12 12 12 12 12 1 1 12 12 12 12 12 12 12 1 7 12 12 1 1 1 1 1 1 1 1 1 1 1 1 1 1 1 1 1
staticfield java/lang/Byte TYPE Ljava/lang/Class; java/lang/Class
ciInstanceKlass java/lang/Short 1 1 186 7 100 10 10 100 100 10 8 10 8 10 10 10 10 10 10 9 10 10 10 8 8 10 9 10 10 10 10 10 3 3 5 0 10 8 10 9 7 100 7 1 1 1 1 1 3 1 3 1 1 1 1 1 1 1 3 1 3 1 1 5 0 1 1 1 1 1 1 1 1 1 1 1 1 1 1 1 1 1 1 1 1 1 1 1 1 1 1 1 1 1 1 1 1 1 1 1 1 1 1 1 1 1 1 1 1 1 1 1 1 1 1 1 1 1 1 1 1 1 1 1 1 1 1 1 1 1 1 1 1 1 1 1 1 1 1 7 12 12 1 1 12 1 12 1 12 12 12 12 12 12 12 12 12 12 1 1 12 12 12 12 12 12 12 1 7 12 12 1 1 1 1 1 1 1 1 1 1 1 1 1 1 1 1 1
staticfield java/lang/Short TYPE Ljava/lang/Class; java/lang/Class
ciInstanceKlass java/lang/Integer 1 1 417 7 100 7 7 10 9 9 10 10 10 10 10 10 10 10 10 10 10 10 10 10 10 10 9 9 7 8 10 100 10 8 10 10 8 10 8 10 3 10 3 10 10 10 7 11 100 10 11 10 8 10 8 100 10 10 5 0 8 10 10 10 10 7 9 9 10 10 9 10 10 10 10 100 100 10 10 8 8 10 8 8 8 8 8 8 10 10 10 5 0 3 3 3 3 10 3 10 10 8 10 9 3 3 3 3 3 3 9 7 100 1 1 1 1 1 1 1 1 1 1 1 1 1 1 1 1 1 1 1 3 1 3 1 1 5 0 1 1 1 1 1 1 1 1 1 1 1 1 100 1 1 1 1 1 1 1 1 1 1 1 1 1 1 1 1 1 1 1 1 1 1 1 1 1 1 1 1 1 1 1 1 1 1 1 1 1 1 1 1 1 1 1 1 1 1 1 1 1 1 1 1 1 1 1 1 1 1 1 1 1 1 1 1 1 1 1 1 1 1 1 1 1 1 1 1 1 1 1 1 1 1 1 1 1 100 1 1 1 1 1 1 1 1 1 1 1 1 1 1 1 1 1 1 1 1 1 1 1 1 1 1 1 1 1 1 1 1 1 1 1 1 1 1 1 1 1 1 1 1 1 12 12 12 100 12 12 100 12 12 100 12 12 12 7 12 12 12 12 12 12 12 12 12 1 1 12 1 12 1 12 12 1 12 1 12 12 12 12 7 12 1 1 12 1 12 1 1 12 12 1 12 12 12 12 1 12 12 12 12 12 12 12 7 12 1 1 12 12 1 1 12 1 1 1 1 1 1 12 12 12 12 12 12 1 7 12 12 12 1 1 1 1 1 1 1 1 1 1 1 1 1 1 1 1 1 1 1 1 1 1 1 1 1 1 1 1 1 1 1 1 1 1 1 1 1 1 1 1 1 1 1 1 1 1 1 1
staticfield java/lang/Integer TYPE Ljava/lang/Class; java/lang/Class
staticfield java/lang/Integer digits [C 36
staticfield java/lang/Integer DigitTens [B 100
staticfield java/lang/Integer DigitOnes [B 100
staticfield java/lang/Integer sizeTable [I 10
ciInstanceKlass java/lang/Long 1 1 482 7 100 7 7 10 9 9 10 10 10 10 10 10 10 10 5 0 5 0 7 10 10 10 10 10 10 10 10 10 10 10 10 10 10 10 10 10 10 10 10 7 5 0 5 0 9 9 5 0 7 8 10 8 10 8 8 10 5 0 10 5 0 10 10 10 7 11 100 10 11 10 8 10 8 100 10 10 8 8 11 10 10 10 5 0 5 0 9 10 10 8 8 10 8 8 8 8 8 8 10 10 10 10 9 10 10 10 100 100 10 10 10 10 10 10 10 5 0 5 0 5 0 10 5 0 5 0 10 10 10 8 10 9 7 100 7 1 1 1 1 1 1 5 0 1 1 1 1 1 1 1 3 1 3 1 5 0 1 1 1 1 1 1 1 1 1 1 1 1 1 100 1 1 1 1 1 1 1 1 1 1 1 1 1 1 1 1 1 1 1 1 1 1 1 1 1 1 1 1 1 1 1 1 1 1 1 1 1 1 1 1 1 1 1 1 1 1 1 1 1 1 1 1 1 1 1 1 1 1 1 1 1 1 1 1 1 1 1 1 1 1 1 1 1 1 1 1 1 1 1 1 1 1 1 1 1 1 1 1 1 1 1 1 1 1 1 1 1 1 1 1 1 1 1 1 100 1 1 1 1 1 1 1 1 1 1 1 1 1 1 1 1 1 1 1 1 1 1 1 1 1 1 1 1 1 1 1 1 1 1 1 1 1 1 1 1 1 1 12 12 12 100 12 12 100 12 12 12 12 12 1 12 12 12 12 12 12 100 12 12 12 12 12 12 7 12 12 12 12 12 12 12 1 12 12 1 1 12 1 12 1 1 12 12 12 12 7 12 1 1 12 1 12 1 1 12 12 1 1 12 12 12 12 12 12 12 1 1 12 1 1 1 1 1 1 12 12 12 12 12 12 100 12 1 1 12 12 12 12 12 12 12 12 12 12 1 7 12 12 1 1 1 1 1 1 1 1 1 1 1 1 1 1 1 1 1 1 1 1 1 1 1 1 1 1 1 1 1 1 1 1 1 1 1 1 1 1 1 1 1 1 1 1 1 1 1 1 1 1 1 1 1 1 1 1 1 1 1 1 1 1
staticfield java/lang/Long TYPE Ljava/lang/Class; java/lang/Class
ciInstanceKlass java/lang/NullPointerException 1 1 26 10 10 100 100 1 1 1 5 0 1 1 1 1 1 1 1 1 1 1 1 1 12 12 1 1
instanceKlass org/apache/spark/SparkArithmeticException
ciInstanceKlass java/lang/ArithmeticException 1 1 26 10 10 100 100 1 1 1 5 0 1 1 1 1 1 1 1 1 1 1 1 1 12 12 1 1
ciInstanceKlass java/io/ObjectStreamField 1 1 238 10 10 100 10 9 9 9 9 9 10 10 9 9 9 9 9 9 9 9 7 100 8 10 8 8 8 8 8 8 8 8 9 8 100 10 10 10 7 10 10 10 10 10 10 10 10 10 10 10 10 10 10 10 10 10 10 10 9 10 7 10 9 100 1 1 1 1 1 1 1 1 1 1 1 1 1 1 1 1 1 1 1 1 1 1 1 1 1 7 7 1 1 1 1 1 1 1 1 1 1 1 1 1 1 1 7 1 1 1 1 1 1 1 1 1 1 1 1 1 1 1 1 1 1 1 1 1 1 1 1 1 1 1 1 1 1 1 1 1 1 12 12 1 12 12 12 12 12 12 12 7 12 7 7 7 7 7 7 7 1 1 1 12 1 1 1 1 1 7 1 1 12 12 1 12 12 12 12 12 12 12 12 12 12 100 12 100 12 12 100 12 12 12 12 12 1 12 12 1 1 1 1 1 1 1 1 1 1 1 1 1 1 1 1 1 1 1 1 1 1 1 1 1 1 1 1 1 1 1 1 1 1 1 1 1 1 1
ciInstanceKlass jdk/internal/reflect/Reflection 1 1 293 10 10 10 10 10 10 10 10 10 10 10 10 10 10 10 10 10 9 10 9 11 100 7 10 8 10 10 10 10 7 10 11 100 10 7 7 11 10 10 7 10 10 7 10 8 10 8 8 8 8 8 10 8 8 8 8 7 10 10 7 7 8 8 7 8 7 8 7 1 1 1 1 1 1 1 1 1 1 1 1 1 1 1 1 1 1 1 1 1 1 1 1 1 1 1 1 1 1 1 1 1 1 1 1 1 1 1 1 1 1 1 1 1 1 1 1 7 1 1 1 1 1 1 1 1 1 1 1 1 1 1 1 1 1 1 1 1 1 1 1 1 1 1 1 1 1 1 1 1 1 1 1 1 1 1 1 1 1 1 1 7 1 1 1 1 1 1 100 1 1 1 1 1 1 1 1 1 1 1 1 1 12 12 12 12 12 12 7 12 12 12 12 12 12 12 12 12 7 12 12 12 12 12 7 12 1 1 1 12 12 12 12 1 12 12 12 12 12 7 12 7 12 7 12 1 12 1 12 1 1 1 1 1 12 1 1 1 1 1 1 1 1 1 1 1 1 1 1 1 1 1 1 1 1 1 1 1 1 1 1 1 1 1 1 1 1 1 1 1 1 1 1 1 1 1 1 1 1 1 1 1 1 1 1 1 1 1 1 1 1 1 1
ciInstanceKlass java/lang/Math 1 1 389 10 10 10 10 10 10 10 7 6 0 6 0 10 10 10 10 10 10 10 10 10 10 10 10 100 3 3 3 10 100 5 0 5 0 5 0 5 0 5 0 9 10 100 8 10 8 10 10 100 5 0 5 0 100 3 5 0 3 5 0 10 10 10 9 9 10 7 6 0 10 9 100 10 10 100 10 10 10 10 10 10 10 10 10 6 0 10 10 10 10 7 4 10 10 10 10 10 10 10 10 10 10 10 5 0 6 0 4 6 0 4 6 0 4 10 9 10 9 10 4 6 0 100 7 1 1 1 1 1 6 0 1 6 0 1 1 1 1 1 1 1 1 1 1 1 1 1 1 1 1 1 1 1 1 1 1 1 1 1 1 1 1 1 1 1 1 1 1 1 1 1 1 1 1 1 1 1 1 1 1 1 1 1 1 1 1 1 1 1 1 1 1 1 1 1 1 1 1 1 1 1 1 1 1 1 1 1 1 1 1 1 1 1 1 1 1 1 1 1 1 1 1 1 1 1 1 1 1 1 1 1 1 1 1 1 1 1 1 1 1 1 1 1 1 1 1 1 1 1 1 1 1 1 1 1 1 1 1 1 1 1 1 1 1 1 1 1 1 1 1 1 1 1 1 1 1 1 1 1 1 1 1 12 7 12 12 12 12 12 12 1 12 12 12 12 12 12 12 12 12 12 12 12 1 12 1 12 7 12 1 1 12 1 12 12 1 1 12 12 12 12 12 12 1 12 12 1 12 1 12 12 12 12 12 12 12 12 12 12 12 12 12 1 12 12 12 12 12 12 12 12 12 12 12 12 12 12 12 7 12 1 1 1 1 1 1 1 1 1 1 1 1 1 1 1 1 1 1 1 1 1 1 1 1 1 1 1 1
staticfield java/lang/Math negativeZeroFloatBits J -2147483648
staticfield java/lang/Math negativeZeroDoubleBits J -9223372036854775808
staticfield java/lang/Math $assertionsDisabled Z 1
instanceKlass org/apache/hadoop/fs/BufferedFSInputStream
ciInstanceKlass java/io/BufferedInputStream 1 1 158 9 100 8 10 9 9 10 10 9 100 8 10 10 9 10 9 9 100 8 10 9 9 10 9 10 10 10 100 10 10 10 10 100 3 8 10 3 10 7 8 10 7 1 1 1 1 1 1 1 1 1 1 1 1 1 1 1 1 1 1 1 1 1 1 1 7 1 1 1 1 100 1 1 1 1 1 1 1 1 1 1 1 1 1 1 1 1 1 1 1 1 1 1 1 1 1 1 1 1 1 1 1 1 1 1 1 12 1 1 12 12 12 12 12 12 1 1 12 12 7 12 12 12 1 1 12 12 7 12 12 12 12 12 1 12 12 12 12 1 1 12 12 1 12 1 1 1 1 1 1 1 1 1 1 1 1 1
staticfield java/io/BufferedInputStream U Ljdk/internal/misc/Unsafe; jdk/internal/misc/Unsafe
staticfield java/io/BufferedInputStream BUF_OFFSET J 32
instanceKlass java/nio/MappedByteBuffer
instanceKlass java/nio/HeapByteBuffer
ciInstanceKlass java/nio/ByteBuffer 1 1 405 10 9 10 9 9 9 9 10 7 10 10 7 10 10 100 100 10 10 10 10 100 10 10 10 10 10 100 10 10 10 100 10 10 9 10 100 10 9 9 10 10 10 10 10 9 100 10 10 10 10 10 10 10 10 100 10 10 10 10 8 10 8 8 10 8 10 10 7 10 10 10 10 9 100 10 8 10 10 10 10 8 8 10 10 10 10 10 10 10 10 10 10 10 10 10 10 7 100 1 1 1 1 1 1 1 1 1 1 1 1 1 1 1 1 1 1 1 1 1 100 1 1 1 1 1 1 1 1 1 1 1 1 1 1 1 1 1 1 1 1 1 1 1 1 1 1 1 1 1 1 1 1 1 1 1 1 1 1 1 100 100 1 1 1 1 1 1 1 1 1 1 1 1 1 1 1 1 1 1 1 1 1 1 1 1 1 1 1 1 1 1 1 1 1 1 1 1 1 1 1 1 7 1 1 1 1 1 1 1 1 1 1 1 1 1 1 1 1 1 1 1 1 1 1 1 1 1 1 1 1 1 1 1 1 1 1 1 1 1 1 1 1 1 1 1 1 1 1 1 1 1 1 1 1 1 1 1 1 1 1 1 1 1 1 1 1 1 1 1 12 12 12 12 12 12 12 12 1 12 12 1 12 12 1 1 12 12 12 12 1 12 12 12 12 1 12 12 1 12 12 12 1 12 12 7 12 7 12 12 12 12 12 1 12 12 12 12 12 12 12 1 12 7 12 12 1 12 1 1 12 1 12 12 1 7 12 100 12 12 100 12 1 1 12 12 12 1 1 12 12 12 12 12 12 12 12 12 12 12 12 12 1 1 1 1 1 1 1 1 1 1 1 1 1 1 1 1 1 1 1 1 1 1 1 1 1 1 1 1 1 1 1 1 1 1 1 1 1 1 1 1 1 1 1
staticfield java/nio/ByteBuffer $assertionsDisabled Z 1
instanceKlass java/nio/HeapByteBufferR
ciInstanceKlass java/nio/HeapByteBuffer 1 1 331 10 9 9 9 10 10 7 9 9 10 9 100 10 10 10 7 10 10 10 10 10 100 10 10 10 10 100 10 10 10 10 9 10 10 9 10 10 10 10 100 10 100 10 10 10 100 10 100 10 10 10 100 10 100 10 10 10 100 10 100 10 10 10 100 10 100 10 10 10 100 10 100 10 10 10 10 7 10 10 7 1 1 1 1 1 1 1 1 1 1 1 1 1 1 1 1 1 1 1 1 1 1 1 1 1 1 1 1 1 1 1 1 1 1 1 1 1 1 1 1 1 1 1 1 1 1 1 1 1 1 1 1 1 1 1 1 1 1 1 1 1 1 1 1 1 1 1 1 1 100 1 1 1 1 1 1 1 1 1 100 1 1 1 1 1 1 100 1 1 1 1 1 1 1 1 100 1 1 1 1 1 1 1 1 1 1 100 1 1 1 1 1 1 1 1 1 100 1 1 1 1 1 12 12 12 12 12 12 1 12 12 12 12 1 12 12 12 1 12 12 12 12 1 7 12 12 12 1 12 12 12 12 12 12 12 7 12 12 12 12 1 12 1 12 12 1 1 12 12 1 1 12 12 1 1 100 12 12 1 1 7 12 12 1 1 12 12 7 12 12 12 1 1 1 1 1 1 1 1 1 1 1 1 1 1 1 1 1 1 1 1 1 1 1 1 1 1 1 1 1 1 1 1 1 1 1 1 1 1 1 1 1 1 1 1 1 1 1 1 1 1 1 1 1 1 1 1 1 1 1
staticfield java/nio/HeapByteBuffer ARRAY_BASE_OFFSET J 16
staticfield java/nio/HeapByteBuffer ARRAY_INDEX_SCALE J 1
staticfield java/nio/HeapByteBuffer $assertionsDisabled Z 1
instanceKlass scala/StringContext$InvalidEscapeException
instanceKlass java/nio/file/InvalidPathException
instanceKlass org/sparkproject/jetty/util/Utf8Appendable$NotUtf8Exception
instanceKlass org/apache/spark/SparkIllegalArgumentException
instanceKlass org/apache/hadoop/HadoopIllegalArgumentException
instanceKlass java/util/IllegalFormatException
instanceKlass java/util/regex/PatternSyntaxException
instanceKlass java/lang/NumberFormatException
ciInstanceKlass java/lang/IllegalArgumentException 1 1 35 10 10 10 10 100 100 1 1 1 5 0 1 1 1 1 1 1 1 1 1 1 1 1 1 1 1 1 1 12 12 12 12 1 1
instanceKlass java/nio/file/AccessMode
instanceKlass org/sparkproject/guava/collect/AbstractIterator$State
instanceKlass org/sparkproject/guava/hash/Hashing$ChecksumType
instanceKlass net/jpountz/xxhash/XXHashJNI
instanceKlass net/jpountz/util/Native$OS
instanceKlass net/jpountz/lz4/LZ4JNI
instanceKlass net/jpountz/util/SafeUtils
instanceKlass net/jpountz/lz4/LZ4Utils
instanceKlass net/jpountz/util/Native
instanceKlass java/util/stream/MatchOps$MatchKind
instanceKlass org/sparkproject/guava/collect/Interners$WeakInterner$Dummy
instanceKlass org/apache/spark/status/api/v1/StageStatus
instanceKlass org/apache/spark/JobExecutionStatus
instanceKlass com/fasterxml/jackson/annotation/JsonFormat$Feature
instanceKlass com/fasterxml/jackson/databind/util/AccessPattern
instanceKlass com/fasterxml/jackson/databind/cfg/ConstructorDetector$SingleArgConstructor
instanceKlass com/fasterxml/jackson/core/JsonToken
instanceKlass com/fasterxml/jackson/core/StreamReadCapability
instanceKlass com/fasterxml/jackson/databind/annotation/JsonSerialize$Typing
instanceKlass com/fasterxml/jackson/annotation/JsonProperty$Access
instanceKlass com/fasterxml/jackson/annotation/JsonCreator$Mode
instanceKlass com/fasterxml/jackson/databind/AnnotationIntrospector$ReferenceProperty$Type
instanceKlass com/fasterxml/jackson/annotation/PropertyAccessor
instanceKlass com/fasterxml/jackson/core/StreamWriteCapability
instanceKlass org/antlr/v4/runtime/atn/PredictionMode
instanceKlass org/antlr/v4/runtime/CodePointBuffer$Type
instanceKlass org/antlr/v4/runtime/atn/LexerActionType
instanceKlass org/antlr/v4/runtime/atn/ATNDeserializer$UnicodeDeserializingMode
instanceKlass org/antlr/v4/runtime/atn/ATNType
instanceKlass org/codehaus/janino/UnitCompiler$SwitchKind
instanceKlass org/codehaus/janino/Access
instanceKlass org/codehaus/commons/compiler/util/iterator/Iterables$State
instanceKlass org/codehaus/janino/Java$Primitive
instanceKlass org/codehaus/janino/Parser$ClassDeclarationContext
instanceKlass org/codehaus/janino/Parser$MethodDeclarationContext
instanceKlass org/codehaus/janino/TokenType
instanceKlass org/codehaus/janino/JaninoOption
instanceKlass java/text/Normalizer$Form
instanceKlass sun/security/util/DisabledAlgorithmConstraints$Constraint$Operator
instanceKlass org/apache/hadoop/fs/GlobalStorageStatistics
instanceKlass org/apache/hadoop/fs/viewfs/ViewFileSystem$RenameStrategy
instanceKlass org/apache/hadoop/fs/XAttrSetFlag
instanceKlass org/apache/hadoop/fs/CreateFlag
instanceKlass javax/lang/model/SourceVersion
instanceKlass com/fasterxml/jackson/core/JsonParser$NumberType
instanceKlass com/fasterxml/jackson/databind/DeserializationFeature
instanceKlass com/fasterxml/jackson/databind/cfg/JsonNodeFeature
instanceKlass com/fasterxml/jackson/databind/cfg/EnumFeature
instanceKlass com/fasterxml/jackson/databind/SerializationFeature
instanceKlass com/fasterxml/jackson/databind/MapperFeature
instanceKlass com/fasterxml/jackson/annotation/JsonFormat$Shape
instanceKlass com/fasterxml/jackson/databind/cfg/CoercionInputShape
instanceKlass com/fasterxml/jackson/databind/cfg/CoercionAction
instanceKlass com/fasterxml/jackson/databind/type/LogicalType
instanceKlass com/fasterxml/jackson/annotation/JsonAutoDetect$Visibility
instanceKlass com/fasterxml/jackson/annotation/Nulls
instanceKlass com/fasterxml/jackson/annotation/JsonInclude$Include
instanceKlass com/fasterxml/jackson/core/JsonGenerator$Feature
instanceKlass com/fasterxml/jackson/core/JsonParser$Feature
instanceKlass com/fasterxml/jackson/core/JsonFactory$Feature
instanceKlass com/fasterxml/jackson/core/Base64Variant$PaddingReadBehaviour
instanceKlass com/fasterxml/jackson/databind/util/internal/PrivateMaxEntriesMap$DrainStatus
instanceKlass org/sparkproject/guava/cache/LocalCache$NullEntry
instanceKlass org/apache/spark/launcher/SparkAppHandle$State
instanceKlass java/util/Comparators$NaturalOrderComparator
instanceKlass org/sparkproject/jetty/http/pathmap/PathSpecGroup
instanceKlass org/sparkproject/jetty/http/MimeTypes$Type
instanceKlass javax/servlet/DispatcherType
instanceKlass org/sparkproject/jetty/util/thread/Invocable$InvocationType
instanceKlass org/sparkproject/jetty/util/thread/strategy/EatWhatYouKill$Mode
instanceKlass org/sparkproject/jetty/util/thread/strategy/EatWhatYouKill$State
instanceKlass org/sparkproject/jetty/http/HttpURI$Violation
instanceKlass org/sparkproject/jetty/http/HttpComplianceSection
instanceKlass org/sparkproject/jetty/http/HttpCompliance
instanceKlass org/sparkproject/jetty/server/MultiPartFormDataCompliance
instanceKlass org/sparkproject/jetty/http/CookieCompliance
instanceKlass org/sparkproject/jetty/http/HttpScheme
instanceKlass org/sparkproject/jetty/http/HttpStatus$Code
instanceKlass org/sparkproject/jetty/http/HttpMethod$Type
instanceKlass org/sparkproject/jetty/http/HttpMethod
instanceKlass org/sparkproject/jetty/http/HttpHeaderValue
instanceKlass org/sparkproject/jetty/http/HttpVersion
instanceKlass org/sparkproject/jetty/http/HttpHeader
instanceKlass org/sparkproject/jetty/servlet/Source$Origin
instanceKlass org/sparkproject/jetty/util/component/ContainerLifeCycle$Managed
instanceKlass org/sparkproject/jetty/server/handler/ContextHandler$Availability
instanceKlass org/sparkproject/jetty/server/handler/ContextHandler$ContextStatus
instanceKlass java/time/format/TextStyle
instanceKlass java/time/format/DateTimeFormatterBuilder$SettingsParser
instanceKlass java/time/format/ResolverStyle
instanceKlass java/time/format/SignStyle
instanceKlass java/time/temporal/JulianFields$Field
instanceKlass java/time/temporal/IsoFields$Unit
instanceKlass java/time/temporal/IsoFields$Field
instanceKlass java/time/temporal/ChronoField
instanceKlass jdk/internal/math/FormattedFloatingDecimal$Form
instanceKlass org/apache/hadoop/conf/Configuration$ParsedTimeDuration
instanceKlass org/sparkproject/guava/cache/LocalCache$EntryFactory
instanceKlass org/sparkproject/guava/cache/CacheBuilder$NullListener
instanceKlass org/sparkproject/guava/cache/CacheBuilder$OneWeigher
instanceKlass org/sparkproject/guava/cache/LocalCache$Strength
instanceKlass org/apache/spark/memory/MemoryMode
instanceKlass org/apache/commons/collections4/map/AbstractReferenceMap$ReferenceStrength
instanceKlass io/netty/channel/socket/InternetProtocolFamily
instanceKlass io/netty/util/ResourceLeakDetector$Level
instanceKlass java/net/StandardProtocolFamily
instanceKlass java/security/DrbgParameters$Capability
instanceKlass sun/security/util/KnownOIDs
instanceKlass org/apache/spark/network/util/IOMode
instanceKlass org/apache/hadoop/thirdparty/com/google/common/cache/LocalCache$EntryFactory
instanceKlass org/apache/hadoop/thirdparty/com/google/common/cache/CacheBuilder$NullListener
instanceKlass org/apache/hadoop/thirdparty/com/google/common/cache/CacheBuilder$OneWeigher
instanceKlass org/apache/hadoop/thirdparty/com/google/common/cache/LocalCache$Strength
instanceKlass org/apache/hadoop/security/SaslRpcServer$AuthMethod
instanceKlass org/apache/hadoop/util/Shell$OSType
instanceKlass org/apache/hadoop/thirdparty/com/google/common/collect/MapMakerInternalMap$Strength
instanceKlass org/apache/hadoop/metrics2/annotation/Metric$Type
instanceKlass org/apache/hadoop/metrics2/lib/Interns$Tags
instanceKlass org/apache/hadoop/metrics2/impl/MsInfo
instanceKlass org/apache/hadoop/security/UserGroupInformation$AuthenticationMethod
instanceKlass org/apache/hadoop/security/UserGroupInformation$LoginParam
instanceKlass org/apache/hadoop/metrics2/lib/DefaultMetricsFactory
instanceKlass org/apache/hadoop/metrics2/lib/Interns$Info
instanceKlass org/apache/hadoop/metrics2/lib/DefaultMetricsSystem
instanceKlass org/apache/logging/log4j/core/async/ThreadNameCachingStrategy
instanceKlass org/apache/logging/log4j/core/config/LoggerConfig$LoggerConfigPredicate
instanceKlass org/apache/logging/log4j/core/config/status/StatusConfiguration$Verbosity
instanceKlass sun/util/logging/PlatformLogger$Level
instanceKlass org/apache/spark/network/shuffledb/DBBackend
instanceKlass java/time/temporal/ChronoUnit
instanceKlass com/sun/management/VMOption$Origin
instanceKlass java/lang/management/MemoryType
instanceKlass java/lang/annotation/ElementType
instanceKlass java/lang/Thread$State
instanceKlass java/lang/System$Logger$Level
instanceKlass org/apache/logging/log4j/core/appender/ConsoleAppender$Target
instanceKlass org/apache/logging/log4j/core/pattern/NameAbbreviator$MaxElementAbbreviator$Strategy
instanceKlass sun/util/locale/provider/LocaleProviderAdapter$Type
instanceKlass java/util/Locale$Category
instanceKlass org/apache/logging/log4j/core/util/datetime/FixedDateFormat$FixedTimeZoneFormat
instanceKlass org/apache/logging/log4j/core/util/datetime/FixedDateFormat$FixedFormat
instanceKlass org/apache/logging/log4j/core/pattern/PatternParser$ParserState
instanceKlass java/lang/annotation/RetentionPolicy
instanceKlass java/io/ObjectInputFilter$Status
instanceKlass java/lang/StackStreamFactory$WalkerState
instanceKlass java/lang/StackWalker$ExtendedOption
instanceKlass java/lang/StackWalker$Option
instanceKlass org/apache/logging/log4j/core/LifeCycle$State
instanceKlass org/apache/logging/log4j/spi/StandardLevel
instanceKlass java/lang/invoke/MethodHandleImpl$ArrayAccess
instanceKlass org/apache/spark/network/util/ByteUnit
instanceKlass org/apache/commons/lang3/JavaVersion
instanceKlass java/util/regex/Pattern$Qtype
instanceKlass org/sparkproject/guava/collect/GenericMapMaker$NullListener
instanceKlass org/sparkproject/guava/collect/MapMakerInternalMap$EntryFactory
instanceKlass jdk/internal/logger/BootstrapLogger$LoggingBackend
instanceKlass java/lang/invoke/StringConcatFactory$Mode
instanceKlass java/lang/invoke/StringConcatFactory$Strategy
instanceKlass org/sparkproject/guava/collect/MapMakerInternalMap$Strength
instanceKlass java/math/RoundingMode
instanceKlass java/net/Proxy$Type
instanceKlass java/lang/invoke/VarHandle$AccessMode
instanceKlass java/lang/invoke/VarHandle$AccessType
instanceKlass java/util/concurrent/TimeUnit
instanceKlass java/nio/file/LinkOption
instanceKlass sun/nio/fs/WindowsPathType
instanceKlass java/nio/file/StandardOpenOption
instanceKlass jdk/internal/module/IllegalAccessLogger$Mode
instanceKlass java/util/stream/Collector$Characteristics
instanceKlass java/util/stream/StreamShape
instanceKlass java/lang/invoke/MethodHandleImpl$Intrinsic
instanceKlass java/lang/invoke/LambdaForm$BasicType
instanceKlass java/lang/invoke/LambdaForm$Kind
instanceKlass sun/invoke/util/Wrapper
instanceKlass java/util/stream/StreamOpFlag$Type
instanceKlass java/util/stream/StreamOpFlag
instanceKlass java/io/File$PathStatus
instanceKlass java/lang/module/ModuleDescriptor$Requires$Modifier
instanceKlass java/lang/module/ModuleDescriptor$Modifier
ciInstanceKlass java/lang/Enum 1 1 140 9 9 10 10 7 10 10 10 100 10 10 7 10 11 100 8 10 100 100 10 8 10 10 8 10 10 100 8 10 10 7 100 100 1 1 1 1 1 1 1 1 1 1 1 1 1 1 1 1 1 1 1 1 1 1 1 1 1 1 1 1 1 1 1 1 1 1 1 1 1 1 1 7 1 1 1 1 1 1 1 1 1 1 1 1 1 1 7 7 1 7 1 1 1 1 12 12 12 12 1 12 12 1 12 1 12 7 12 1 1 12 1 1 1 12 12 1 12 1 1 12 1 1 1 1 1 1 1 1 1 1 1 1 1 1 1 1 1 1
instanceKlass java/net/SocketPermission
instanceKlass java/io/FilePermission
instanceKlass java/security/UnresolvedPermission
instanceKlass java/security/AllPermission
instanceKlass java/security/BasicPermission
ciInstanceKlass java/security/Permission 1 1 96 10 9 10 10 10 10 100 10 8 10 10 10 8 8 10 7 7 100 100 1 1 1 5 0 1 1 1 1 1 1 1 1 1 1 1 1 1 1 1 1 100 1 100 1 1 1 1 1 1 1 1 1 1 1 1 1 100 1 1 12 12 100 12 12 12 12 1 1 12 12 100 12 1 1 12 1 1 1 1 1 1 1 1 1 1 1 1 1 1 1 1 1 1 1 1
ciInstanceKlass java/lang/InternalError 1 1 34 10 10 10 10 100 7 1 1 1 5 0 1 1 1 1 1 1 1 1 1 1 1 1 1 1 1 1 12 12 12 12 1 1
ciInstanceKlass java/lang/RuntimePermission 1 1 27 10 10 100 7 1 1 1 5 0 1 1 1 1 1 1 1 1 1 1 1 1 1 12 12 1 1
instanceKlass java/nio/channels/WritePendingException
instanceKlass java/nio/channels/ClosedSelectorException
instanceKlass io/netty/util/IllegalReferenceCountException
instanceKlass java/nio/channels/ConnectionPendingException
instanceKlass java/nio/channels/NotYetConnectedException
instanceKlass java/nio/channels/CancelledKeyException
instanceKlass io/netty/util/concurrent/BlockingOperationException
instanceKlass java/util/concurrent/CancellationException
instanceKlass org/apache/spark/rpc/RpcEnvStoppedException
ciInstanceKlass java/lang/IllegalStateException 1 1 35 10 10 10 10 100 7 1 1 1 5 0 1 1 1 1 1 1 1 1 1 1 1 1 1 1 1 1 1 12 12 12 12 1 1
instanceKlass java/lang/ArrayIndexOutOfBoundsException
ciInstanceKlass java/lang/IndexOutOfBoundsException 0 0 45 10 10 100 10 8 10 10 10 100 100 1 1 1 5 0 1 1 1 1 1 1 1 1 1 1 1 1 1 1 1 12 12 1 1 12 12 12 1 1 1 1 1 1 1
ciInstanceKlass java/lang/AssertionError 0 0 79 10 10 10 10 100 10 10 10 10 10 10 10 10 100 100 1 1 1 5 0 1 1 1 1 1 1 1 1 1 1 1 1 1 100 1 1 1 1 1 1 1 1 1 1 1 1 1 1 1 1 1 12 12 100 12 1 12 12 12 12 12 12 12 12 1 1 1 1 1 1 1 1 1 1 1 1 1 1
instanceKlass java/io/UTFDataFormatException
instanceKlass org/apache/hadoop/ipc/RemoteException
instanceKlass org/apache/hadoop/fs/UnresolvedLinkException
instanceKlass org/apache/hadoop/ipc/RpcException
instanceKlass org/apache/hadoop/fs/FileAlreadyExistsException
instanceKlass org/apache/hadoop/security/AccessControlException
instanceKlass org/apache/hadoop/fs/UnsupportedFileSystemException
instanceKlass org/apache/hadoop/fs/ParentNotDirectoryException
instanceKlass java/rmi/RemoteException
instanceKlass com/fasterxml/jackson/core/JacksonException
instanceKlass io/netty/channel/socket/ChannelOutputShutdownException
instanceKlass java/nio/channels/ClosedChannelException
instanceKlass org/apache/hadoop/mapred/FileAlreadyExistsException
instanceKlass org/apache/hadoop/mapred/InvalidJobConfException
instanceKlass org/apache/hadoop/security/ShellBasedUnixGroupsMapping$PartialGroupNameException
instanceKlass org/apache/hadoop/security/authentication/util/KerberosName$BadFormatString
instanceKlass org/apache/hadoop/security/authentication/util/KerberosName$NoMatchingRule
instanceKlass org/apache/hadoop/util/Shell$ExitCodeException
instanceKlass java/io/InterruptedIOException
instanceKlass java/io/CharConversionException
instanceKlass org/apache/hadoop/security/KerberosAuthException
instanceKlass java/nio/charset/CharacterCodingException
instanceKlass java/net/ProtocolException
instanceKlass java/nio/file/FileSystemException
instanceKlass java/net/UnknownHostException
instanceKlass java/io/UnsupportedEncodingException
instanceKlass java/io/ObjectStreamException
instanceKlass java/io/EOFException
instanceKlass java/io/FileNotFoundException
instanceKlass java/net/MalformedURLException
instanceKlass java/net/SocketException
ciInstanceKlass java/io/IOException 1 1 34 10 10 10 10 100 7 1 1 1 5 0 1 1 1 1 1 1 1 1 1 1 1 1 1 1 1 1 12 12 12 12 1 1
instanceKlass org/apache/spark/serializer/JavaDeserializationStream$$anon$1
instanceKlass org/apache/logging/log4j/util/FilteredObjectInputStream
instanceKlass org/apache/spark/util/SparkSerDeUtils$$anon$1
ciInstanceKlass java/io/ObjectInputStream 1 1 1317 10 7 9 9 10 7 10 9 7 10 9 7 10 9 10 10 11 100 9 9 10 10 10 9 10 7 10 7 7 100 10 10 100 8 10 10 10 10 9 10 10 9 10 9 7 8 10 10 10 10 10 10 10 10 100 10 10 8 10 10 10 10 9 11 7 10 100 10 100 8 10 10 100 10 9 9 10 100 100 8 10 10 10 7 10 10 10 100 10 100 10 10 10 10 10 10 10 10 10 10 10 10 10 10 10 10 10 9 9 9 8 10 9 8 8 10 100 10 11 100 9 9 9 9 8 10 10 8 10 11 7 10 10 9 10 9 9 9 9 9 9 10 9 10 9 10 100 100 10 8 10 10 10 10 10 10 8 10 100 10 10 9 9 10 100 10 11 7 10 11 10 100 10 10 10 10 10 10 100 10 10 10 10 10 10 10 100 8 10 10 10 10 10 8 10 8 10 8 10 8 10 100 8 10 10 8 8 8 10 10 10 10 100 10 3 10 8 7 8 10 10 9 8 10 10 10 10 10 10 10 10 3 8 10 8 9 8 10 10 8 10 10 8 10 10 100 8 10 10 10 10 8 7 10 10 10 10 10 10 10 10 10 10 9 7 10 9 7 9 7 10 9 100 10 9 100 10 9 100 10 9 100 10 9 100 10 7 10 8 10 8 8 10 10 8 10 10 100 10 8 10 10 7 10 10 10 10 10 10 10 11 10 9 10 10 7 9 7 10 10 10 100 10 10 10 10 10 10 10 10 10 10 9 10 9 10 10 8 10 10 9 10 10 10 10 10 10 10 10 10 10 10 10 8 8 8 8 8 8 8 8 8 9 11 10 18 10 18 10 7 100 1 1 1 100 1 1 1 1 1 100 1 100 1 100 1 1 1 1 3 1 1 1 1 1 1 1 1 1 1 1 1 1 1 1 1 1 1 1 1 1 1 1 1 1 1 1 1 1 1 1 1 1 1 1 1 1 1 1 1 1 1 100 100 1 1 1 1 1 1 1 1 1 1 1 1 1 1 100 1 1 1 1 1 1 1 1 1 1 1 1 1 1 1 1 1 1 1 1 1 1 1 1 1 1 1 1 1 1 1 1 1 1 1 1 1 1 1 1 100 100 100 1 1 1 1 1 1 1 1 1 1 1 1 1 1 1 1 1 1 1 1 1 1 1 1 1 1 1 1 1 1 1 1 1 1 1 1 1 1 1 1 1 1 1 1 1 1 1 1 1 1 1 1 1 1 1 1 1 1 1 1 1 1 1 1 100 1 1 1 1 100 100 1 1 1 1 1 1 1 1 1 1 1 1 1 1 1 1 1 1 1 1 1 1 1 1 1 1 1 1 1 1 1 1 1 1 1 1 1 1 1 1 1 1 1 1 1 1 1 1 1 1 1 1 1 1 1 1 1 1 1 1 1 1 1 1 100 1 1 1 1 1 1 1 1 1 1 1 1 1 1 1 1 7 1 1 1 1 1 100 100 1 1 1 1 1 1 1 1 1 1 1 1 1 100 1 1 1 1 1 1 1 1 1 1 1 1 1 1 1 1 1 1 1 1 1 100 100 100 12 1 12 12 12 1 12 12 1 12 12 1 12 7 12 12 7 12 1 12 12 12 12 7 12 12 12 1 12 1 1 1 12 12 1 1 12 12 12 12 12 12 12 12 12 12 1 1 12 12 12 12 12 12 12 12 1 12 12 1 12 12 12 12 12 7 12 1 12 1 12 1 1 100 12 1 12 12 12 12 1 1 1 7 12 12 1 12 12 1 1 12 12 12 12 12 12 12 12 12 12 12 12 12 12 12 12 12 12 12 1 12 1 1 12 1 12 12 1 12 12 12 12 1 7 12 7 12 1 100 12 12 1 12 12 12 12 12 12 12 12 12 12 12 12 12 1 1 1 12 12 12 12 12 1 1 12 12 12 12 1 12 100 1 12 12 12 1 12 100 12 12 12 1 12 12 12 12 12 12 1 1 12 12 12 12 1 12 1 12 1 12 1 12 1 1 12 12 1 1 1 7 12 12 7 12 12 1 12 1 1 1 12 12 1 12 12 12 12 12 12 12 12 1 12 1 12 1 100 12 12 1 12 1 12 7 12 1 1 12 12 12 1 1 12 12 12 12 12 12 12 12 12 12 12 1 12 1 12 7 1 12 7 1 12 1 12 7 1 12 1 12 12 1 12 1 1 12 1 12 12 1 1 12 12 1 12 12 12 12 12 12 12 12 12 12 12 12 1 12 1 12 12 12 1 12 12 12 12 12 12 7 12 12 12 12 12 12 12 12 1 12 100 12 7 12 100 12 100 100 100 100 100 100 100 100 1 1 1 1 1 1 1 1 1 7 12 12 1 15 16 15 12 7 12 16 15 12 12 1 1 1 1 1 1 1 1 1 1 1 1 1 1 1 1 1 1 1 1 1 1 1 1 1 1 1 1 1 1 1 1 1 1 1 1 1 1 1 1 1 1 1 1 1 1 1 1 1 1 1 1 1 1 1 1 1 1 1 1 1 1 1 1 1 1 1 1 1 1 1 1 1 1 1 1 1 1 1 1 100 1 1 1 1 1 1 1 1 1 1 1 1 1 1 1 1 1 1 1 1 1 1 1 1 1 1 1 1 1 1 1 1 1 1 1 1 1 1 1 1 1 1 1 1 1 1 1 1 1 1 1 1 1 1 1 1 1 1 1 1 1 1 1 1 1 1 1 1 1 1 1 1 1 1 1 1 1 1 1 1 1 1 1 1 1 1 1 1 1 1 1 1 1 1 1 1 1 1 1 1 1 1 1 1 1 1 1 1 1 1 1 1 1 1 1 1 1 1 1 1 1 1 1 1 1 1 1 1 1 1 1 1 1 1 1 1 1 1 1 1 1 1 1 1 1 1 1 1 1 1 1 1 1 1 1 1 1 1 1 1 1 10 1 10 1 1 1 1 1 10 1 1 1 1 7 12 12 12 1 1 100 1 1 100 1 1
staticfield java/io/ObjectInputStream unsharedMarker Ljava/lang/Object; java/lang/Object
staticfield java/io/ObjectInputStream primClasses Ljava/util/Map; java/util/ImmutableCollections$MapN
staticfield java/io/ObjectInputStream UNSAFE Ljdk/internal/misc/Unsafe; jdk/internal/misc/Unsafe
instanceKlass org/apache/hadoop/io/DataInputBuffer
instanceKlass org/apache/hadoop/fs/FSDataInputStream
ciInstanceKlass java/io/DataInputStream 1 1 184 10 9 9 9 9 10 10 100 10 7 10 10 10 10 10 10 10 9 100 10 10 10 10 10 11 7 11 100 8 10 100 10 8 10 10 10 7 10 7 7 1 1 1 1 1 1 1 1 1 1 1 1 1 1 1 1 1 1 1 100 1 1 1 1 1 1 1 1 1 1 1 1 1 1 1 1 1 1 1 1 1 1 1 1 1 1 1 1 1 1 1 1 1 1 1 1 1 1 1 1 1 1 1 1 100 1 1 1 1 1 1 1 1 1 1 1 100 1 1 12 12 12 12 12 7 12 12 1 12 1 12 12 12 100 12 12 7 12 12 1 12 100 12 12 12 12 1 1 1 12 1 1 12 12 12 1 12 1 1 1 1 1 1 1 1 1 1 1 1 1 1 1 1 1 1 1 1 1 1 1 1 1 1
ciInstanceKlass scala/collection/Iterator 1 1 783 1 7 1 1 100 1 100 1 1 1 1 1 100 1 7 1 1 7 1 7 1 7 1 7 1 100 1 7 1 100 1 100 1 100 1 100 1 7 1 100 1 100 1 100 1 100 1 100 1 100 1 100 1 7 1 1 7 1 1 7 1 1 100 1 1 100 1 1 100 1 1 7 1 1 100 1 1 7 1 100 1 1 7 1 1 1 1 1 1 100 1 1 12 9 1 1 12 10 1 1 1 1 1 12 10 1 1 12 10 1 1 1 1 1 12 10 1 1 1 1 12 10 12 10 1 1 1 1 12 10 1 1 1 1 1 12 10 1 1 1 1 12 10 1 1 1 12 10 1 1 1 12 10 1 1 1 12 10 1 1 1 1 12 11 1 1 1 1 1 1 1 1 1 1 1 12 11 12 11 1 1 12 11 1 1 12 11 1 1 1 1 12 11 1 1 1 7 1 12 9 1 7 1 12 9 1 1 12 10 1 12 11 1 1 12 11 12 11 1 1 1 1 1 12 11 1 1 1 12 10 1 1 1 1 1 1 12 11 1 1 1 12 10 1 1 1 1 12 11 1 1 1 12 10 10 1 1 12 11 1 10 1 1 1 12 11 1 10 1 1 1 1 12 11 1 1 1 1 100 1 12 11 1 100 1 12 11 1 7 1 1 12 10 1 1 1 12 11 1 1 12 11 1 16 1 1 12 11 15 3 3 1 7 1 7 1 1 12 10 15 1 12 18 1 1 1 1 1 12 11 1 1 1 12 10 1 1 1 1 1 1 12 11 1 1 1 12 10 1 1 12 11 1 1 1 12 11 1 100 1 12 9 1 1 12 10 1 100 1 12 11 1 100 1 12 11 1 1 12 11 10 1 1 1 1 12 11 1 1 1 12 11 1 12 10 1 12 11 15 18 1 1 12 10 1 100 1 12 10 1 1 1 1 1 1 1 12 11 10 1 12 10 1 1 1 1 1 1 12 11 10 1 1 1 12 11 1 1 12 10 1 1 1 1 12 11 1 1 12 10 1 1 12 11 1 10 1 1 1 1 1 1 12 11 1 1 12 10 1 1 1 12 11 1 1 7 12 11 1 1 1 1 12 11 1 1 1 1 1 12 11 1 1 1 12 11 1 12 11 15 1 12 18 1 1 1 1 12 11 1 1 7 1 12 10 1 7 1 12 9 1 1 1 1 1 12 11 1 1 12 11 1 1 1 1 1 1 1 12 11 1 1 12 11 1 1 1 1 12 10 1 1 1 10 1 1 1 1 1 12 11 1 1 12 10 1 1 1 1 12 11 1 1 1 1 1 12 11 1 1 1 12 11 12 11 1 1 1 1 12 11 1 1 100 1 12 10 1 100 1 1 12 10 1 12 10 1 1 1 1 1 1 1 1 1 1 12 11 1 1 12 10 1 1 1 1 1 12 11 1 1 100 1 12 9 1 100 1 12 9 1 12 10 1 12 10 1 1 12 10 1 1 1 12 11 1 1 1 1 1 12 11 1 1 1 12 11 1 11 1 1 1 1 12 9 16 1 12 11 15 16 3 1 12 18 1 12 10 1 7 1 12 9 12 10 1 1 1 100 1 1 1 1 12 11 1 8 1 1 1 1 1 1 1 1 1 1 1 12 11 1 1 12 10 12 11 12 11 1 1 1 100 1 1 12 10 15 1 12 18 1 1 1 1 1 1 1 1 1 1 1 1 1 100 1 8 1 1 12 10 1 1 1 8 1 1 1 8 1 1 1 8 1 1 1 8 1 1 1 8 1 1
ciInstanceKlass scala/math/package$ 1 1 179 1 7 1 7 1 1 1 1 1 1 12 10 1 1 6 0 1 1 6 0 1 1 7 12 10 1 1 1 12 10 1 1 12 10 1 12 10 1 12 10 1 12 10 1 12 10 1 12 10 1 12 10 1 1 1 12 10 1 12 10 1 12 10 1 12 10 1 12 10 1 1 1 1 12 10 1 1 12 10 1 1 12 10 1 12 10 1 12 10 12 10 1 1 12 10 1 12 10 1 12 10 12 10 1 12 10 12 10 12 10 12 10 1 1 7 12 10 1 100 1 12 10 12 10 12 10 1 12 10 1 12 10 1 12 10 1 12 10 1 12 10 1 12 10 1 12 10 1 12 10 1 12 10 1 12 10 1 12 10 1 12 10 12 10 1 12 10 10 12 9 1 1 1 1 1 1 1 1
ciInstanceKlass java/lang/System$Logger 1 1 78 100 100 11 10 100 11 11 100 10 11 100 100 1 1 1 1 1 1 1 1 1 1 1 1 1 1 1 1 1 1 1 1 1 1 1 1 1 1 1 1 1 1 1 1 1 1 1 1 1 1 1 1 1 1 1 100 1 12 100 12 1 12 100 12 1 12 12 1 1 1 1 1 1 1 1 1 1
ciInstanceKlass sun/reflect/misc/ReflectUtil 1 1 269 10 10 10 10 10 10 11 10 11 10 10 9 10 10 10 10 10 10 10 10 10 8 10 10 10 10 10 10 100 10 10 10 10 10 10 100 8 100 8 10 10 10 8 10 100 10 8 10 8 8 10 100 10 8 10 10 10 10 10 1 1 1 1 1 1 1 1 1 1 1 1 1 1 100 1 1 1 1 1 1 1 1 1 1 1 1 1 1 7 100 1 1 1 1 1 1 1 1 100 1 1 1 1 1 1 1 1 7 1 1 1 1 1 1 1 1 1 1 1 1 1 1 1 1 100 1 1 1 1 1 1 100 1 1 1 1 1 1 1 1 1 1 1 1 1 1 1 1 1 1 1 1 12 12 12 12 7 12 7 12 100 12 12 12 100 12 100 12 12 12 12 12 12 12 12 12 1 12 12 12 12 12 12 1 12 12 100 12 12 12 12 1 1 1 1 12 100 12 1 1 12 1 12 1 1 12 1 1 12 12 12 12 1 1 1 1 1 1 1 1 1 1 1 1 1 1 1 1 1 1 1 1 1 1 1 1 1 1 1 1 1 1 1 1 1 1 1 1 1 1 1 1 1 1 1 1 1 1 1 1 1 1 1 1 1 1 1 1
ciInstanceKlass java/io/EOFException 1 1 26 10 10 100 7 1 1 1 5 0 1 1 1 1 1 1 1 1 1 1 1 1 12 12 1 1
ciInstanceKlass java/io/StreamCorruptedException 0 0 26 10 10 100 100 1 1 1 5 0 1 1 1 1 1 1 1 1 1 1 1 1 12 12 1 1
ciInstanceKlass java/io/InvalidObjectException 0 0 23 10 100 100 1 1 1 5 0 1 1 1 1 1 1 1 1 1 1 1 12 1 1
ciInstanceKlass java/io/ObjectInputFilter 1 0 28 100 100 7 1 1 100 1 100 1 1 1 1 1 1 1 1 7 100 1 1 1 1 1 1 1 1 1
ciInstanceKlass java/io/ObjectInputFilter$Status 0 0 57 9 10 100 100 10 10 8 10 9 8 9 8 9 100 1 1 1 1 1 1 1 1 1 1 1 1 1 1 1 1 1 1 1 1 1 1 1 1 1 1 1 100 12 100 12 1 12 12 12 12 12 1 1 1 1 1
ciInstanceKlass sun/security/util/SecurityConstants 1 1 211 10 7 10 9 7 8 10 9 8 9 8 9 8 9 8 9 8 9 8 9 8 9 7 8 10 9 8 9 8 9 8 9 8 9 8 9 8 9 8 9 8 9 7 8 10 9 8 9 8 9 7 8 7 8 10 9 8 10 9 7 8 10 9 8 9 100 1 1 1 8 1 8 1 8 1 8 1 8 1 8 1 8 1 1 8 1 8 1 8 1 1 1 1 1 1 1 1 1 1 1 1 1 1 1 1 1 1 1 1 1 1 1 1 1 1 1 1 1 1 1 1 1 1 1 1 1 1 1 1 1 1 1 12 1 12 1 1 12 12 1 12 1 12 1 12 1 12 1 12 1 12 1 12 1 1 12 1 12 1 12 1 12 1 12 1 12 1 12 1 12 1 12 1 1 12 1 12 1 12 1 1 1 1 12 12 1 7 12 12 1 1 12 1 12 1 1 1 1 1 1 1 1 1 1 1 1 1 1 1 1
staticfield sun/security/util/SecurityConstants ALL_PERMISSION Ljava/security/AllPermission; java/security/AllPermission
staticfield sun/security/util/SecurityConstants SPECIFY_HANDLER_PERMISSION Ljava/net/NetPermission; java/net/NetPermission
staticfield sun/security/util/SecurityConstants SET_PROXYSELECTOR_PERMISSION Ljava/net/NetPermission; java/net/NetPermission
staticfield sun/security/util/SecurityConstants GET_PROXYSELECTOR_PERMISSION Ljava/net/NetPermission; java/net/NetPermission
staticfield sun/security/util/SecurityConstants SET_COOKIEHANDLER_PERMISSION Ljava/net/NetPermission; java/net/NetPermission
staticfield sun/security/util/SecurityConstants GET_COOKIEHANDLER_PERMISSION Ljava/net/NetPermission; java/net/NetPermission
staticfield sun/security/util/SecurityConstants SET_RESPONSECACHE_PERMISSION Ljava/net/NetPermission; java/net/NetPermission
staticfield sun/security/util/SecurityConstants GET_RESPONSECACHE_PERMISSION Ljava/net/NetPermission; java/net/NetPermission
staticfield sun/security/util/SecurityConstants SET_SOCKETIMPL_PERMISSION Ljava/net/NetPermission; java/net/NetPermission
staticfield sun/security/util/SecurityConstants CREATE_CLASSLOADER_PERMISSION Ljava/lang/RuntimePermission; java/lang/RuntimePermission
staticfield sun/security/util/SecurityConstants CHECK_MEMBER_ACCESS_PERMISSION Ljava/lang/RuntimePermission; java/lang/RuntimePermission
staticfield sun/security/util/SecurityConstants MODIFY_THREAD_PERMISSION Ljava/lang/RuntimePermission; java/lang/RuntimePermission
staticfield sun/security/util/SecurityConstants MODIFY_THREADGROUP_PERMISSION Ljava/lang/RuntimePermission; java/lang/RuntimePermission
staticfield sun/security/util/SecurityConstants GET_PD_PERMISSION Ljava/lang/RuntimePermission; java/lang/RuntimePermission
staticfield sun/security/util/SecurityConstants GET_CLASSLOADER_PERMISSION Ljava/lang/RuntimePermission; java/lang/RuntimePermission
staticfield sun/security/util/SecurityConstants STOP_THREAD_PERMISSION Ljava/lang/RuntimePermission; java/lang/RuntimePermission
staticfield sun/security/util/SecurityConstants GET_STACK_TRACE_PERMISSION Ljava/lang/RuntimePermission; java/lang/RuntimePermission
staticfield sun/security/util/SecurityConstants SUBCLASS_IMPLEMENTATION_PERMISSION Ljava/lang/RuntimePermission; java/lang/RuntimePermission
staticfield sun/security/util/SecurityConstants CREATE_ACC_PERMISSION Ljava/security/SecurityPermission; java/security/SecurityPermission
staticfield sun/security/util/SecurityConstants GET_COMBINER_PERMISSION Ljava/security/SecurityPermission; java/security/SecurityPermission
staticfield sun/security/util/SecurityConstants GET_POLICY_PERMISSION Ljava/security/SecurityPermission; java/security/SecurityPermission
staticfield sun/security/util/SecurityConstants LOCAL_LISTEN_PERMISSION Ljava/net/SocketPermission; java/net/SocketPermission
staticfield sun/security/util/SecurityConstants PROVIDER_VER Ljava/lang/String; "11"staticfield sun/security/util/SecurityConstants ACCESS_PERMISSION Ljava/lang/reflect/ReflectPermission; java/lang/reflect/ReflectPermission
staticfield sun/security/util/SecurityConstants REFLECTION_FACTORY_ACCESS_PERMISSION Ljava/lang/RuntimePermission; java/lang/RuntimePermission
ciInstanceKlass org/apache/spark/util/LongAccumulator 1 1 139 1 7 1 1 7 1 1 1 1 1 1 1 1 12 9 1 1 1 1 1 12 9 1 1 1 12 10 12 10 1 1 1 1 12 10 12 10 12 10 1 1 1 1 1 1 7 1 1 12 9 1 1 12 10 1 1 1 1 1 1 1 1 1 12 10 12 10 1 7 1 1 12 9 1 100 1 100 3 1 12 10 1 8 1 1 12 10 1 1 12 10 1 100 1 1 12 10 1 8 10 1 12 10 1 12 10 1 1 1 1 1 1 1 12 10 1 12 10 1 1 100 12 10 1 1 12 10 10 1 1 1 1 1 1 1 1 1 1
ciInstanceKlass org/apache/spark/util/ByteBufferInputStream 1 1 86 1 7 1 7 1 1 1 1 1 1 1 12 9 1 1 1 1 1 1 1 12 10 1 7 1 12 10 1 1 12 10 1 1 12 10 1 1 1 12 10 1 1 1 1 7 1 1 12 9 1 1 12 10 1 12 10 1 1 1 1 1 12 10 1 12 10 1 12 10 1 1 12 10 1 12 10 1 1 1 1 1 1 1 1 1
instanceKlass org/apache/spark/sql/execution/UnsafeRowSerializerInstance$$anon$2
instanceKlass org/apache/spark/serializer/JavaDeserializationStream
ciInstanceKlass org/apache/spark/serializer/DeserializationStream 1 1 53 1 100 1 7 1 100 1 1 1 1 1 1 7 1 100 1 1 1 1 1 1 12 10 1 1 1 1 1 1 1 1 1 1 1 1 12 10 1 1 10 12 10 1 1 1 1 1 1 1 1 1 1
ciInstanceKlass org/apache/spark/serializer/JavaDeserializationStream 1 1 72 1 7 1 7 1 1 1 1 1 7 1 1 1 1 1 1 1 1 1 1 100 1 1 12 9 12 10 1 12 9 1 1 1 1 1 1 12 10 1 7 1 12 10 1 1 1 12 10 1 1 1 1 12 9 12 9 12 10 1 12 10 1 1 1 1 1 1 1 1 1 1
ciInstanceKlass java/io/InvalidClassException 0 0 47 10 9 10 100 10 10 8 10 100 100 1 1 1 5 0 1 1 1 1 1 1 1 1 1 1 1 1 1 1 1 1 1 12 12 12 1 12 12 1 12 1 1 1 1 1 1
ciInstanceKlass org/apache/spark/executor/ShuffleWriteMetrics 1 1 73 1 7 1 7 1 100 1 100 1 1 1 1 1 1 1 1 1 1 12 9 1 1 12 9 12 9 1 1 12 10 1 7 1 12 10 1 12 10 1 12 10 1 1 1 1 12 10 1 1 1 1 12 10 1 12 10 1 12 10 1 1 12 10 10 1 1 1 1 1 1 1 1
ciInstanceKlass java/io/Bits 1 1 87 10 10 10 5 0 10 10 10 10 10 10 7 100 1 1 1 1 1 1 1 1 1 1 1 1 1 1 1 1 1 1 1 1 1 1 1 1 1 1 1 1 1 1 100 1 1 1 1 1 1 1 1 1 1 1 1 1 1 1 1 1 1 1 12 12 100 12 12 7 12 12 12 12 12 1 1 1 1 1 1 1 1 1 1 1 1
ciInstanceKlass java/io/ObjectStreamClass 1 1 1138 10 9 9 7 10 10 7 10 9 10 10 10 10 10 10 10 10 7 10 10 8 10 10 8 10 7 10 9 10 7 10 9 10 10 9 7 9 9 7 9 10 9 9 7 10 10 9 9 10 9 100 100 10 9 7 8 10 9 8 10 8 9 9 100 10 10 100 10 10 10 7 10 11 11 10 11 100 8 10 9 9 9 9 8 8 8 10 8 8 10 10 8 8 8 8 9 9 9 9 9 9 10 10 10 10 100 8 8 10 10 8 10 7 10 7 10 10 100 8 10 100 10 10 10 10 10 10 10 10 10 10 10 8 10 8 10 9 10 7 10 7 10 10 10 18 10 100 10 11 100 10 100 100 100 100 10 10 100 10 10 10 10 100 100 100 9 10 7 10 10 10 8 10 7 10 10 10 10 10 10 7 10 10 10 10 10 10 10 8 10 10 10 100 10 10 10 100 7 9 10 10 10 10 10 10 10 10 10 10 10 10 100 8 10 10 10 10 10 10 8 10 10 10 10 7 11 8 10 10 10 100 10 10 8 10 7 10 7 10 10 10 10 10 10 7 10 7 10 10 9 11 9 9 10 8 8 10 10 7 10 8 10 10 7 10 10 8 10 10 10 10 100 100 10 10 7 9 7 7 10 11 7 10 10 11 8 10 10 10 11 10 9 7 10 7 10 100 1 1 1 1 1 1 1 7 1 1 1 1 1 1 5 0 1 1 1 1 1 1 1 1 1 1 1 1 1 1 1 1 1 1 1 1 1 1 1 1 1 1 1 1 1 1 1 1 1 1 1 1 1 1 1 1 1 1 1 1 1 1 1 1 1 1 1 1 1 1 1 1 1 1 1 1 1 1 1 1 1 1 1 1 1 1 1 1 1 1 1 1 1 1 1 1 1 1 1 7 1 1 1 1 1 1 1 1 1 1 1 1 1 1 7 100 1 1 1 1 1 1 1 1 1 1 1 1 1 1 1 1 1 1 1 1 1 1 1 1 7 1 1 1 1 1 1 1 1 1 1 1 1 1 1 1 1 1 1 1 1 1 1 1 1 1 1 1 1 1 1 1 1 1 1 1 1 1 1 1 1 1 1 1 1 1 1 1 100 100 100 1 1 1 1 1 1 7 1 1 1 1 1 1 1 1 1 1 1 1 1 1 1 1 1 1 1 1 1 1 1 1 1 1 1 1 1 1 1 1 1 1 1 1 1 1 1 1 1 1 1 1 1 1 1 1 1 1 1 1 1 1 7 1 1 1 1 1 1 1 1 1 1 1 1 1 1 1 1 1 1 1 1 1 1 1 1 1 1 1 1 1 1 1 1 1 1 1 1 1 1 1 1 1 100 1 1 1 1 1 1 1 1 1 1 1 1 1 1 1 1 1 1 1 1 1 1 1 1 1 1 1 1 100 100 100 100 7 100 1 1 1 1 1 1 1 1 1 1 1 1 1 1 1 1 1 1 1 1 1 1 1 1 1 1 1 1 1 1 1 100 1 1 1 100 1 1 1 1 100 7 12 12 12 1 12 7 12 1 12 12 12 7 12 100 12 12 100 12 12 12 12 1 12 12 1 12 12 1 12 1 12 12 7 12 1 12 12 7 12 12 1 12 12 1 12 12 12 12 1 12 12 12 12 12 12 1 1 12 12 1 1 12 12 1 12 1 12 12 1 100 12 1 12 12 12 1 12 12 12 12 1 12 12 12 12 12 1 1 1 12 1 1 12 1 1 1 1 12 12 12 12 12 12 12 12 12 12 1 1 1 12 12 1 12 1 12 1 12 12 1 1 12 1 12 12 12 12 12 12 12 12 12 12 1 1 12 12 100 12 12 1 12 12 100 12 1 15 16 15 12 12 1 12 12 1 12 1 1 1 1 1 12 12 12 1 1 12 12 1 12 12 1 1 12 12 7 12 12 12 12 12 12 12 12 1 12 12 12 12 12 1 1 12 12 12 12 12 12 12 12 12 12 12 1 1 12 12 12 7 12 12 7 12 1 1 12 12 1 12 12 12 1 1 12 12 12 12 1 12 1 12 12 7 12 12 12 12 1 12 12 1 12 1 12 12 12 7 12 1 1 12 1 12 1 1 12 1 12 12 1 12 12 100 12 100 12 12 1 1 1 12 1 1 1 1 1 1 1 1 1 1 1 1 1 1 1 1 1 1 1 1 1 1 1 1 1 1 1 1 1 1 1 1 1 1 1 1 1 1 1 1 1 1 1 1 1 1 1 1 1 1 1 1 1 1 1 1 1 1 1 1 1 1 1 1 1 1 1 1 1 1 1 1 1 1 1 1 1 1 1 1 1 1 1 1 1 1 1 1 1 1 1 1 1 1 1 10 10 1 1 1 1 1 1 1 1 1 1 1 1 1 1 1 1 1 1 1 1 1 1 1 1 1 1 1 1 1 1 1 1 1 1 1 1 1 1 1 1 1 1 1 1 1 1 1 1 1 1 1 1 1 1 1 1 1 1 1 1 1 1 1 1 1 1 1 1 1 1 1 1 1 1 1 1 1 1 1 1 1 1 1 1 1 1 1 1 1 1 100 12 12 1 1 100 1 1 100 1 1
staticfield java/io/ObjectStreamClass NO_FIELDS [Ljava/io/ObjectStreamField; 0 [Ljava/io/ObjectStreamField;
staticfield java/io/ObjectStreamClass serialPersistentFields [Ljava/io/ObjectStreamField; 0 [Ljava/io/ObjectStreamField;
staticfield java/io/ObjectStreamClass reflFactory Ljdk/internal/reflect/ReflectionFactory; jdk/internal/reflect/ReflectionFactory
ciInstanceKlass java/io/ObjectStreamClass$FieldReflector 1 1 322 10 9 9 9 9 9 7 10 7 10 10 9 10 7 5 0 10 11 10 10 10 10 10 10 7 10 7 9 9 100 10 10 10 10 10 10 10 10 10 10 10 10 10 10 10 10 100 10 10 10 10 10 10 10 10 10 10 10 10 10 10 10 10 10 10 10 100 100 10 8 10 10 10 8 10 8 10 8 8 10 10 10 10 7 7 1 1 1 1 1 1 1 1 1 1 1 1 1 1 1 1 1 1 1 1 1 1 1 1 1 1 1 1 1 1 1 1 1 1 1 1 1 1 1 1 1 1 100 7 7 7 100 1 1 1 1 1 1 1 1 1 1 1 1 1 1 1 1 1 1 1 1 1 1 1 1 1 100 12 12 12 12 12 12 1 1 12 12 12 1 7 12 12 12 12 12 12 12 1 12 12 12 1 12 7 12 12 12 12 12 12 12 12 12 12 12 12 12 12 1 12 12 12 12 12 12 12 12 12 12 12 12 12 12 12 12 12 12 1 1 1 12 12 12 1 12 1 1 1 12 12 12 12 1 1 1 1 1 1 1 1 1 1 1 1 1 1 1 1 1 1 1 1 1 1 1 1 1 1 1 1 1 1 1 1 1 1 1 1 1 1 1 1 1 1 1 1 1 1 1 1 1 1 1 1 1 1 1 1 1 1 1 1 1 1 1 1 1 1 1 1 1 1 1 1 1 1 1 1 1 1 1 1 1 1 1 1 1 1 1 1
staticfield java/io/ObjectStreamClass$FieldReflector unsafe Ljdk/internal/misc/Unsafe; jdk/internal/misc/Unsafe
ciInstanceKlass java/io/ObjectStreamClass$ExceptionInfo 1 1 37 10 9 9 100 10 7 7 1 1 1 1 1 1 1 1 1 1 1 1 1 1 1 1 1 1 1 100 12 12 12 1 12 1 1 1 1
ciInstanceKlass java/io/ObjectInputStream$BlockDataInputStream 1 1 391 100 9 10 7 9 9 9 9 9 9 9 7 10 9 7 10 9 100 8 10 8 10 9 100 3 10 10 10 10 100 7 10 8 10 10 10 10 10 10 8 100 10 10 7 8 10 10 8 10 100 10 10 10 10 10 5 0 10 10 10 10 10 10 10 10 10 10 3 10 10 10 10 10 10 10 10 10 10 10 10 10 10 10 5 0 10 10 10 100 10 100 10 10 10 5 0 5 0 10 7 100 1 1 1 3 1 3 1 3 1 3 1 1 1 1 1 1 1 1 1 1 1 1 1 1 1 1 1 1 1 1 1 1 1 1 1 1 1 1 1 1 1 1 1 1 1 1 1 1 1 1 1 1 1 1 1 1 1 1 1 1 1 1 1 1 1 1 1 1 1 1 1 1 1 1 1 1 1 1 1 1 1 1 1 1 1 1 1 1 1 1 1 1 1 1 1 1 1 1 1 1 1 1 1 1 1 1 1 1 1 1 1 1 100 1 1 100 1 1 1 100 1 1 1 100 1 1 1 100 1 1 1 100 1 1 1 100 1 1 1 1 1 1 1 1 1 1 1 1 1 1 1 1 100 1 1 1 1 1 1 7 1 12 12 1 12 12 12 12 12 12 12 1 12 12 1 12 1 1 12 1 12 12 1 12 12 12 7 12 1 1 1 12 12 12 12 12 1 1 12 100 12 1 1 7 12 12 1 12 1 12 12 12 7 12 12 12 12 12 12 12 12 12 12 12 12 12 12 12 12 12 12 12 12 12 12 12 12 1 1 12 12 12 12 1 1 1 1 1 1 1 1 1 1 1 1 1 1 1 1 1 1 1 1 1 1 1 1 1 1 1 1 1 1 1 1 1 1 1 1 1 1 1 1 1 1 1 1 1 1
ciInstanceKlass java/io/ObjectInputStream$PeekInputStream 1 1 74 10 9 9 9 10 10 10 100 10 10 10 10 7 7 1 1 1 1 1 1 1 1 1 1 1 1 1 1 1 1 1 1 1 100 1 1 1 1 1 1 1 1 100 1 1 1 1 1 1 1 1 1 1 1 1 1 1 1 100 12 12 12 12 12 12 1 12 12 12 1 1 1 1
ciInstanceKlass java/io/ObjectInputStream$HandleTable 1 1 120 100 10 9 9 9 7 9 7 9 10 7 100 10 10 10 100 10 10 10 10 10 10 1 1 1 1 1 1 3 1 3 1 3 1 1 1 1 1 1 1 1 1 1 1 1 1 1 1 1 1 1 1 1 1 1 1 1 1 1 1 1 1 1 1 1 1 1 1 1 1 1 1 1 1 1 1 1 1 1 1 1 1 1 1 1 1 1 1 12 12 12 12 1 12 1 12 12 1 1 12 12 1 12 12 7 12 12 7 12 1 1 1 1 1 1 1 1 1 1
ciInstanceKlass java/io/ObjectInputStream$HandleTable$HandleList 1 1 50 10 9 9 10 100 10 7 7 1 1 1 1 1 1 1 1 1 1 100 1 1 1 1 1 1 1 1 1 1 1 1 1 1 1 1 100 12 12 12 7 12 1 1 1 1 1 1 1 1
ciInstanceKlass jdk/internal/event/DeserializationEvent 1 1 42 10 100 7 1 1 1 1 1 1 1 1 1 1 1 1 1 1 1 1 1 1 1 1 1 1 1 1 1 12 1 1 1 1 1 1 1 1 1 1 1 1
ciInstanceKlass org/apache/spark/util/io/ChunkedByteBufferInputStream 1 1 205 1 7 1 7 1 1 1 1 1 100 1 100 1 1 7 1 100 1 1 1 1 1 1 1 1 1 1 1 12 9 1 1 1 1 1 1 1 12 9 1 7 1 1 12 10 12 9 1 7 1 12 11 1 1 12 11 1 1 12 10 1 7 1 1 12 10 1 1 12 10 1 1 1 1 1 7 1 1 12 9 1 12 10 1 1 12 10 1 12 10 1 1 1 1 1 1 12 10 1 12 10 1 12 10 1 1 12 10 12 9 1 7 12 10 12 10 1 1 1 1 1 12 10 1 7 1 12 9 1 1 12 10 1 7 1 1 12 10 1 12 10 1 16 1 1 12 10 15 16 3 3 1 7 1 7 1 1 12 10 15 1 1 12 18 1 1 12 10 1 1 12 10 12 10 1 7 1 1 12 10 1 1 1 100 1 1 12 10 15 1 12 18 1 1 1 1 1 1 1 1 1 1 1 1
ciInstanceKlass org/apache/spark/serializer/JavaDeserializationStream$$anon$1 1 1 187 1 7 1 7 1 1 7 1 100 1 100 1 1 100 1 100 1 1 1 1 1 1 1 1 100 1 7 1 1 12 10 12 9 1 1 12 9 1 7 1 1 12 10 1 100 1 1 12 9 1 1 12 10 1 16 1 1 12 10 15 1 16 3 3 1 100 1 100 1 1 12 10 15 1 1 12 18 1 100 1 1 12 11 1 1 1 1 1 1 1 1 1 1 100 1 12 9 1 100 1 1 12 10 1 1 12 10 1 16 1 1 12 10 15 1 16 1 12 18 1 100 1 12 9 1 100 1 12 9 1 12 10 1 1 12 10 1 1 12 10 1 100 1 100 1 1 12 10 1 1 1 1 1 1 1 1 1 12 9 1 12 10 1 1 1 100 1 1 12 10 15 1 12 18 1 1 1 1 1 1 1 1 1 1 1 1
ciInstanceKlass org/sparkproject/guava/primitives/UnsignedBytes 1 1 157 1 100 1 100 1 1 100 1 1 100 1 1 1 3 1 3 1 1 3 1 1 12 10 1 1 1 1 1 1 1 1 8 1 100 1 1 12 10 1 100 1 1 12 10 1 1 12 10 1 1 1 1 1 1 1 12 10 1 1 1 1 1 1 1 1 1 12 10 1 1 8 1 100 1 12 10 1 12 10 1 1 1 1 12 10 1 1 1 1 12 10 1 100 1 1 12 10 1 100 1 100 10 1 8 1 1 12 10 1 12 10 1 12 10 1 12 10 1 1 1 1 8 1 1 12 10 1 12 10 12 10 1 1 1 1 1 1 1 1 12 9 1 1 1 1 12 9 1 1 1 1 1 1 1 1 1
ciMethodData java/nio/HeapByteBuffer ix (I)I 2 17442 orig 80 0 0 0 0 0 0 0 0 0 0 0 0 250 127 0 0 0 0 0 0 0 0 0 0 0 0 0 0 0 0 0 0 0 0 0 0 0 0 0 0 0 0 0 0 0 0 0 0 0 0 0 0 0 0 0 0 0 0 0 0 0 0 0 0 0 0 0 0 0 0 0 0 0 0 0 0 0 0 0 0 data 7 0x0 0x0 0x0 0x9 0x2 0x0 0x0 oops 0 methods 0
ciMethodData java/io/ObjectInputStream$BlockDataInputStream refill ()V 2 4594 orig 80 0 0 0 0 0 0 0 0 0 0 0 0 56 2 0 0 0 0 0 0 0 0 0 0 0 0 0 0 0 0 0 0 0 0 0 0 0 0 0 0 0 0 0 0 0 0 0 0 0 0 0 0 0 0 0 0 0 0 0 0 0 0 0 0 0 0 0 0 0 0 0 0 0 0 0 0 0 0 0 0 data 60 0x90007 0x119c 0xc8 0x2d3 0x1c0002 0x2d3 0x1f0005 0x0 0x0 0x2381579be70 0x2d3 0x0 0x0 0x240007 0x0 0x38 0x2d3 0x360003 0x2d3 0x28 0x3f0002 0x0 0x430003 0x2d3 0x88 0x480005 0x119c 0x0 0x0 0x0 0x0 0x0 0x4d0007 0xec9 0x38 0x2d2 0x5a0003 0x2d2 0x18 0x6f0007 0x2d3 0xfffffffffffffec8 0x119b 0x720003 0x119c 0x18 0x0 0x0 0x0 0x0 0x0 0x0 0x0 0x0 0x0 0x0 0x0 0x9 0x1 0xffffffffffffffff oops 1 9 java/io/ObjectInputStream$PeekInputStream methods 0
ciMethodData java/nio/HeapByteBuffer get ()B 2 5684 orig 80 0 0 0 0 0 0 0 0 0 0 0 0 250 127 0 0 0 0 0 0 0 0 0 0 0 0 0 0 0 0 0 0 0 0 0 0 0 0 0 0 0 0 0 0 0 0 0 0 0 0 0 0 0 0 0 0 0 0 0 0 0 0 0 0 0 0 0 0 0 0 0 0 0 0 0 0 0 0 0 0 data 23 0x60005 0x1539 0x0 0x0 0x0 0x0 0x0 0x90005 0x0 0x0 0x2387ea33220 0x153c 0x0 0x0 0x0 0x0 0x0 0x0 0x0 0x0 0x9 0x1 0x0 oops 1 10 java/nio/HeapByteBuffer methods 0
ciMethodData java/lang/Class forName (Ljava/lang/String;ZLjava/lang/ClassLoader;)Ljava/lang/Class; 2 5714 orig 80 0 0 0 0 0 0 0 0 0 0 0 0 250 127 0 0 0 0 0 0 0 0 0 0 0 0 0 0 0 0 0 0 0 0 0 0 0 0 0 0 0 0 0 0 0 0 0 0 0 0 0 0 0 0 0 0 0 0 0 0 0 0 0 0 0 0 0 0 0 0 0 0 0 0 0 0 0 0 0 0 data 38 0x20002 0x154e 0x90007 0x154e 0xb8 0x0 0xc0002 0x0 0x110007 0x0 0x88 0x0 0x150002 0x0 0x1c0007 0x0 0x58 0x0 0x240005 0x0 0x0 0x0 0x0 0x0 0x0 0x2b0002 0x154d 0x0 0x0 0x0 0x0 0x0 0x0 0x9 0x3 0x0 0x0 0x0 oops 0 methods 0
ciMethod org/apache/spark/util/ByteBufferInputStream buffer ()Ljava/nio/ByteBuffer; 2161 1 270 0 0
ciMethod org/apache/spark/util/ByteBufferInputStream read ()I 4097 1 8225 0 256
ciMethod org/apache/spark/util/ByteBufferInputStream read ([BII)I 3137 1 6751 0 704
ciMethod org/apache/spark/util/ByteBufferInputStream cleanUp ()V 0 0 1 0 -1
ciMethodData java/nio/Buffer checkBounds (III)V 2 14658 orig 80 0 0 0 0 0 0 0 0 0 0 0 0 56 2 0 0 0 0 0 0 0 0 0 0 0 0 0 0 0 0 0 0 0 0 0 0 0 0 0 0 0 0 0 0 0 0 0 0 0 0 0 0 0 0 0 0 0 0 0 0 0 0 0 0 0 0 0 0 0 0 0 0 0 0 0 0 0 0 0 0 data 14 0xd0007 0x3742 0x30 0x0 0x140002 0x0 0x0 0x0 0x0 0x9 0x3 0x0 0x0 0x0 oops 0 methods 0
ciMethodData java/nio/Buffer remaining ()I 2 25670 orig 80 0 0 0 0 0 0 0 0 0 0 0 0 250 127 0 0 0 0 0 0 0 0 0 0 0 0 0 0 0 0 0 0 0 0 0 0 0 0 0 0 0 0 0 0 0 0 0 0 0 0 0 0 0 0 0 0 0 0 0 0 0 0 0 0 0 0 0 0 0 0 0 0 0 0 0 0 0 0 0 0 data 14 0xb0007 0x8 0x38 0x6344 0xf0003 0x6348 0x18 0x0 0x0 0x0 0x0 0x9 0x1 0x0 oops 0 methods 0
ciMethodData scala/math/package$ min (II)I 2 36736 orig 80 0 0 0 0 0 0 0 0 0 0 0 0 56 2 0 0 0 0 0 0 0 0 0 0 0 0 0 0 0 0 0 0 0 0 0 0 0 0 0 0 0 0 0 0 0 0 0 0 0 0 0 0 0 0 0 0 0 0 0 0 0 0 0 0 0 0 0 0 0 0 0 0 0 0 0 0 0 0 0 0 data 13 0x20002 0x8eed 0x0 0x0 0x0 0x0 0x0 0x0 0x9 0x3 0x0 0x0 0x0 oops 0 methods 0
ciMethod java/io/Bits getInt ([BI)I 4097 1 1747 0 192
ciMethod java/io/ObjectStreamClass getName ()Ljava/lang/String; 1697 1 212 0 0
ciMethod java/io/ObjectStreamClass getSerialVersionUID ()J 4097 1 8149 0 -1
ciMethod java/io/ObjectStreamClass forClass ()Ljava/lang/Class; 2073 1 6684 0 -1
ciMethod java/io/ObjectStreamClass lookup (Ljava/lang/Class;Z)Ljava/io/ObjectStreamClass; 1729 1 20330 0 -1
ciMethod java/io/ObjectStreamClass <init> ()V 2081 1 3004 0 0
ciMethod java/io/ObjectStreamClass initNonProxy (Ljava/io/ObjectStreamClass;Ljava/lang/Class;Ljava/lang/ClassNotFoundException;Ljava/io/ObjectStreamClass;)V 2625 1 2789 0 -1
ciMethod java/io/ObjectStreamClass readNonProxy (Ljava/io/ObjectInputStream;)V 2641 5745 2803 0 -1
ciMethod java/io/ObjectStreamClass requireInitialized ()V 2049 1 156959 0 64
ciMethod java/io/ObjectStreamClass checkInitialized ()V 2473 1 3580 0 0
ciMethod java/io/ObjectStreamClass getSuperDesc ()Ljava/io/ObjectStreamClass; 4097 1 4250 0 0
ciMethod java/io/ObjectStreamClass getLocalDesc ()Ljava/io/ObjectStreamClass; 3425 1 1864 0 0
ciMethod java/io/ObjectStreamClass computeFieldOffsets ()V 3745 8193 2989 0 -1
ciMethod java/io/ObjectStreamClass classNamesEqual (Ljava/lang/String;Ljava/lang/String;)Z 4097 1 2803 0 -1
ciMethod java/io/ObjectStreamClass getReflector ([Ljava/io/ObjectStreamField;Ljava/io/ObjectStreamClass;)Ljava/io/ObjectStreamClass$FieldReflector; 4097 1 3001 0 -1
ciMethod java/io/ObjectStreamClass$FieldReflector getFields ()[Ljava/io/ObjectStreamField; 1105 1 138 0 -1
ciMethod java/io/ObjectStreamClass$ExceptionInfo <init> (Ljava/lang/String;Ljava/lang/String;)V 169 1 57 0 -1
ciMethodData java/io/ObjectStreamClass requireInitialized ()V 2 156959 orig 80 0 0 0 0 0 0 0 0 0 0 0 0 250 127 0 0 0 0 0 0 0 0 0 0 0 0 0 0 0 0 0 0 0 0 0 0 0 0 0 0 0 0 0 0 0 0 0 0 0 0 0 0 0 0 0 0 0 0 0 0 0 0 0 0 0 0 0 0 0 0 0 0 0 0 0 0 0 0 0 0 data 13 0x40007 0x26443 0x30 0x0 0xd0002 0x0 0x0 0x0 0x0 0x0 0x9 0x1 0x0 oops 0 methods 0
ciMethod org/apache/spark/util/io/ChunkedByteBufferInputStream read ()I 1481 1 178 0 0
ciMethod org/apache/spark/util/io/ChunkedByteBufferInputStream close ()V 377 1 46 0 -1
ciMethod org/apache/spark/serializer/JavaDeserializationStream$$anon$1 resolveClass (Ljava/io/ObjectStreamClass;)Ljava/lang/Class; 4097 1 2803 0 0
ciMethodData org/apache/spark/util/ByteBufferInputStream read ([BII)I 2 6751 orig 80 0 0 0 0 0 0 0 0 0 0 0 0 250 127 0 0 0 0 0 0 0 0 0 0 0 0 0 0 0 0 0 0 0 0 0 0 0 0 0 0 0 0 0 0 0 0 0 0 0 0 0 0 0 0 0 0 0 0 0 0 0 0 0 0 0 0 0 0 0 0 0 0 0 0 0 0 0 0 0 0 data 58 0x10002 0x18d8 0x40007 0x0 0x88 0x18d8 0x80002 0x18d9 0xb0005 0x18db 0x0 0x0 0x0 0x0 0x0 0xf0007 0x18dd 0x30 0x0 0x130002 0x0 0x1c0002 0x18e0 0x1f0005 0x18e3 0x0 0x0 0x0 0x0 0x0 0x230005 0x18ed 0x0 0x0 0x0 0x0 0x0 0x290002 0x18ef 0x300005 0x0 0x0 0x2387ea33220 0x18ee 0x0 0x0 0x0 0x0 0x0 0x0 0x0 0x0 0x9 0x4 0x0 0x0 0x0 0x0 oops 1 42 java/nio/HeapByteBuffer methods 0
ciMethodData org/apache/spark/util/ByteBufferInputStream read ()I 2 8225 orig 80 0 0 0 0 0 0 0 0 0 0 0 0 0 0 0 0 0 0 0 0 0 0 0 0 0 0 0 0 0 0 0 0 0 0 0 0 0 0 0 0 0 0 0 0 0 0 0 0 0 0 0 0 0 0 0 0 0 0 0 0 0 0 0 0 0 0 0 0 0 0 0 0 0 0 0 0 0 0 0 0 data 39 0x10002 0x1e22 0x40007 0x0 0x88 0x1e23 0x80002 0x1e25 0xb0005 0x1e29 0x0 0x0 0x0 0x0 0x0 0xf0007 0x1e2a 0x30 0x0 0x130002 0x0 0x190002 0x1e2a 0x1c0005 0x0 0x0 0x2387ea33220 0x1e2b 0x0 0x0 0x0 0x0 0x0 0x0 0x0 0x0 0x9 0x1 0x0 oops 1 26 java/nio/HeapByteBuffer methods 0
ciMethod java/io/ObjectInputStream$BlockDataInputStream setBlockDataMode (Z)Z 4121 1 10829 0 128
ciMethod java/io/ObjectInputStream$BlockDataInputStream getBlockDataMode ()Z 1433 1 179 0 0
ciMethod java/io/ObjectInputStream$BlockDataInputStream skipBlockData ()V 3073 3041 3867 0 0
ciMethod java/io/ObjectInputStream$BlockDataInputStream readBlockHeader (Z)I 3049 1 4579 0 0
ciMethod java/io/ObjectInputStream$BlockDataInputStream refill ()V 697 57 4572 0 0
ciMethod java/io/ObjectInputStream$BlockDataInputStream peek ()I 3145 1 17926 0 480
ciMethod java/io/ObjectInputStream$BlockDataInputStream peekByte ()B 3137 1 23971 0 0
ciMethod java/io/ObjectInputStream$BlockDataInputStream read ()I 4105 1 10895 0 640
ciMethod java/io/ObjectInputStream$BlockDataInputStream readByte ()B 4297 1 45739 0 0
ciMethod java/io/ObjectInputStream$BlockDataInputStream readInt ()I 4097 1 5753 0 7744
ciMethod java/io/ObjectInputStream$BlockDataInputStream getBytesRead ()J 3553 1 5914 0 -1
ciMethod java/io/ObjectInputStream$PeekInputStream peek ()I 4065 1 21115 0 416
ciMethod java/io/ObjectInputStream$PeekInputStream read ()I 4097 1 10669 0 448
ciMethod java/io/ObjectInputStream$PeekInputStream read ([BII)I 2593 1 21544 0 1184
ciMethod java/io/ObjectInputStream$PeekInputStream readFully ([BII)V 20449 20633 7829 0 160
ciMethod java/io/ObjectInputStream$PeekInputStream available ()I 0 0 1 0 -1
ciMethod java/io/ObjectInputStream$HandleTable assign (Ljava/lang/Object;)I 3889 1 8690 0 2496
ciMethod java/io/ObjectInputStream$HandleTable finish (I)V 3097 3185 11288 0 448
ciMethod java/io/ObjectInputStream$HandleTable lookupObject (I)Ljava/lang/Object; 4097 1 14288 0 0
ciMethod java/io/ObjectInputStream$HandleTable size ()I 1841 1 230 0 0
ciMethod java/io/ObjectInputStream$HandleTable grow ()V 1009 1 369 0 -1
ciMethod jdk/internal/event/DeserializationEvent <init> ()V 3577 1 5907 0 -1
ciMethod jdk/internal/event/DeserializationEvent commit ()V 0 0 1 0 -1
ciMethod jdk/internal/event/DeserializationEvent shouldCommit ()Z 1161 1 5520 0 -1
ciMethodData java/nio/HeapByteBuffer get ([BII)Ljava/nio/ByteBuffer; 2 6505 orig 80 0 0 0 0 0 0 0 0 0 0 0 0 250 127 0 0 0 0 0 0 0 0 0 0 0 0 0 0 0 0 0 0 0 0 0 0 0 0 0 0 0 0 0 0 0 0 0 0 0 0 0 0 0 0 0 0 0 0 0 0 0 0 0 0 0 0 0 0 0 0 0 0 0 0 0 0 0 0 0 0 data 50 0x40002 0x1859 0x80005 0x1861 0x0 0x0 0x0 0x0 0x0 0xf0005 0x1862 0x0 0x0 0x0 0x0 0x0 0x150007 0x1862 0x30 0x0 0x1c0002 0x0 0x270005 0x0 0x0 0x2387ea33220 0x1866 0x0 0x0 0x2d0002 0x186a 0x350005 0x0 0x0 0x2387ea33220 0x185d 0x0 0x0 0x0 0x0 0x0 0x0 0x0 0x0 0x9 0x4 0x0 0x0 0x0 0x0 oops 2 25 java/nio/HeapByteBuffer 34 java/nio/HeapByteBuffer methods 0
ciMethodData java/io/ObjectInputStream$PeekInputStream read ([BII)I 2 21544 orig 80 2 0 0 0 1 0 0 0 0 0 0 0 250 127 0 0 0 0 0 0 4 0 0 6 0 0 0 0 0 0 0 0 0 0 0 0 0 0 0 0 0 0 0 0 0 0 0 0 0 0 0 0 0 0 0 0 0 0 0 0 0 0 0 0 0 0 0 0 0 0 0 0 0 0 0 0 0 0 0 0 data 55 0x10007 0x52ea 0x20 0x0 0xa0007 0x136 0x90 0x51b8 0x8000000700140005 0x4f 0x0 0x238157a0b80 0x4d36 0x2381825cd40 0x43c 0x200007 0x0 0x38 0x51d5 0x260003 0x51d5 0x18 0xffffffff004b0005 0x6 0x0 0x238157a0b80 0x6b 0x2381825cd40 0xcc 0x570007 0x0 0x38 0x13c 0x5d0003 0x13c 0x18 0x670007 0x0 0x38 0x13c 0x6e0003 0x13c 0x18 0x0 0x0 0x0 0x0 0x0 0x0 0x9 0x4 0xe 0xffffffffffffffff 0x0 0x0 oops 4 11 org/apache/spark/util/ByteBufferInputStream 13 java/io/BufferedInputStream 25 org/apache/spark/util/ByteBufferInputStream 27 java/io/BufferedInputStream methods 0
ciMethodData java/io/ObjectInputStream$PeekInputStream readFully ([BII)V 2 7875 orig 80 1 0 0 0 0 0 0 0 0 0 0 0 250 127 0 0 0 0 0 0 0 0 0 0 0 0 0 0 0 0 0 0 0 0 0 0 0 0 0 0 0 0 0 0 0 0 0 0 0 0 0 0 0 0 0 0 0 0 0 0 0 0 0 0 0 0 0 0 0 0 0 0 0 0 0 0 0 0 0 0 data 32 0x60007 0x14b2 0xa0 0x1499 0x130005 0x0 0x0 0x2381579be70 0x149b 0x0 0x0 0x1a0007 0x14b0 0x30 0x0 0x210002 0x0 0x2c0003 0x14b1 0xffffffffffffff78 0x0 0x0 0x0 0x0 0x0 0x0 0x9 0x4 0x0 0x0 0x0 0x0 oops 1 7 java/io/ObjectInputStream$PeekInputStream methods 0
ciMethodData java/io/ObjectInputStream$BlockDataInputStream read ()I 2 10895 orig 80 0 0 0 0 0 0 0 0 0 0 0 0 250 127 0 0 0 0 0 0 0 0 0 0 0 0 0 0 0 0 0 0 0 0 0 0 0 0 0 0 0 0 0 0 0 0 0 0 0 0 0 0 0 0 0 0 0 0 0 0 0 0 0 0 0 0 0 0 0 0 0 0 0 0 0 0 0 0 0 0 data 38 0x40007 0x27bf 0xb0 0xd1 0xf0007 0x9a 0x58 0x37 0x130005 0x37 0x0 0x0 0x0 0x0 0x0 0x1a0007 0x0 0x38 0xd2 0x310003 0xd2 0x18 0x3a0005 0x0 0x0 0x2381579be70 0x27c1 0x0 0x0 0x0 0x0 0x0 0x0 0x0 0x0 0x9 0x1 0x0 oops 1 25 java/io/ObjectInputStream$PeekInputStream methods 0
ciMethodData java/io/ObjectInputStream$PeekInputStream read ()I 2 10669 orig 80 0 0 0 0 0 0 0 0 0 0 0 0 56 2 0 0 0 0 0 0 0 0 0 0 0 0 0 0 0 0 0 0 0 0 0 0 0 0 0 0 0 0 0 0 0 0 0 0 0 0 0 0 0 0 0 0 0 0 0 0 0 0 0 0 0 0 0 0 0 0 0 0 0 0 0 0 0 0 0 0 data 27 0x40007 0x7a4 0x20 0x2012 0x170005 0x0 0x0 0x238157a0b80 0x7a0 0x238157a0c30 0x4 0x210007 0x0 0x38 0x7a5 0x250003 0x7a5 0x18 0x0 0x0 0x0 0x0 0x0 0x0 0x9 0x1 0x0 oops 2 7 org/apache/spark/util/ByteBufferInputStream 9 org/apache/spark/util/io/ChunkedByteBufferInputStream methods 0
ciMethodData java/io/ObjectInputStream$BlockDataInputStream readByte ()B 2 45912 orig 80 0 0 0 0 0 0 0 0 0 0 0 0 56 2 0 0 0 0 0 0 0 0 0 0 0 0 0 0 0 0 0 0 0 0 0 0 0 0 0 0 0 0 0 0 0 0 0 0 0 0 0 0 0 0 0 0 0 0 0 0 0 0 0 0 0 0 0 0 0 0 0 0 0 0 0 0 0 0 0 0 data 22 0x10005 0x0 0x0 0x238174a4190 0xb145 0x0 0x0 0x60007 0xb145 0x30 0x0 0xd0002 0x0 0x0 0x0 0x0 0x0 0x0 0x0 0x9 0x1 0x0 oops 1 3 java/io/ObjectInputStream$BlockDataInputStream methods 0
ciMethodData java/io/ObjectInputStream$BlockDataInputStream peekByte ()B 2 23971 orig 80 0 0 0 0 0 0 0 0 0 0 0 0 250 127 0 0 0 0 0 0 0 0 0 0 0 0 0 0 0 0 0 0 0 0 0 0 0 0 0 0 0 0 0 0 0 0 0 0 0 0 0 0 0 0 0 0 0 0 0 0 0 0 0 0 0 0 0 0 0 0 0 0 0 0 0 0 0 0 0 0 data 22 0x10005 0x0 0x0 0x238174a4190 0x5c20 0x0 0x0 0x60007 0x5c31 0x30 0x4 0xd0002 0x4 0x0 0x0 0x0 0x0 0x0 0x0 0x9 0x1 0x0 oops 1 3 java/io/ObjectInputStream$BlockDataInputStream methods 0
ciMethodData java/io/ObjectInputStream$BlockDataInputStream peek ()I 2 17926 orig 80 1 0 0 0 0 0 0 0 0 0 0 0 0 0 0 0 0 0 0 0 0 0 0 0 0 0 0 0 0 0 0 0 0 0 0 0 0 0 0 0 0 0 0 0 0 0 0 0 0 0 0 0 0 0 0 0 0 0 0 0 0 0 0 0 0 0 0 0 0 0 0 0 0 0 0 0 0 0 0 0 data 38 0x40007 0x447d 0xb0 0x0 0xf0007 0x0 0x58 0x0 0x130005 0x0 0x0 0x0 0x0 0x0 0x0 0x1a0007 0x0 0x38 0x0 0x2a0003 0x0 0x18 0x330005 0x0 0x0 0x2381579be70 0x447f 0x0 0x0 0x0 0x0 0x0 0x0 0x0 0x0 0x9 0x1 0x0 oops 1 25 java/io/ObjectInputStream$PeekInputStream methods 0
ciMethodData java/io/ObjectInputStream$PeekInputStream peek ()I 2 21115 orig 80 1 0 0 0 0 0 0 0 0 0 0 0 56 2 0 0 0 0 0 0 0 0 0 0 0 0 0 0 0 0 0 0 0 0 0 0 0 0 2 0 0 0 0 0 0 0 0 0 0 0 0 0 0 0 0 0 0 0 0 0 0 0 0 0 0 0 0 0 0 0 0 0 0 0 0 0 0 0 0 0 data 27 0x40007 0x45d6 0x20 0xab0 0x110005 0x5d0 0x0 0x238157a0b80 0x3fc2 0x238157a0c30 0x47 0x8000000600200007 0x4 0x38 0x45e6 0x240003 0x45e9 0x18 0x0 0x0 0x0 0x0 0x0 0x0 0x9 0x1 0x0 oops 2 7 org/apache/spark/util/ByteBufferInputStream 9 org/apache/spark/util/io/ChunkedByteBufferInputStream methods 0
ciMethodData java/io/ObjectInputStream$BlockDataInputStream setBlockDataMode (Z)Z 2 10829 orig 80 0 0 0 0 0 0 0 0 0 0 0 0 250 127 0 0 0 0 0 0 0 0 0 0 0 0 0 0 0 0 0 0 0 0 0 0 0 0 0 0 0 0 0 0 0 0 0 0 0 0 0 0 0 0 0 0 0 0 0 0 0 0 0 0 0 0 0 0 0 0 0 0 0 0 0 0 0 0 0 0 data 34 0x50007 0x1009 0x20 0x1858 0xe0007 0x7fa 0x38 0x816 0x200003 0x818 0x48 0x2b0007 0x7fa 0x30 0x0 0x340002 0x0 0x410007 0x819 0x38 0x7fa 0x450003 0x7f8 0x18 0x0 0x0 0x0 0x0 0x0 0x0 0x9 0x2 0xe 0x0 oops 0 methods 0
ciMethodData java/io/ObjectInputStream$HandleTable finish (I)V 2 15995 orig 80 0 0 0 0 0 0 0 0 0 0 0 0 250 127 0 0 0 0 0 0 0 0 0 0 0 0 0 0 0 0 0 0 0 0 0 0 0 0 0 0 0 0 0 0 0 0 0 0 0 0 0 0 0 0 0 0 0 0 0 0 0 0 0 0 0 0 0 0 0 0 0 0 0 0 0 0 0 0 0 0 data 56 0x40007 0x887 0x38 0x220f 0xb0003 0x220f 0x50 0x130007 0x857 0x38 0x30 0x200003 0x30 0x18 0x280007 0x2243 0x100 0x3cea 0x310008 0x8 0x0 0xb8 0x1255 0xa0 0x2a98 0x50 0x0 0xa0 0x590104 0x0 0x0 0x0 0x0 0x0 0x0 0x5a0003 0x2a99 0x40 0x5d0003 0x1255 0x28 0x640002 0x0 0x6b0003 0x3cee 0xffffffffffffff18 0x0 0x0 0x0 0x0 0x0 0x0 0x9 0x2 0x6 0x0 oops 0 methods 0
ciMethodData java/io/ObjectInputStream filterCheck (Ljava/lang/Class;I)V 2 5914 orig 80 0 0 0 0 0 0 0 0 0 0 0 0 250 127 0 0 0 0 0 0 0 0 0 0 0 0 0 0 0 0 0 0 0 0 0 0 0 0 0 0 0 0 0 0 0 0 0 0 0 0 0 0 0 0 0 0 0 0 0 0 0 0 0 0 0 0 0 0 0 0 0 0 0 0 0 0 0 0 0 0 data 244 0x40007 0x155f 0x38 0x0 0x80003 0x0 0x50 0xf0005 0x0 0x0 0x238174a4190 0x155e 0x0 0x0 0x1d0007 0x1560 0x308 0x0 0x340002 0x0 0x370005 0x0 0x0 0x0 0x0 0x0 0x0 0x3e0003 0x0 0x18 0x4f0007 0x0 0x288 0x0 0x570007 0x0 0x40 0x0 0x5f0007 0x0 0x38 0x0 0x650003 0x0 0x18 0x760004 0x0 0x0 0x0 0x0 0x0 0x0 0x7a0004 0x0 0x0 0x0 0x0 0x0 0x0 0x7e0002 0x0 0x810004 0x0 0x0 0x0 0x0 0x0 0x0 0x880002 0x0 0x8b0004 0x0 0x0 0x0 0x0 0x0 0x0 0x920002 0x0 0x950004 0x0 0x0 0x0 0x0 0x0 0x0 0x990002 0x0 0x9c0004 0x0 0x0 0x0 0x0 0x0 0x0 0xa40002 0x0 0xa70004 0x0 0x0 0x0 0x0 0x0 0x0 0xa80005 0x0 0x0 0x0 0x0 0x0 0x0 0xb10002 0x1560 0xb80005 0x1561 0x0 0x0 0x0 0x0 0x0 0xbb0007 0x1561 0x1e0 0x0 0xc40007 0x0 0x38 0x0 0xc80003 0x0 0x18 0xd30007 0x0 0x70 0x0 0xd80005 0x0 0x0 0x0 0x0 0x0 0x0 0xdb0003 0x0 0x18 0x10a0007 0x0 0x70 0x0 0x10f0005 0x0 0x0 0x0 0x0 0x0 0x0 0x1120003 0x0 0x18 0x11d0007 0x0 0x70 0x0 0x1220005 0x0 0x0 0x0 0x0 0x0 0x0 0x1250003 0x0 0x18 0x12e0005 0x0 0x0 0x0 0x0 0x0 0x0 0x1350007 0x1561 0x160 0x0 0x13a0007 0x0 0x40 0x0 0x1420007 0x0 0x120 0x0 0x14d0002 0x0 0x1520005 0x0 0x0 0x0 0x0 0x0 0x0 0x1570005 0x0 0x0 0x0 0x0 0x0 0x0 0x15a0005 0x0 0x0 0x0 0x0 0x0 0x0 0x15d0002 0x0 0x1660005 0x0 0x0 0x0 0x0 0x0 0x0 0x0 0x0 0x0 0x0 0x0 0x0 0x0 0x0 0x0 0x0 0x0 0x0 0x0 0x0 0x0 0x9 0x3 0x0 0x0 0x0 oops 1 10 java/io/ObjectInputStream$BlockDataInputStream methods 0
ciMethodData java/io/ObjectInputStream$HandleTable assign (Ljava/lang/Object;)I 2 8690 orig 80 0 0 0 0 0 0 0 0 0 0 0 0 250 127 0 0 0 0 0 0 0 0 0 0 0 0 0 0 0 0 0 0 0 0 0 0 0 0 0 0 0 0 0 0 0 0 0 0 0 0 0 0 0 0 0 0 0 0 0 0 0 0 0 0 0 0 0 0 0 0 0 0 0 0 0 0 0 0 0 0 data 28 0x90007 0x1f4b 0x58 0xc6 0xd0005 0xc6 0x0 0x0 0x0 0x0 0x0 0x230004 0x0 0x0 0x238175ba2e0 0x8 0x238175ba390 0x145 0x0 0x0 0x0 0x0 0x0 0x0 0x9 0x2 0x1c 0x0 oops 2 14 org/apache/spark/executor/ShuffleWriteMetrics 16 org/apache/spark/util/LongAccumulator methods 0
ciMethodData java/io/Bits getInt ([BI)I 2 1747 orig 80 0 0 0 0 0 0 0 0 0 0 0 0 0 0 0 0 0 0 0 0 0 0 0 0 0 0 0 0 0 0 0 0 0 0 0 0 0 0 0 0 0 0 0 0 0 0 0 0 0 0 0 0 0 0 0 0 0 0 0 0 0 0 0 0 0 0 0 0 0 0 0 0 0 0 0 0 0 0 0 0 data 8 0x0 0x0 0x0 0x0 0x9 0x2 0x0 0x0 oops 0 methods 0
ciMethodData java/io/ObjectInputStream$BlockDataInputStream readInt ()I 2 5753 orig 80 0 0 0 0 0 0 0 0 0 0 0 0 56 2 0 0 0 0 0 0 0 0 0 0 0 0 0 0 0 0 0 0 0 0 0 0 0 0 0 0 0 0 0 0 0 0 0 0 0 0 0 0 0 0 0 0 0 0 0 0 0 0 0 0 0 0 0 0 0 0 0 0 0 0 0 0 0 0 0 0 data 36 0x40007 0xe6 0x70 0x1394 0x160005 0x0 0x0 0x2381579be70 0x1394 0x0 0x0 0x190003 0x1396 0x70 0x260007 0x37 0x58 0xaf 0x2d0005 0xaf 0x0 0x0 0x0 0x0 0x0 0x390002 0x13cd 0x0 0x0 0x0 0x0 0x0 0x0 0x9 0x1 0x6 oops 1 7 java/io/ObjectInputStream$PeekInputStream methods 0
ciMethodData java/io/ObjectInputStream readHandle (Z)Ljava/lang/Object; 2 14285 orig 80 0 0 0 0 0 0 0 0 0 0 0 0 0 0 0 0 0 0 0 0 0 0 0 0 0 0 0 0 0 0 0 0 0 0 0 0 0 0 0 0 0 0 0 0 0 0 0 0 0 0 0 0 0 0 0 0 0 0 0 0 0 0 0 0 0 0 0 0 0 0 0 0 0 0 0 0 0 0 0 0 data 88 0x40005 0x0 0x0 0x238174a4190 0x35cd 0x0 0x0 0x90007 0x35cd 0x30 0x0 0x100002 0x0 0x190005 0x0 0x0 0x238174a4190 0x35ce 0x0 0x0 0x260007 0x0 0x78 0x35d2 0x310005 0x0 0x0 0x23815c40fd0 0x35d3 0x0 0x0 0x340007 0x35d3 0x88 0x0 0x4a0002 0x0 0x4d0004 0x0 0x0 0x0 0x0 0x0 0x0 0x4e0002 0x0 0x510002 0x0 0x560007 0x35d3 0x30 0x0 0x5f0002 0x0 0x6b0005 0x0 0x0 0x23815c40fd0 0x35d3 0x0 0x0 0x730007 0x35d3 0x30 0x0 0x7c0002 0x0 0x830005 0x35d3 0x0 0x0 0x0 0x0 0x0 0x0 0x0 0x0 0x0 0x0 0x0 0x0 0x0 0x0 0x0 0x9 0x2 0xffffffffffffffff 0x0 oops 4 3 java/io/ObjectInputStream$BlockDataInputStream 16 java/io/ObjectInputStream$BlockDataInputStream 27 java/io/ObjectInputStream$HandleTable 57 java/io/ObjectInputStream$HandleTable methods 0
ciMethodData java/io/ObjectInputStream$HandleTable lookupObject (I)Ljava/lang/Object; 2 14288 orig 80 0 0 0 0 0 0 0 0 0 0 0 0 56 2 0 0 0 0 0 0 0 0 0 0 0 0 0 0 0 0 0 0 0 0 0 0 0 0 0 0 0 0 0 0 0 0 0 0 0 0 0 0 0 0 0 0 0 0 0 0 0 0 0 0 0 0 0 0 0 0 0 0 0 0 0 0 0 0 0 0 data 19 0x20007 0x0 0x58 0x35d0 0xc0007 0x0 0x38 0x35d0 0x150003 0x35cf 0x18 0x0 0x0 0x0 0x0 0x9 0x2 0x0 0x0 oops 0 methods 0
ciMethodData java/io/ObjectInputStream readNull ()Ljava/lang/Object; 2 8752 orig 80 0 0 0 0 0 0 0 0 0 0 0 0 56 2 0 0 0 0 0 0 0 0 0 0 0 0 0 0 0 0 0 0 0 0 0 0 0 0 0 0 0 0 0 0 0 0 0 0 0 0 0 0 0 0 0 0 0 0 0 0 0 0 0 0 0 0 0 0 0 0 0 0 0 0 0 0 0 0 0 0 data 22 0x40005 0x0 0x0 0x238174a4190 0x21d2 0x0 0x0 0x90007 0x21d3 0x30 0x0 0x100002 0x0 0x0 0x0 0x0 0x0 0x0 0x0 0x9 0x1 0x6 oops 1 3 java/io/ObjectInputStream$BlockDataInputStream methods 0
ciMethodData java/io/ObjectInputStream readClassDesc (Z)Ljava/io/ObjectStreamClass; 2 6950 orig 80 0 0 0 0 0 0 0 0 0 0 0 0 250 127 0 0 0 0 0 0 0 0 0 0 0 0 0 0 0 0 0 0 0 0 0 0 0 0 0 0 0 0 0 0 0 0 0 0 0 0 0 0 0 0 0 0 0 0 0 0 0 0 0 0 0 0 0 0 0 0 0 0 0 0 0 0 0 0 0 0 data 103 0x40005 0x0 0x0 0x238174a4190 0x1936 0x0 0x0 0x90008 0xa 0x0 0x248 0x6ed 0x60 0xcea 0xe8 0x560 0x1f8 0x0 0x1a8 0x350005 0x6ec 0x0 0x0 0x0 0x0 0x0 0x380104 0x0 0x0 0x0 0x0 0x0 0x0 0x3c0003 0x6ec 0x1e0 0x410005 0xcea 0x0 0x0 0x0 0x0 0x0 0x440004 0x0 0x0 0x238174a3ce0 0xcea 0x0 0x0 0x490005 0xcea 0x0 0x0 0x0 0x0 0x0 0x4c0003 0xcea 0x120 0x510005 0x0 0x0 0x0 0x0 0x0 0x0 0x550003 0x0 0xd0 0x5a0005 0x560 0x0 0x0 0x0 0x0 0x0 0x5e0003 0x55f 0x80 0x6e0002 0x0 0x710004 0x0 0x0 0x0 0x0 0x0 0x0 0x720002 0x0 0x750002 0x0 0x0 0x0 0x0 0x0 0x0 0x0 0x9 0x2 0xffffffffffffffff 0x0 oops 2 3 java/io/ObjectInputStream$BlockDataInputStream 46 java/io/ObjectStreamClass methods 0
ciMethodData java/io/ObjectStreamClass <init> ()V 2 3012 orig 80 0 0 0 0 0 0 0 0 0 0 0 0 250 127 0 0 0 0 0 0 0 0 0 0 0 0 0 0 0 0 0 0 0 0 0 0 0 0 0 0 0 0 0 0 0 0 0 0 0 0 0 0 0 0 0 0 0 0 0 0 0 0 0 0 0 0 0 0 0 0 0 0 0 0 0 0 0 0 0 0 data 9 0x10002 0xac0 0x0 0x0 0x0 0x0 0x9 0x1 0x0 oops 0 methods 0
ciMethodData java/io/ObjectStreamClass getSuperDesc ()Ljava/io/ObjectStreamClass; 2 4262 orig 80 0 0 0 0 0 0 0 0 0 0 0 0 0 0 0 0 0 0 0 0 0 0 0 0 0 0 0 0 0 0 0 0 0 0 0 0 0 0 0 0 0 0 0 0 0 0 0 0 0 0 0 0 0 0 0 0 0 0 0 0 0 0 0 0 0 0 0 0 0 0 0 0 0 0 0 0 0 0 0 0 data 16 0x10005 0xea6 0x0 0x0 0x0 0x0 0x0 0x0 0x0 0x0 0x0 0x0 0x0 0x9 0x1 0x0 oops 0 methods 0
ciMethodData java/io/ObjectInputStream skipCustomData ()V 2 3881 orig 80 0 0 0 0 0 0 0 0 0 0 0 0 56 2 0 0 0 0 0 0 0 0 0 0 0 0 0 0 0 0 0 0 0 0 0 0 0 0 0 0 0 0 0 0 0 0 0 0 0 0 0 0 0 0 0 0 0 0 0 0 0 0 0 0 0 0 0 0 0 0 0 0 0 0 0 0 0 0 0 0 data 80 0x90005 0x0 0x0 0x238174a4190 0xe54 0x0 0x0 0xc0007 0xd 0x90 0xe48 0x130005 0x0 0x0 0x238174a4190 0xe49 0x0 0x0 0x1b0005 0x0 0x0 0x238174a4190 0xe49 0x0 0x0 0x230005 0x0 0x0 0x238174a4190 0xe56 0x0 0x0 0x260008 0xa 0x0 0xe8 0x0 0x60 0xe56 0xb0 0x0 0xe8 0x0 0x60 0x490005 0x0 0x0 0x0 0x0 0x0 0x0 0x4d0003 0x0 0xfffffffffffffe68 0x540005 0x0 0x0 0x238174a4190 0xe56 0x0 0x0 0x620005 0x0 0x0 0x0 0x0 0x0 0x0 0x660003 0x0 0xfffffffffffffde0 0x0 0x0 0x0 0x0 0x0 0x0 0x9 0x1 0xffffffffffffffff oops 5 3 java/io/ObjectInputStream$BlockDataInputStream 14 java/io/ObjectInputStream$BlockDataInputStream 21 java/io/ObjectInputStream$BlockDataInputStream 28 java/io/ObjectInputStream$BlockDataInputStream 57 java/io/ObjectInputStream$BlockDataInputStream methods 0
ciMethodData java/io/ObjectStreamClass checkInitialized ()V 2 3652 orig 80 0 0 0 0 0 0 0 0 0 0 0 0 56 2 0 0 0 0 0 0 0 0 0 0 0 0 0 0 0 0 0 0 0 0 0 0 0 0 0 0 0 0 0 0 0 0 0 0 0 0 0 0 0 0 0 0 0 0 0 0 0 0 0 0 0 0 0 0 0 0 0 0 0 0 0 0 0 0 0 0 data 13 0x40007 0xd0f 0x30 0x0 0xd0002 0x0 0x0 0x0 0x0 0x0 0x9 0x1 0x0 oops 0 methods 0
ciMethodData java/io/ObjectInputStream readNonProxyDesc (Z)Ljava/io/ObjectStreamClass; 2 1503 orig 80 0 0 0 0 0 0 0 0 0 0 0 0 56 2 0 0 0 0 0 0 0 0 0 0 0 0 0 0 0 0 0 0 0 0 0 0 0 0 0 0 0 0 0 0 0 0 0 0 0 0 0 0 0 0 0 0 0 0 0 0 0 0 0 0 0 0 0 0 0 0 0 0 0 0 0 0 0 0 0 0 data 233 0x40005 0x0 0x0 0x238174a4190 0x513 0x0 0x0 0x90007 0x513 0x30 0x0 0x100002 0x0 0x180002 0x513 0x210007 0x512 0x38 0x0 0x270003 0x0 0x18 0x2b0005 0x0 0x0 0x23815c40fd0 0x513 0x0 0x0 0x350005 0x0 0x0 0x23818186850 0x512 0x0 0x0 0x3a0003 0x513 0x98 0x450002 0x0 0x4a0005 0x0 0x0 0x0 0x0 0x0 0x0 0x4d0004 0x0 0x0 0x0 0x0 0x0 0x0 0x5c0005 0x0 0x0 0x238174a4190 0x513 0x0 0x0 0x610005 0x513 0x0 0x0 0x0 0x0 0x0 0x690005 0x0 0x0 0x23818186850 0x513 0x0 0x0 0x6f0007 0x512 0x48 0x0 0x780002 0x0 0x7d0003 0x0 0x48 0x820007 0x0 0x30 0x511 0x870002 0x512 0x8a0003 0x511 0x18 0x970005 0x512 0x0 0x0 0x0 0x0 0x0 0x9b0005 0x511 0x0 0x0 0x0 0x0 0x0 0xbb0005 0x513 0x0 0x0 0x0 0x0 0x0 0xbe0005 0x0 0x0 0x238174a3ce0 0x513 0x0 0x0 0xc30007 0x0 0x2a8 0x512 0xca0005 0x0 0x0 0x238174a3ce0 0x513 0x0 0x0 0xd10007 0x3e5 0xe0 0x12d 0xd60005 0x0 0x0 0x238174a3ce0 0x12d 0x0 0x0 0xdc0007 0x0 0x38 0x12c 0xdf0003 0x12c 0x68 0xe40005 0x0 0x0 0x0 0x0 0x0 0x0 0xe90003 0x0 0xffffffffffffff38 0xed0005 0x0 0x0 0x238174a3ce0 0x511 0x0 0x0 0xf00005 0x0 0x0 0x238174a3ce0 0x513 0x0 0x0 0xf70007 0x3e6 0x100 0x12d 0xfe0007 0x12c 0xe0 0x0 0x1040005 0x0 0x0 0x0 0x0 0x0 0x0 0x1080005 0x0 0x0 0x0 0x0 0x0 0x0 0x10d0005 0x0 0x0 0x0 0x0 0x0 0x0 0x1120003 0x0 0xffffffffffffff18 0x11f0003 0x513 0x18 0x1360005 0x0 0x0 0x23815c40fd0 0x512 0x0 0x0 0x0 0x0 0x0 0x0 0x0 0x0 0x0 0x0 0x0 0x0 0x0 0x0 0x9 0x2 0x0 0x0 oops 11 3 java/io/ObjectInputStream$BlockDataInputStream 25 java/io/ObjectInputStream$HandleTable 32 org/apache/spark/serializer/JavaDeserializationStream$$anon$1 58 java/io/ObjectInputStream$BlockDataInputStream 72 org/apache/spark/serializer/JavaDeserializationStream$$anon$1 118 java/io/ObjectStreamClass 129 java/io/ObjectStreamClass 140 java/io/ObjectStreamClass 164 java/io/ObjectStreamClass 171 java/io/ObjectStreamClass 213 java/io/ObjectInputStream$HandleTable methods 0
ciMethodData java/io/ObjectInputStream$BlockDataInputStream readBlockHeader (Z)I 2 4597 orig 80 0 0 0 0 0 0 0 0 0 0 0 0 56 2 0 0 0 0 0 0 0 0 0 0 0 0 0 0 0 0 0 0 0 0 0 0 0 0 0 0 0 0 0 0 0 0 0 0 0 0 0 0 0 0 0 0 0 0 0 0 0 0 0 0 0 0 0 0 0 0 0 0 0 0 0 0 0 0 0 0 data 157 0x70007 0x1079 0x20 0x0 0xd0007 0x0 0x38 0x1079 0x120003 0x1078 0x50 0x190005 0x0 0x0 0x0 0x0 0x0 0x0 0x1e0007 0x1078 0x20 0x0 0x280005 0x0 0x0 0x2381579be70 0x1079 0x0 0x0 0x2d0008 0xa 0x0 0x290 0x2a1 0x60 0xdb6 0x290 0x0 0x208 0x21 0xb8 0x4e0007 0x2a1 0x20 0x0 0x5e0005 0x0 0x0 0x2381579be70 0x2a1 0x0 0x0 0x6e0007 0x21 0x20 0x0 0x7e0005 0x0 0x0 0x2381579be70 0x21 0x0 0x0 0x860002 0x21 0x8d0007 0x21 0xe8 0x0 0x980002 0x0 0x9d0005 0x0 0x0 0x0 0x0 0x0 0x0 0xa20005 0x0 0x0 0x0 0x0 0x0 0x0 0xa50005 0x0 0x0 0x0 0x0 0x0 0x0 0xa80002 0x0 0xb30005 0x0 0x0 0x0 0x0 0x0 0x0 0xbb0005 0x0 0x0 0x0 0x0 0x0 0x0 0xbe0003 0x0 0xe0 0xc20007 0x0 0xc8 0xdb6 0xc80007 0x0 0x40 0xdb6 0xce0007 0xdb6 0x88 0x0 0xde0002 0x0 0xe10004 0x0 0x0 0x0 0x0 0x0 0x0 0xe20002 0x0 0xe50002 0x0 0xeb0003 0x0 0xfffffffffffffbe0 0xf50002 0x0 0x0 0x0 0x0 0x0 0x0 0x0 0x0 0x0 0x0 0x0 0x0 0x0 0x9 0x2 0x0 0x0 oops 3 25 java/io/ObjectInputStream$PeekInputStream 48 java/io/ObjectInputStream$PeekInputStream 59 java/io/ObjectInputStream$PeekInputStream methods 0
ciMethodData java/io/ObjectInputStream readClassDescriptor ()Ljava/io/ObjectStreamClass; 2 1507 orig 80 0 0 0 0 0 0 0 0 0 0 0 0 56 2 0 0 0 0 0 0 0 0 0 0 0 0 0 0 0 0 0 0 0 0 0 0 0 0 0 0 0 0 0 0 0 0 0 0 0 0 0 0 0 0 0 0 0 0 0 0 0 0 0 0 0 0 0 0 0 0 0 0 0 0 0 0 0 0 0 0 data 18 0x40002 0x499 0xa0005 0x0 0x0 0x238174a3ce0 0x499 0x0 0x0 0x0 0x0 0x0 0x0 0x0 0x0 0x9 0x1 0x0 oops 1 5 java/io/ObjectStreamClass methods 0
ciMethodData java/io/ObjectStreamClass readNonProxy (Ljava/io/ObjectInputStream;)V 2 8479 orig 80 0 0 0 0 0 0 0 0 0 0 0 0 56 2 0 0 0 0 0 0 0 0 0 0 0 0 0 0 0 0 0 0 0 0 0 0 0 0 0 0 0 0 0 0 0 0 0 0 0 0 0 0 0 0 0 0 0 0 0 0 0 0 0 0 0 0 0 0 0 0 0 0 0 0 0 0 0 0 0 0 data 287 0x20005 0x0 0x0 0x23818186850 0x9a9 0x0 0x0 0xa0005 0x0 0x0 0x23818186850 0x9a9 0x0 0x0 0xd0002 0x9a9 0x190005 0x0 0x0 0x23818186850 0x9a9 0x0 0x0 0x210007 0x94b 0x38 0x5e 0x250003 0x5e 0x18 0x310007 0x959 0x38 0x50 0x350003 0x50 0x18 0x400007 0x959 0x38 0x50 0x440003 0x50 0x18 0x4e0007 0x74 0x38 0x935 0x520003 0x935 0x18 0x5b0007 0x959 0x50 0x50 0x5f0007 0x50 0x30 0x0 0x6c0002 0x0 0x750007 0x50 0x40 0x959 0x790007 0x24 0x38 0x935 0x7d0003 0x985 0x18 0x890007 0x9a9 0x38 0x0 0x8d0003 0x0 0x18 0x980007 0x9a9 0x140 0x0 0x9f0005 0x0 0x0 0x0 0x0 0x0 0x0 0xa40007 0x0 0xe8 0x0 0xb30002 0x0 0xb80005 0x0 0x0 0x0 0x0 0x0 0x0 0xbf0005 0x0 0x0 0x0 0x0 0x0 0x0 0xc20005 0x0 0x0 0x0 0x0 0x0 0x0 0xc50002 0x0 0xca0005 0x0 0x0 0x23818186850 0x9a9 0x0 0x0 0xd30007 0x9a9 0x108 0x0 0xd80007 0x0 0xe8 0x0 0xe70002 0x0 0xec0005 0x0 0x0 0x0 0x0 0x0 0x0 0xf10005 0x0 0x0 0x0 0x0 0x0 0x0 0xf40005 0x0 0x0 0x0 0x0 0x0 0x0 0xf70002 0x0 0xfe0007 0x371 0x38 0x638 0x1060003 0x638 0x18 0x1160007 0x9a9 0x2e0 0x1e51 0x11a0005 0x0 0x0 0x23818186850 0x1e51 0x0 0x0 0x1210005 0x0 0x0 0x23818186850 0x1e51 0x0 0x0 0x12a0007 0x1646 0x40 0x80a 0x1310007 0x74d 0x70 0xbd 0x1350005 0x0 0x0 0x23818186850 0x1703 0x0 0x0 0x1380003 0x1704 0x28 0x1470002 0x74d 0x15b0002 0x1e50 0x15e0004 0x0 0x0 0x2381620fde0 0x1e51 0x0 0x0 0x15f0003 0x1e51 0x150 0x1700002 0x0 0x1750005 0x0 0x0 0x0 0x0 0x0 0x0 0x17a0005 0x0 0x0 0x0 0x0 0x0 0x0 0x17d0005 0x0 0x0 0x0 0x0 0x0 0x0 0x1800002 0x0 0x1850005 0x0 0x0 0x0 0x0 0x0 0x0 0x1880004 0x0 0x0 0x0 0x0 0x0 0x0 0x18f0003 0x1e51 0xfffffffffffffd38 0x1930005 0x9a9 0x0 0x0 0x0 0x0 0x0 0x0 0x0 0x0 0x0 0x0 0x0 0x0 0x0 0x0 0x0 0x0 0x0 0x0 0x0 0x0 0x0 0x0 0x0 0x9 0x2 0x0 0x0 oops 8 3 org/apache/spark/serializer/JavaDeserializationStream$$anon$1 10 org/apache/spark/serializer/JavaDeserializationStream$$anon$1 19 org/apache/spark/serializer/JavaDeserializationStream$$anon$1 122 org/apache/spark/serializer/JavaDeserializationStream$$anon$1 173 org/apache/spark/serializer/JavaDeserializationStream$$anon$1 180 org/apache/spark/serializer/JavaDeserializationStream$$anon$1 195 org/apache/spark/serializer/JavaDeserializationStream$$anon$1 209 java/io/ObjectStreamField methods 0
ciMethodData java/io/ObjectInputStream isCustomSubclass ()Z 2 1508 orig 80 0 0 0 0 0 0 0 0 0 0 0 0 56 2 0 0 0 0 0 0 0 0 0 0 0 0 0 0 0 0 0 0 0 0 0 0 0 0 0 0 0 0 0 0 0 0 0 0 0 0 0 0 0 0 0 0 0 0 0 0 0 0 0 0 0 0 0 0 0 0 0 0 0 0 0 0 0 0 0 0 data 37 0x10005 0x499 0x0 0x0 0x0 0x0 0x0 0x40005 0x499 0x0 0x0 0x0 0x0 0x0 0x90005 0x499 0x0 0x0 0x0 0x0 0x0 0xc0007 0x0 0x38 0x499 0x100003 0x499 0x18 0x0 0x0 0x0 0x0 0x0 0x0 0x9 0x1 0x0 oops 0 methods 0
ciMethodData java/io/ObjectStreamClass initNonProxy (Ljava/io/ObjectStreamClass;Ljava/lang/Class;Ljava/lang/ClassNotFoundException;Ljava/io/ObjectStreamClass;)V 2 2801 orig 80 0 0 0 0 0 0 0 0 0 0 0 0 56 2 0 0 0 0 0 0 0 0 0 0 0 0 0 0 0 0 0 0 0 0 0 0 0 0 0 0 0 0 0 0 0 0 0 0 0 0 0 0 0 0 0 0 0 0 0 0 0 0 0 0 0 0 0 0 0 0 0 0 0 0 0 0 0 0 0 0 data 251 0x10005 0x0 0x0 0x238174a3ce0 0x9a9 0x0 0x0 0x40002 0x9a9 0x70005 0x9a9 0x0 0x0 0x0 0x0 0x0 0x100007 0x0 0x538 0x9a8 0x150002 0x9a9 0x1f0007 0x9a9 0x30 0x0 0x280002 0x0 0x350007 0x9a9 0x68 0x0 0x400007 0x0 0x38 0x0 0x450003 0x0 0x18 0x4a0002 0x0 0x570007 0x0 0x240 0x9a9 0x5b0005 0x9a9 0x0 0x0 0x0 0x0 0x0 0x5e0007 0xb3 0x1e8 0x8f6 0x650005 0x0 0x0 0x238174a3ce0 0x8f6 0x0 0x0 0x690007 0x8f6 0x190 0x0 0x790002 0x0 0x7e0005 0x0 0x0 0x0 0x0 0x0 0x0 0x830005 0x0 0x0 0x0 0x0 0x0 0x0 0x880005 0x0 0x0 0x0 0x0 0x0 0x0 0x8d0005 0x0 0x0 0x0 0x0 0x0 0x0 0x900005 0x0 0x0 0x0 0x0 0x0 0x0 0x930005 0x0 0x0 0x0 0x0 0x0 0x0 0x960002 0x0 0xa30002 0x9a9 0xa60007 0x9a9 0x120 0x0 0xb60002 0x0 0xbb0005 0x0 0x0 0x0 0x0 0x0 0x0 0xc20005 0x0 0x0 0x0 0x0 0x0 0x0 0xc70005 0x0 0x0 0x0 0x0 0x0 0x0 0xca0005 0x0 0x0 0x0 0x0 0x0 0x0 0xcd0002 0x0 0xd50007 0x0 0x100 0x9a9 0xe10007 0x0 0x50 0x9a9 0xed0007 0x9a9 0x30 0x0 0xfb0002 0x0 0x1080007 0x0 0x80 0x9a9 0x1140007 0x0 0x60 0x9a9 0x11b0007 0x985 0x50 0x24 0x1220007 0x0 0x30 0x24 0x1310002 0x24 0x1520002 0x9a9 0x19f0007 0x0 0x40 0x9a9 0x1e30007 0x24 0x20 0x985 0x2100002 0x9a9 0x21b0005 0x0 0x0 0x2381577bb90 0x9a9 0x0 0x0 0x0 0x0 0x0 0x0 0x0 0x0 0x0 0x0 0x0 0x0 0x0 0x0 0x0 0x0 0x0 0x0 0x0 0x0 0x0 0x0 0x0 0x0 0x0 0x0 0x0 0x0 0x0 0x0 0x0 0x0 0x0 0x0 0x0 0x0 0x0 0x0 0x0 0x0 0x0 0x0 0x0 0x0 0x9 0x5 0x0 0x0 0x0 0x0 0x0 oops 3 3 java/io/ObjectStreamClass 59 java/io/ObjectStreamClass 198 java/io/ObjectStreamClass$FieldReflector methods 0
ciMethodData java/io/ObjectStreamClass getLocalDesc ()Ljava/io/ObjectStreamClass; 2 1871 orig 80 0 0 0 0 0 0 0 0 0 0 0 0 56 2 0 0 0 0 0 0 0 0 0 0 0 0 0 0 0 0 0 0 0 0 0 0 0 0 0 0 0 0 0 0 0 0 0 0 0 0 0 0 0 0 0 0 0 0 0 0 0 0 0 0 0 0 0 0 0 0 0 0 0 0 0 0 0 0 0 0 data 16 0x10005 0x5a3 0x0 0x0 0x0 0x0 0x0 0x0 0x0 0x0 0x0 0x0 0x0 0x9 0x1 0x0 oops 0 methods 0
ciMethodData java/io/ObjectInputStream$BlockDataInputStream skipBlockData ()V 2 3867 orig 80 0 0 0 0 0 0 0 0 0 0 0 0 250 127 0 0 0 0 0 0 0 0 0 0 0 0 0 0 0 0 0 0 0 0 0 0 0 0 0 0 0 0 0 0 0 0 0 0 0 0 0 0 0 0 0 0 0 0 0 0 0 0 0 0 0 0 0 0 0 0 0 0 0 0 0 0 0 0 0 0 data 29 0x40007 0xd9b 0x30 0x0 0xd0002 0x0 0x150007 0xd9b 0x70 0xd9b 0x190005 0xd9b 0x0 0x0 0x0 0x0 0x0 0x1c0003 0xd9b 0xffffffffffffffa8 0x0 0x0 0x0 0x0 0x0 0x0 0x9 0x1 0x0 oops 0 methods 0
ciMethod org/sparkproject/guava/primitives/UnsignedBytes toInt (B)I 1481 1 178 0 -1
ciMethodData org/apache/spark/serializer/JavaDeserializationStream$$anon$1 resolveClass (Ljava/io/ObjectStreamClass;)Ljava/lang/Class; 2 2803 orig 80 0 0 0 0 0 0 0 0 0 0 0 0 0 0 0 0 0 0 0 0 0 0 0 0 0 0 0 0 0 0 0 0 0 0 0 0 0 0 0 0 0 0 0 0 0 0 0 0 0 0 0 0 0 0 0 0 0 0 0 0 0 0 0 0 0 0 0 0 0 0 0 0 0 0 0 0 0 0 0 0 data 59 0x10005 0x0 0x0 0x238174a3ce0 0x8f3 0x0 0x0 0xc0002 0x8f3 0xf0003 0x8f3 0x140 0x160005 0x0 0x0 0x0 0x0 0x0 0x0 0x1a0005 0x0 0x0 0x0 0x0 0x0 0x0 0x1e000a 0x0 0x3 0x0 0x0 0x0 0x230005 0x0 0x0 0x0 0x0 0x0 0x0 0x280004 0x0 0x0 0x0 0x0 0x0 0x0 0x2b0003 0x0 0x18 0x0 0x0 0x0 0x0 0x0 0x0 0x9 0x2 0x0 0x0 oops 1 3 java/io/ObjectStreamClass methods 0
ciMethodData java/io/EOFException <init> ()V 1 25 orig 80 0 0 0 0 0 0 0 0 0 0 0 0 149 0 0 0 0 0 0 0 0 0 0 0 0 0 0 0 0 0 0 0 0 0 0 0 0 0 0 0 0 0 0 0 0 0 0 0 0 0 0 0 0 0 0 0 0 0 0 0 0 0 0 0 0 0 0 0 0 0 0 0 0 0 0 0 0 0 0 0 data 7 0x10002 0x16 0x0 0x0 0x9 0x1 0x1c oops 0 methods 0
ciMethod java/lang/Object <init> ()V 4097 1 1886454 0 96
ciMethod java/lang/Object getClass ()Ljava/lang/Class; 2049 1 256 0 -1
ciMethod java/lang/String <init> ([C)V 2073 1 14224 0 -1
ciMethod java/lang/Class forName (Ljava/lang/String;ZLjava/lang/ClassLoader;)Ljava/lang/Class; 2081 1 5714 0 0
ciMethod java/lang/Class forName0 (Ljava/lang/String;ZLjava/lang/ClassLoader;Ljava/lang/Class;)Ljava/lang/Class; 2049 1 256 2 -1
ciMethod java/lang/Class isArray ()Z 2049 1 256 0 -1
ciMethod java/lang/Class getClassLoader ()Ljava/lang/ClassLoader; 1545 1 42270 0 -1
ciMethod java/lang/Class getClassLoader0 ()Ljava/lang/ClassLoader; 1073 1 134 0 0
ciMethod java/lang/ClassLoader getClassLoader (Ljava/lang/Class;)Ljava/lang/ClassLoader; 17 1 495 0 -1
ciMethod java/lang/ClassLoader checkClassLoaderPermission (Ljava/lang/ClassLoader;Ljava/lang/Class;)V 0 0 1 0 -1
ciMethod java/lang/System getSecurityManager ()Ljava/lang/SecurityManager; 2049 1 95465 0 64
ciMethod java/lang/System arraycopy (Ljava/lang/Object;ILjava/lang/Object;II)V 2049 1 256 0 -1
ciMethod java/lang/Throwable getMessage ()Ljava/lang/String; 25 1 3 0 -1
ciMethod java/lang/SecurityManager checkPermission (Ljava/security/Permission;)V 0 0 1 0 -1
ciMethod java/lang/ClassNotFoundException <init> (Ljava/lang/String;)V 3073 1 1224 0 -1
ciMethod java/lang/StringBuilder <init> ()V 593 1 107431 0 -1
ciMethod java/lang/StringBuilder append (Ljava/lang/String;)Ljava/lang/StringBuilder; 1169 1 437960 0 -1
ciMethod java/lang/StringBuilder append (I)Ljava/lang/StringBuilder; 25 1 18741 0 -1
ciMethod java/lang/StringBuilder toString ()Ljava/lang/String; 593 1 178919 0 -1
ciMethod java/io/InputStream read ()I 0 0 1 0 -1
ciMethod java/io/InputStream read ([BII)I 0 0 1 0 -1
ciMethod java/nio/Buffer position ()I 1241 1 155 0 0
ciMethod java/nio/Buffer position (I)Ljava/nio/Buffer; 2777 1 11674 0 128
ciMethod java/nio/Buffer createPositionException (I)Ljava/lang/IllegalArgumentException; 0 0 1 0 -1
ciMethod java/nio/Buffer limit ()I 1025 1 128 0 0
ciMethod java/nio/Buffer remaining ()I 2081 1 25670 0 64
ciMethod java/nio/Buffer hasRemaining ()Z 3153 1 79119 0 -1
ciMethod java/nio/Buffer nextGetIndex ()I 2945 1 15592 0 0
ciMethod java/nio/Buffer checkBounds (III)V 4097 1 14658 0 0
ciMethod java/lang/Long valueOf (J)Ljava/lang/Long; 2865 1 7639 0 -1
ciMethod java/lang/Long longValue ()J 1121 1 140 0 -1
ciMethod java/io/ObjectStreamField <init> (Ljava/lang/String;Ljava/lang/String;Z)V 3673 1 6061 0 -1
ciMethod jdk/internal/reflect/Reflection getCallerClass ()Ljava/lang/Class; 2057 1 257 0 -1
ciMethod java/lang/Math min (II)I 2049 1 160470 0 -1
ciMethod java/nio/ByteBuffer get ()B 0 0 1 0 -1
ciMethod java/nio/ByteBuffer get ([BII)Ljava/nio/ByteBuffer; 0 0 1 0 -1
ciMethod java/nio/ByteBuffer position (I)Ljava/nio/ByteBuffer; 2049 1 30905 0 128
ciMethod java/nio/HeapByteBuffer ix (I)I 2049 1 17442 0 64
ciMethod java/nio/HeapByteBuffer get ()B 2049 1 5684 0 160
ciMethod java/nio/HeapByteBuffer get ([BII)Ljava/nio/ByteBuffer; 2201 1 6505 0 448
ciMethod java/lang/IllegalArgumentException <init> (Ljava/lang/String;)V 0 0 1 0 -1
ciMethodData java/lang/Object <init> ()V 2 1886454 orig 80 1 0 0 0 0 0 0 0 0 0 0 0 250 127 0 0 0 0 0 0 0 0 0 0 0 0 0 0 0 0 0 0 0 0 0 0 0 0 0 0 0 0 0 0 0 0 0 0 0 0 0 0 0 0 0 0 0 0 0 0 0 0 0 0 0 0 0 0 0 0 0 0 0 0 0 0 0 0 0 0 data 4 0x0 0x9 0x1 0x0 oops 0 methods 0
ciMethod java/lang/Enum name ()Ljava/lang/String; 1201 1 150 0 -1
ciMethodData java/lang/System getSecurityManager ()Ljava/lang/SecurityManager; 2 95466 orig 80 0 0 0 0 0 0 0 0 0 0 0 0 250 127 0 0 0 0 0 0 0 0 0 0 0 0 0 0 0 0 0 0 0 0 0 0 0 0 0 0 0 0 0 0 0 0 0 0 0 0 0 0 0 0 0 0 0 0 0 0 0 0 0 0 0 0 0 0 0 0 0 0 0 0 0 0 0 0 0 0 data 4 0x0 0x0 0x9 0x0 oops 0 methods 0
ciMethodData java/lang/Class getClassLoader ()Ljava/lang/ClassLoader; 2 42270 orig 80 0 0 0 0 0 0 0 0 0 0 0 0 56 2 0 0 0 0 0 0 0 0 0 0 0 0 0 0 0 0 0 0 0 0 0 0 0 0 0 0 0 0 0 0 0 0 0 0 0 0 0 0 0 0 0 0 0 0 0 0 0 0 0 0 0 0 0 0 0 0 0 0 0 0 0 0 0 0 0 0 data 30 0x10005 0xa460 0x0 0x0 0x0 0x0 0x0 0x60007 0x5639 0x20 0x4e2c 0xb0002 0x563a 0x100007 0x5639 0x40 0x0 0x140002 0x0 0x170002 0x0 0x0 0x0 0x0 0x0 0x0 0x0 0x9 0x1 0x0 oops 0 methods 0
ciMethodData java/nio/ByteBuffer position (I)Ljava/nio/ByteBuffer; 2 30905 orig 80 1 0 0 0 0 0 0 0 0 0 0 0 250 127 0 0 0 0 0 0 0 0 0 0 0 0 0 0 0 0 0 0 0 0 0 0 0 0 0 0 0 0 0 0 0 0 0 0 0 0 0 0 0 0 0 0 0 0 0 0 0 0 0 0 0 0 0 0 0 0 0 0 0 0 0 0 0 0 0 0 data 9 0x20002 0x77bf 0x0 0x0 0x0 0x9 0x2 0xe 0x0 oops 0 methods 0
ciMethodData java/nio/Buffer position (I)Ljava/nio/Buffer; 2 11674 orig 80 1 0 0 0 0 0 0 0 0 0 0 0 0 0 0 0 0 0 0 0 0 0 0 0 0 0 0 0 0 0 0 0 0 0 0 0 0 0 2 0 0 0 0 0 0 0 0 0 0 0 0 0 0 0 0 0 0 0 0 0 0 0 0 0 0 0 0 0 0 0 0 0 0 0 0 0 0 0 0 0 data 39 0x50007 0x2c3f 0x38 0x0 0x90003 0x0 0x18 0xe0007 0x2c3f 0x38 0x0 0x120003 0x0 0x18 0x170007 0x2c3f 0x58 0x0 0x1c0005 0x0 0x0 0x0 0x0 0x0 0x0 0x8000000600250007 0x2c3f 0x20 0x2 0x0 0x0 0x0 0x0 0x0 0x0 0x9 0x2 0xe 0x0 oops 0 methods 0
ciMethod scala/collection/Iterator hasNext ()Z 0 0 1 0 -1
ciMethod scala/collection/Iterator next ()Ljava/lang/Object; 0 0 1 0 -1
ciMethodData java/nio/Buffer createPositionException (I)Ljava/lang/IllegalArgumentException; 1 0 orig 80 0 0 0 0 0 0 0 0 0 0 0 0 56 2 0 0 0 0 0 0 0 0 0 0 0 0 0 0 0 0 0 0 0 0 0 0 0 0 0 0 0 0 0 0 0 0 0 0 0 0 0 0 0 0 0 0 0 0 0 0 0 0 0 0 0 0 0 0 0 0 0 0 0 0 0 0 0 0 0 0 data 103 0x70007 0x0 0x198 0x0 0xe0002 0x0 0x130005 0x0 0x0 0x0 0x0 0x0 0x0 0x170005 0x0 0x0 0x0 0x0 0x0 0x0 0x1c0005 0x0 0x0 0x0 0x0 0x0 0x0 0x230005 0x0 0x0 0x0 0x0 0x0 0x0 0x280005 0x0 0x0 0x0 0x0 0x0 0x0 0x2b0005 0x0 0x0 0x0 0x0 0x0 0x0 0x2f0003 0x0 0x158 0x350007 0x0 0x50 0x0 0x390007 0x0 0x30 0x0 0x420002 0x0 0x4a0002 0x0 0x4f0005 0x0 0x0 0x0 0x0 0x0 0x0 0x530005 0x0 0x0 0x0 0x0 0x0 0x0 0x580005 0x0 0x0 0x0 0x0 0x0 0x0 0x5b0005 0x0 0x0 0x0 0x0 0x0 0x0 0x640002 0x0 0x0 0x0 0x0 0x0 0x0 0x0 0x9 0x2 0x0 0x0 oops 0 methods 0
ciMethod java/lang/AssertionError <init> (Ljava/lang/Object;)V 0 0 1 0 -1
ciMethod scala/math/package$ min (II)I 1233 1 36736 0 64
ciMethod java/io/IOException <init> ()V 97 1 25 0 -1
ciMethod java/io/ObjectInputStream resolveClass (Ljava/io/ObjectStreamClass;)Ljava/lang/Class; 0 0 1 0 -1
ciMethod java/io/ObjectInputStream readClassDescriptor ()Ljava/io/ObjectStreamClass; 2641 1 1501 0 0
ciMethod java/io/ObjectInputStream readByte ()B 2913 1 11360 0 -1
ciMethod java/io/ObjectInputStream readShort ()S 4097 1 2801 0 -1
ciMethod java/io/ObjectInputStream readLong ()J 3073 1 3237 0 -1
ciMethod java/io/ObjectInputStream readUTF ()Ljava/lang/String; 2545 1 11314 0 -1
ciMethod java/io/ObjectInputStream filterCheck (Ljava/lang/Class;I)V 3545 1 5914 0 -1
ciMethod java/io/ObjectInputStream readObject0 (Ljava/lang/Class;Z)Ljava/lang/Object; 4097 1 6805 0 -1
ciMethod java/io/ObjectInputStream readTypeString ()Ljava/lang/String; 2097 1 6384 0 -1
ciMethod java/io/ObjectInputStream readNull ()Ljava/lang/Object; 745 1 8308 0 0
ciMethod java/io/ObjectInputStream readHandle (Z)Ljava/lang/Object; 4097 1 14285 0 1248
ciMethod java/io/ObjectInputStream readClassDesc (Z)Ljava/io/ObjectStreamClass; 3977 1 6950 0 0
ciMethod java/io/ObjectInputStream isCustomSubclass ()Z 2649 1 1502 0 0
ciMethod java/io/ObjectInputStream readProxyDesc (Z)Ljava/io/ObjectStreamClass; 0 0 1 0 -1
ciMethod java/io/ObjectInputStream readNonProxyDesc (Z)Ljava/io/ObjectStreamClass; 1633 1 1503 0 0
ciMethod java/io/ObjectInputStream skipCustomData ()V 1705 1 3869 0 0
ciMethod java/io/ObjectInputStream handleReset ()V 0 0 1 0 -1
ciMethod java/io/DataInputStream readInt ()I 833 1 1538 0 -1
ciMethodData java/nio/Buffer nextGetIndex ()I 2 15592 orig 80 0 0 0 0 0 0 0 0 0 0 0 0 149 0 0 0 0 0 0 0 0 0 0 0 0 0 0 0 0 0 0 0 0 0 0 0 0 0 0 0 0 0 0 0 0 0 0 0 0 0 0 0 0 0 0 0 0 0 0 0 0 0 0 0 0 0 0 0 0 0 0 0 0 0 0 0 0 0 0 0 data 13 0xa0007 0x3b79 0x30 0x0 0x110002 0x0 0x0 0x0 0x0 0x0 0x9 0x1 0x8 oops 0 methods 0
ciMethod sun/reflect/misc/ReflectUtil checkPackageAccess (Ljava/lang/Class;)V 1 1 1586 0 0
ciMethod sun/reflect/misc/ReflectUtil privateCheckPackageAccess (Ljava/lang/SecurityManager;Ljava/lang/Class;)V 0 0 1 0 -1
ciMethod java/io/EOFException <init> ()V 25 1 25 0 0
ciMethodData sun/reflect/misc/ReflectUtil checkPackageAccess (Ljava/lang/Class;)V 2 1592 orig 80 0 0 0 0 0 0 0 0 0 0 0 0 250 127 0 0 0 0 0 0 0 0 0 0 0 0 0 0 0 0 0 0 0 0 0 0 0 0 0 0 0 0 0 0 0 0 0 0 0 0 0 0 0 0 0 0 0 0 0 0 0 0 0 0 0 0 0 0 0 0 0 0 0 0 0 0 0 0 0 0 data 17 0x2 0x638 0x50007 0x636 0x30 0x0 0xa0002 0x0 0x0 0x0 0x0 0x0 0x0 0x0 0x9 0x1 0x0 oops 0 methods 0
ciMethod java/io/InvalidObjectException <init> (Ljava/lang/String;)V 0 0 1 0 -1
compile java/io/ObjectInputStream readClassDesc (Z)Ljava/io/ObjectStreamClass; -1 4 inline 284 0 -1 java/io/ObjectInputStream readClassDesc (Z)Ljava/io/ObjectStreamClass; 1 4 java/io/ObjectInputStream$BlockDataInputStream peekByte ()B 2 1 java/io/ObjectInputStream$BlockDataInputStream peek ()I 3 51 java/io/ObjectInputStream$PeekInputStream peek ()I 4 17 org/apache/spark/util/ByteBufferInputStream read ()I 5 1 org/apache/spark/util/ByteBufferInputStream buffer ()Ljava/nio/ByteBuffer; 5 8 org/apache/spark/util/ByteBufferInputStream buffer ()Ljava/nio/ByteBuffer; 5 11 java/nio/Buffer remaining ()I 5 25 org/apache/spark/util/ByteBufferInputStream buffer ()Ljava/nio/ByteBuffer; 5 28 java/nio/HeapByteBuffer get ()B 6 6 java/nio/Buffer nextGetIndex ()I 6 9 java/nio/HeapByteBuffer ix (I)I 1 90 java/io/ObjectInputStream readNonProxyDesc (Z)Ljava/io/ObjectStreamClass; 2 4 java/io/ObjectInputStream$BlockDataInputStream readByte ()B 3 1 java/io/ObjectInputStream$BlockDataInputStream read ()I 4 58 java/io/ObjectInputStream$PeekInputStream read ()I 5 23 org/apache/spark/util/ByteBufferInputStream read ()I 6 1 org/apache/spark/util/ByteBufferInputStream buffer ()Ljava/nio/ByteBuffer; 6 8 org/apache/spark/util/ByteBufferInputStream buffer ()Ljava/nio/ByteBuffer; 6 11 java/nio/Buffer remaining ()I 6 25 org/apache/spark/util/ByteBufferInputStream buffer ()Ljava/nio/ByteBuffer; 6 28 java/nio/HeapByteBuffer get ()B 7 6 java/nio/Buffer nextGetIndex ()I 7 9 java/nio/HeapByteBuffer ix (I)I 2 24 java/io/ObjectStreamClass <init> ()V 3 1 java/lang/Object <init> ()V 2 53 java/io/ObjectInputStream readClassDescriptor ()Ljava/io/ObjectStreamClass; 3 4 java/io/ObjectStreamClass <init> ()V 4 1 java/lang/Object <init> ()V 2 92 java/io/ObjectInputStream$BlockDataInputStream setBlockDataMode (Z)Z 2 97 java/io/ObjectInputStream isCustomSubclass ()Z 3 4 java/lang/Class getClassLoader ()Ljava/lang/ClassLoader; 4 1 java/lang/Class getClassLoader0 ()Ljava/lang/ClassLoader; 4 11 java/lang/System getSecurityManager ()Ljava/lang/SecurityManager; 3 9 java/lang/Class getClassLoader ()Ljava/lang/ClassLoader; 4 1 java/lang/Class getClassLoader0 ()Ljava/lang/ClassLoader; 4 11 java/lang/System getSecurityManager ()Ljava/lang/SecurityManager; 2 105 org/apache/spark/serializer/JavaDeserializationStream$$anon$1 resolveClass (Ljava/io/ObjectStreamClass;)Ljava/lang/Class; 3 1 java/io/ObjectStreamClass getName ()Ljava/lang/String; 3 12 java/lang/Class forName (Ljava/lang/String;ZLjava/lang/ClassLoader;)Ljava/lang/Class; 4 2 java/lang/System getSecurityManager ()Ljava/lang/SecurityManager; 2 135 sun/reflect/misc/ReflectUtil checkPackageAccess (Ljava/lang/Class;)V 3 0 java/lang/System getSecurityManager ()Ljava/lang/SecurityManager; 2 155 java/io/ObjectInputStream skipCustomData ()V 3 9 java/io/ObjectInputStream$BlockDataInputStream getBlockDataMode ()Z 3 19 java/io/ObjectInputStream$BlockDataInputStream skipBlockData ()V 4 25 java/io/ObjectInputStream$BlockDataInputStream refill ()V 5 31 java/io/ObjectInputStream$PeekInputStream read ([BII)I 6 20 org/apache/spark/util/ByteBufferInputStream read ([BII)I 7 1 org/apache/spark/util/ByteBufferInputStream buffer ()Ljava/nio/ByteBuffer; 7 8 org/apache/spark/util/ByteBufferInputStream buffer ()Ljava/nio/ByteBuffer; 7 11 java/nio/Buffer remaining ()I 7 28 org/apache/spark/util/ByteBufferInputStream buffer ()Ljava/nio/ByteBuffer; 7 31 java/nio/Buffer remaining ()I 7 35 scala/math/package$ min (II)I 7 41 org/apache/spark/util/ByteBufferInputStream buffer ()Ljava/nio/ByteBuffer; 7 48 java/nio/HeapByteBuffer get ([BII)Ljava/nio/ByteBuffer; 8 4 java/nio/Buffer checkBounds (III)V 8 8 java/nio/Buffer position ()I 8 15 java/nio/Buffer limit ()I 8 39 java/nio/HeapByteBuffer ix (I)I 8 53 java/nio/ByteBuffer position (I)Ljava/nio/ByteBuffer; 9 2 java/nio/Buffer position (I)Ljava/nio/Buffer; 5 72 java/io/ObjectInputStream$BlockDataInputStream readBlockHeader (Z)I 6 40 java/io/ObjectInputStream$PeekInputStream peek ()I 7 17 org/apache/spark/util/ByteBufferInputStream read ()I 8 1 org/apache/spark/util/ByteBufferInputStream buffer ()Ljava/nio/ByteBuffer; 8 8 org/apache/spark/util/ByteBufferInputStream buffer ()Ljava/nio/ByteBuffer; 8 11 java/nio/Buffer remaining ()I 8 25 org/apache/spark/util/ByteBufferInputStream buffer ()Ljava/nio/ByteBuffer; 8 28 java/nio/HeapByteBuffer get ()B 9 6 java/nio/Buffer nextGetIndex ()I 9 9 java/nio/HeapByteBuffer ix (I)I 6 94 java/io/ObjectInputStream$PeekInputStream readFully ([BII)V 7 19 java/io/ObjectInputStream$PeekInputStream read ([BII)I 8 20 org/apache/spark/util/ByteBufferInputStream read ([BII)I 9 1 org/apache/spark/util/ByteBufferInputStream buffer ()Ljava/nio/ByteBuffer; 9 8 org/apache/spark/util/ByteBufferInputStream buffer ()Ljava/nio/ByteBuffer; 9 11 java/nio/Buffer remaining ()I 9 28 org/apache/spark/util/ByteBufferInputStream buffer ()Ljava/nio/ByteBuffer; 9 31 java/nio/Buffer remaining ()I 9 35 scala/math/package$ min (II)I 9 41 org/apache/spark/util/ByteBufferInputStream buffer ()Ljava/nio/ByteBuffer; 9 48 java/nio/HeapByteBuffer get ([BII)Ljava/nio/ByteBuffer; 10 4 java/nio/Buffer checkBounds (III)V 10 8 java/nio/Buffer position ()I 10 15 java/nio/Buffer limit ()I 10 39 java/nio/HeapByteBuffer ix (I)I 10 53 java/nio/ByteBuffer position (I)Ljava/nio/ByteBuffer; 3 27 java/io/ObjectInputStream$BlockDataInputStream setBlockDataMode (Z)Z 3 35 java/io/ObjectInputStream$BlockDataInputStream peekByte ()B 4 1 java/io/ObjectInputStream$BlockDataInputStream peek ()I 5 51 java/io/ObjectInputStream$PeekInputStream peek ()I 6 17 org/apache/spark/util/ByteBufferInputStream read ()I 7 1 org/apache/spark/util/ByteBufferInputStream buffer ()Ljava/nio/ByteBuffer; 7 8 org/apache/spark/util/ByteBufferInputStream buffer ()Ljava/nio/ByteBuffer; 7 11 java/nio/Buffer remaining ()I 7 25 org/apache/spark/util/ByteBufferInputStream buffer ()Ljava/nio/ByteBuffer; 7 28 java/nio/HeapByteBuffer get ()B 8 6 java/nio/Buffer nextGetIndex ()I 8 9 java/nio/HeapByteBuffer ix (I)I 3 84 java/io/ObjectInputStream$BlockDataInputStream readByte ()B 4 1 java/io/ObjectInputStream$BlockDataInputStream read ()I 5 58 java/io/ObjectInputStream$PeekInputStream read ()I 6 23 org/apache/spark/util/ByteBufferInputStream read ()I 7 1 org/apache/spark/util/ByteBufferInputStream buffer ()Ljava/nio/ByteBuffer; 7 8 org/apache/spark/util/ByteBufferInputStream buffer ()Ljava/nio/ByteBuffer; 7 11 java/nio/Buffer remaining ()I 7 25 org/apache/spark/util/ByteBufferInputStream buffer ()Ljava/nio/ByteBuffer; 7 28 java/nio/HeapByteBuffer get ()B 8 6 java/nio/Buffer nextGetIndex ()I 8 9 java/nio/HeapByteBuffer ix (I)I 2 187 java/io/ObjectInputStream readClassDesc (Z)Ljava/io/ObjectStreamClass; 3 4 java/io/ObjectInputStream$BlockDataInputStream peekByte ()B 4 1 java/io/ObjectInputStream$BlockDataInputStream peek ()I 5 51 java/io/ObjectInputStream$PeekInputStream peek ()I 6 17 org/apache/spark/util/ByteBufferInputStream read ()I 7 1 org/apache/spark/util/ByteBufferInputStream buffer ()Ljava/nio/ByteBuffer; 7 8 org/apache/spark/util/ByteBufferInputStream buffer ()Ljava/nio/ByteBuffer; 7 11 java/nio/Buffer remaining ()I 7 25 org/apache/spark/util/ByteBufferInputStream buffer ()Ljava/nio/ByteBuffer; 7 28 java/nio/HeapByteBuffer get ()B 8 6 java/nio/Buffer nextGetIndex ()I 8 9 java/nio/HeapByteBuffer ix (I)I 3 90 java/io/ObjectInputStream readNonProxyDesc (Z)Ljava/io/ObjectStreamClass; 4 4 java/io/ObjectInputStream$BlockDataInputStream readByte ()B 5 1 java/io/ObjectInputStream$BlockDataInputStream read ()I 6 58 java/io/ObjectInputStream$PeekInputStream read ()I 7 23 org/apache/spark/util/ByteBufferInputStream read ()I 8 1 org/apache/spark/util/ByteBufferInputStream buffer ()Ljava/nio/ByteBuffer; 8 8 org/apache/spark/util/ByteBufferInputStream buffer ()Ljava/nio/ByteBuffer; 8 11 java/nio/Buffer remaining ()I 8 25 org/apache/spark/util/ByteBufferInputStream buffer ()Ljava/nio/ByteBuffer; 8 28 java/nio/HeapByteBuffer get ()B 9 6 java/nio/Buffer nextGetIndex ()I 9 9 java/nio/HeapByteBuffer ix (I)I 4 24 java/io/ObjectStreamClass <init> ()V 5 1 java/lang/Object <init> ()V 4 53 java/io/ObjectInputStream readClassDescriptor ()Ljava/io/ObjectStreamClass; 5 4 java/io/ObjectStreamClass <init> ()V 6 1 java/lang/Object <init> ()V 4 92 java/io/ObjectInputStream$BlockDataInputStream setBlockDataMode (Z)Z 4 97 java/io/ObjectInputStream isCustomSubclass ()Z 5 4 java/lang/Class getClassLoader ()Ljava/lang/ClassLoader; 6 1 java/lang/Class getClassLoader0 ()Ljava/lang/ClassLoader; 6 11 java/lang/System getSecurityManager ()Ljava/lang/SecurityManager; 5 9 java/lang/Class getClassLoader ()Ljava/lang/ClassLoader; 6 1 java/lang/Class getClassLoader0 ()Ljava/lang/ClassLoader; 6 11 java/lang/System getSecurityManager ()Ljava/lang/SecurityManager; 4 105 org/apache/spark/serializer/JavaDeserializationStream$$anon$1 resolveClass (Ljava/io/ObjectStreamClass;)Ljava/lang/Class; 5 1 java/io/ObjectStreamClass getName ()Ljava/lang/String; 5 12 java/lang/Class forName (Ljava/lang/String;ZLjava/lang/ClassLoader;)Ljava/lang/Class; 6 2 java/lang/System getSecurityManager ()Ljava/lang/SecurityManager; 4 135 sun/reflect/misc/ReflectUtil checkPackageAccess (Ljava/lang/Class;)V 5 0 java/lang/System getSecurityManager ()Ljava/lang/SecurityManager; 4 155 java/io/ObjectInputStream skipCustomData ()V 5 9 java/io/ObjectInputStream$BlockDataInputStream getBlockDataMode ()Z 5 19 java/io/ObjectInputStream$BlockDataInputStream skipBlockData ()V 6 25 java/io/ObjectInputStream$BlockDataInputStream refill ()V 7 31 java/io/ObjectInputStream$PeekInputStream read ([BII)I 8 20 org/apache/spark/util/ByteBufferInputStream read ([BII)I 9 1 org/apache/spark/util/ByteBufferInputStream buffer ()Ljava/nio/ByteBuffer; 9 8 org/apache/spark/util/ByteBufferInputStream buffer ()Ljava/nio/ByteBuffer; 9 11 java/nio/Buffer remaining ()I 9 28 org/apache/spark/util/ByteBufferInputStream buffer ()Ljava/nio/ByteBuffer; 9 31 java/nio/Buffer remaining ()I 9 35 scala/math/package$ min (II)I 9 41 org/apache/spark/util/ByteBufferInputStream buffer ()Ljava/nio/ByteBuffer; 9 48 java/nio/HeapByteBuffer get ([BII)Ljava/nio/ByteBuffer; 10 4 java/nio/Buffer checkBounds (III)V 10 8 java/nio/Buffer position ()I 10 15 java/nio/Buffer limit ()I 10 39 java/nio/HeapByteBuffer ix (I)I 10 53 java/nio/ByteBuffer position (I)Ljava/nio/ByteBuffer; 7 72 java/io/ObjectInputStream$BlockDataInputStream readBlockHeader (Z)I 8 40 java/io/ObjectInputStream$PeekInputStream peek ()I 9 17 org/apache/spark/util/ByteBufferInputStream read ()I 10 1 org/apache/spark/util/ByteBufferInputStream buffer ()Ljava/nio/ByteBuffer; 10 8 org/apache/spark/util/ByteBufferInputStream buffer ()Ljava/nio/ByteBuffer; 10 11 java/nio/Buffer remaining ()I 10 25 org/apache/spark/util/ByteBufferInputStream buffer ()Ljava/nio/ByteBuffer; 10 28 java/nio/HeapByteBuffer get ()B 8 94 java/io/ObjectInputStream$PeekInputStream readFully ([BII)V 9 19 java/io/ObjectInputStream$PeekInputStream read ([BII)I 10 20 org/apache/spark/util/ByteBufferInputStream read ([BII)I 11 1 org/apache/spark/util/ByteBufferInputStream buffer ()Ljava/nio/ByteBuffer; 11 8 org/apache/spark/util/ByteBufferInputStream buffer ()Ljava/nio/ByteBuffer; 11 28 org/apache/spark/util/ByteBufferInputStream buffer ()Ljava/nio/ByteBuffer; 11 41 org/apache/spark/util/ByteBufferInputStream buffer ()Ljava/nio/ByteBuffer; 5 27 java/io/ObjectInputStream$BlockDataInputStream setBlockDataMode (Z)Z 5 35 java/io/ObjectInputStream$BlockDataInputStream peekByte ()B 6 1 java/io/ObjectInputStream$BlockDataInputStream peek ()I 7 51 java/io/ObjectInputStream$PeekInputStream peek ()I 8 17 org/apache/spark/util/ByteBufferInputStream read ()I 9 1 org/apache/spark/util/ByteBufferInputStream buffer ()Ljava/nio/ByteBuffer; 9 8 org/apache/spark/util/ByteBufferInputStream buffer ()Ljava/nio/ByteBuffer; 9 11 java/nio/Buffer remaining ()I 9 25 org/apache/spark/util/ByteBufferInputStream buffer ()Ljava/nio/ByteBuffer; 9 28 java/nio/HeapByteBuffer get ()B 10 6 java/nio/Buffer nextGetIndex ()I 10 9 java/nio/HeapByteBuffer ix (I)I 5 84 java/io/ObjectInputStream$BlockDataInputStream readByte ()B 6 1 java/io/ObjectInputStream$BlockDataInputStream read ()I 7 58 java/io/ObjectInputStream$PeekInputStream read ()I 8 23 org/apache/spark/util/ByteBufferInputStream read ()I 9 1 org/apache/spark/util/ByteBufferInputStream buffer ()Ljava/nio/ByteBuffer; 9 8 org/apache/spark/util/ByteBufferInputStream buffer ()Ljava/nio/ByteBuffer; 9 11 java/nio/Buffer remaining ()I 9 25 org/apache/spark/util/ByteBufferInputStream buffer ()Ljava/nio/ByteBuffer; 9 28 java/nio/HeapByteBuffer get ()B 10 6 java/nio/Buffer nextGetIndex ()I 10 9 java/nio/HeapByteBuffer ix (I)I 4 202 java/io/ObjectStreamClass getSuperDesc ()Ljava/io/ObjectStreamClass; 5 1 java/io/ObjectStreamClass requireInitialized ()V 4 214 java/io/ObjectStreamClass getLocalDesc ()Ljava/io/ObjectStreamClass; 5 1 java/io/ObjectStreamClass requireInitialized ()V 4 237 java/io/ObjectStreamClass getLocalDesc ()Ljava/io/ObjectStreamClass; 5 1 java/io/ObjectStreamClass requireInitialized ()V 4 240 java/io/ObjectStreamClass getSuperDesc ()Ljava/io/ObjectStreamClass; 5 1 java/io/ObjectStreamClass requireInitialized ()V 4 310 java/io/ObjectInputStream$HandleTable finish (I)V 3 65 java/io/ObjectInputStream readHandle (Z)Ljava/lang/Object; 4 4 java/io/ObjectInputStream$BlockDataInputStream readByte ()B 5 1 java/io/ObjectInputStream$BlockDataInputStream read ()I 6 58 java/io/ObjectInputStream$PeekInputStream read ()I 7 23 org/apache/spark/util/ByteBufferInputStream read ()I 8 1 org/apache/spark/util/ByteBufferInputStream buffer ()Ljava/nio/ByteBuffer; 8 8 org/apache/spark/util/ByteBufferInputStream buffer ()Ljava/nio/ByteBuffer; 8 11 java/nio/Buffer remaining ()I 8 25 org/apache/spark/util/ByteBufferInputStream buffer ()Ljava/nio/ByteBuffer; 8 28 java/nio/HeapByteBuffer get ()B 9 6 java/nio/Buffer nextGetIndex ()I 9 9 java/nio/HeapByteBuffer ix (I)I 4 49 java/io/ObjectInputStream$HandleTable size ()I 4 107 java/io/ObjectInputStream$HandleTable lookupObject (I)Ljava/lang/Object; 3 73 java/io/ObjectStreamClass checkInitialized ()V 3 53 java/io/ObjectInputStream readNull ()Ljava/lang/Object; 4 4 java/io/ObjectInputStream$BlockDataInputStream readByte ()B 5 1 java/io/ObjectInputStream$BlockDataInputStream read ()I 6 58 java/io/ObjectInputStream$PeekInputStream read ()I 7 23 org/apache/spark/util/ByteBufferInputStream read ()I 8 1 org/apache/spark/util/ByteBufferInputStream buffer ()Ljava/nio/ByteBuffer; 8 8 org/apache/spark/util/ByteBufferInputStream buffer ()Ljava/nio/ByteBuffer; 8 11 java/nio/Buffer remaining ()I 8 25 org/apache/spark/util/ByteBufferInputStream buffer ()Ljava/nio/ByteBuffer; 8 28 java/nio/HeapByteBuffer get ()B 9 6 java/nio/Buffer nextGetIndex ()I 9 9 java/nio/HeapByteBuffer ix (I)I 2 202 java/io/ObjectStreamClass getSuperDesc ()Ljava/io/ObjectStreamClass; 3 1 java/io/ObjectStreamClass requireInitialized ()V 2 214 java/io/ObjectStreamClass getLocalDesc ()Ljava/io/ObjectStreamClass; 3 1 java/io/ObjectStreamClass requireInitialized ()V 2 237 java/io/ObjectStreamClass getLocalDesc ()Ljava/io/ObjectStreamClass; 3 1 java/io/ObjectStreamClass requireInitialized ()V 2 240 java/io/ObjectStreamClass getSuperDesc ()Ljava/io/ObjectStreamClass; 3 1 java/io/ObjectStreamClass requireInitialized ()V 2 310 java/io/ObjectInputStream$HandleTable finish (I)V 1 65 java/io/ObjectInputStream readHandle (Z)Ljava/lang/Object; 2 4 java/io/ObjectInputStream$BlockDataInputStream readByte ()B 3 1 java/io/ObjectInputStream$BlockDataInputStream read ()I 4 58 java/io/ObjectInputStream$PeekInputStream read ()I 5 23 org/apache/spark/util/ByteBufferInputStream read ()I 6 1 org/apache/spark/util/ByteBufferInputStream buffer ()Ljava/nio/ByteBuffer; 6 8 org/apache/spark/util/ByteBufferInputStream buffer ()Ljava/nio/ByteBuffer; 6 11 java/nio/Buffer remaining ()I 6 25 org/apache/spark/util/ByteBufferInputStream buffer ()Ljava/nio/ByteBuffer; 6 28 java/nio/HeapByteBuffer get ()B 7 6 java/nio/Buffer nextGetIndex ()I 7 9 java/nio/HeapByteBuffer ix (I)I 2 49 java/io/ObjectInputStream$HandleTable size ()I 2 107 java/io/ObjectInputStream$HandleTable lookupObject (I)Ljava/lang/Object; 1 73 java/io/ObjectStreamClass checkInitialized ()V 1 53 java/io/ObjectInputStream readNull ()Ljava/lang/Object; 2 4 java/io/ObjectInputStream$BlockDataInputStream readByte ()B 3 1 java/io/ObjectInputStream$BlockDataInputStream read ()I 4 58 java/io/ObjectInputStream$PeekInputStream read ()I 5 23 org/apache/spark/util/ByteBufferInputStream read ()I 6 1 org/apache/spark/util/ByteBufferInputStream buffer ()Ljava/nio/ByteBuffer; 6 8 org/apache/spark/util/ByteBufferInputStream buffer ()Ljava/nio/ByteBuffer; 6 11 java/nio/Buffer remaining ()I 6 25 org/apache/spark/util/ByteBufferInputStream buffer ()Ljava/nio/ByteBuffer; 6 28 java/nio/HeapByteBuffer get ()B 7 6 java/nio/Buffer nextGetIndex ()I 7 9 java/nio/HeapByteBuffer ix (I)I
